"Sector(s):","Total Bilateral Aid To All Sectors","","Flow(s):","OOF","","Donor(s):","DAC Countries Total","","Flow Type(s):","Disbursement","","Amount:","Current Prices (USD millions)","",

"","Time Period","1960","1961","1962","1963","1964","1965","1966","1967","1968","1969","1970","1971","1972","1973","1974","1975","1976","1977","1978","1979","1980","1981","1982","1983","1984","1985","1986","1987","1988","1989","1990","1991","1992","1993","1994","1995","1996","1997","1998","1999","2000","2001","2002","2003","2004","2005","2006","2007","2008","2009","2010","2011","2012","2013",
"Recipient(s)",
"All Recipients","","..","..","..","..","..","..","125.39","297.91","739.24","571.61","1121.66","1264.3","1578.99","2477.84","1539.1","1907.7","2204.12","2058.1","3561","2450.45","4359.44","3908.29","5211.08","3649.78","5426","3423.83","2416.37","3576.16","5983.51","6157.76","8200.98","6722.72","9109.1","8021.43","10652.27","10636.88","5664.13","6372.68","12857.44","15222.83","-5088.16","-1872.47","119.31","-420.15","-5418.32","1985.73","-9821.91","-5490.76","-56.54","10147.52","5877.73","8602.74","9798.5","7026.94"
"All Developing Countries","","..","..","..","..","..","..","125.39","297.91","749.1","586.68","845.26","992.51","1193.06","2087.77","1554.93","1828.62","2076.98","1931.44","3404.32","2694.21","4465.94","3769.16","5236.65","3543.53","5269.4","3512.05","2563.72","3719.33","6158.78","5202.31","7958.65","6678.07","7909.09","7378.24","8809.13","9849.15","6191.6","6321.28","10942.64","14318.92","-4994.98","-997.6","2631.21","-804.15","-5052.12","2982.9","-9527.54","-5956.93","-644.26","8050.36","5392.95","8929.93","10735.33","7011.55"
"All Multilateral Recipients","","..","..","..","..","..","..","..","..","-9.86","-15.07","276.4","271.79","385.93","390.07","-15.83","79.08","127.14","126.66","156.68","-243.76","-106.5","139.13","-25.57","106.25","156.6","-88.22","-147.35","-143.17","-175.27","955.45","242.33","44.65","1200.01","643.19","1843.14","787.73","-527.47","51.4","1914.8","903.91","-93.18","-874.87","-2511.9","384","-366.2","-997.17","-294.37","466.17","587.72","2097.16","484.78","-327.19","-936.82","15.39"
"Afghanistan","","..","..","..","..","..","..","-1.88","-1.95","-3.04","-2.04","-9.02","-0.85","-2","-2.98","-3","-3","-2","..","..","21.43","1.79","-0.14","-0.14","-0.14","-1.21","-22.74","..","..","..","..","..","..","..","..","..","..","..","..","..","..","..","..","..","0.65","1.45","12.93","12.56","-15.23","9.12","29.07","67.01","57.76","42.11","11.16"
"Albania","","..","..","..","..","..","..","..","..","..","..","..","..","..","..","..","..","..","..","..","..","..","..","..","..","..","..","..","..","..","..","..","0.15","5.05","2.68","1.08","3.44","18.4","-0.82","-0.56","-1.09","-1.07","0.17","-0.44","-0.11","-0.25","10.34","1.76","13.18","-0.83","5.36","-0.5","4.89","-0.16","5.5"
"Angola","","..","..","..","..","..","..","..","0","2.18","8.68","1.14","-1.63","-1.01","0.11","-1","..","-1","-0.93","-0.89","-1","6.35","40","66.24","-4.16","-12.04","42.89","27.19","38.73","-6.89","-4.37","76.23","-5.03","-57.35","6.17","365.19","73.13","4.11","-58.87","-56.39","-57.46","-23.29","-10.03","49.65","-8.28","-744.11","-6.3","-11.44","-14.15","121.02","-13.64","55.05","24.25","98.33","47.7"
"Anguilla","","..","..","..","..","..","..","..","..","..","..","..","..","..","..","..","..","..","..","..","..","..","..","..","..","..","..","..","-0.95","..","-1.14","..","..","..","2.27","..","..","0.5","-1.16","-1.79","-0.02","..","..","4.98","..","..","..","..","..","..","..","..","..","..",".."
"Antigua & Barbuda","","..","..","..","..","..","..","..","..","..","..","..","..","..","..","..","..","..","..","..","..","..","..","..","1","..","13.25","17.73","2.92","2.65","0.1","-7.28","-3.51","-4.07","-3.89","-2.85","-3.1","-7.43","-1.91","..","..","..","-1.19","-2.18","-0.5","-1.19","-0.59","-1.2","-7.47","-2.29","..","-8.3","17.8","-0.49","-0.72"
"Argentina","","..","..","..","..","..","..","-37.83","-19.75","-48.5","-31.51","-2.82","34.19","31.22","29.25","69.25","-20.3","36.72","22.77","39.83","-7.58","52.38","109.21","119.63","100.51","100.5","194.75","589.24","498.1","376.22","248.42","411.89","329.74","473.13","929.35","545.01","719.74","-198.36","-680.09","-394.81","-704.92","-553.4","-449.82","-162.25","-137.64","114.72","-106.31","-120.04","-206.24","103.89","-195.44","-62.54","-35.09","-48.41","-42.03"
"Armenia","","..","..","..","..","..","..","..","..","..","..","..","..","..","..","..","..","..","..","..","..","..","..","..","..","..","..","..","..","..","..","..","..","0","0.01","..","..","..","0.05","0.19","0.79","2.52","4","8","..","1.1","..","-1.52","11.26","21.15","24.05","19.87","-4.07","-9.03","2.94"
"Aruba","","..","..","..","..","..","..","..","..","..","..","..","..","..","..","..","..","..","..","..","..","..","..","..","..","..","..","-0.22","..","..","0.01","-0.01","..","..","..","0.01","4","2","-1.66","-2.79","-0.87","..","..","..","..","..","..","..","..","..","..","..","..","..",".."
"Azerbaijan","","..","..","..","..","..","..","..","..","..","..","..","..","..","..","..","..","..","..","..","..","..","..","..","..","..","..","..","..","..","..","..","..","0","..","..","..","..","84.6","32.4","77.43","42.37","8.6","89.84","1121.92","275.64","71.61","-100.53","-510.82","-576.76","-79.31","-25.07","34.02","34.32","-7.16"
"Bahamas","","..","..","..","..","..","..","..","5.79","22.2","4.18","4.08","4.71","8.65","39.56","0.74","20.14","6.49","-21.62","-0.21","-3.65","-2.79","2.53","-1.32","-0.12","27.61","91.9","86.21","-0.13","-2.15","-2.07","-0.55","47.04","-5.94","-3.7","-4","-4.6","..","..","..","..","..","..","..","..","..","..","..","..","..","..","..","..","..",".."
"Bahrain","","..","..","..","..","..","..","..","..","0.48","..","..","..","..","..","0.13","..","..","..","..","..","0.04","-0.04","..","-0.26","-0.12","..","..","0.01","..","-3.67","-0.81","4.41","-12.24","-2.55","0.79","-1.78","-0.22","3.97","52.11","-0.24","-0.23","-1.75","..","23.91","..","..","..","..","..","..","..","..","..",".."
"Bangladesh","","..","..","..","..","..","..","..","..","..","..","..","..","..","..","..","0.45","4.56","0.29","-1.8","0.18","2.19","1.05","-0.12","2.92","12.73","-6.24","-5.8","-1.28","1.55","17.06","21.86","8.15","45.81","73.14","23.09","-3.31","-8.97","-37.13","-14.36","-3.39","-5.31","-25.99","-18.33","-20.88","-35.51","-12.81","5.42","81.52","2.14","-34.68","-41.64","-52.26","-60.72","-20.77"
"Barbados","","..","..","..","..","..","..","..","..","..","..","..","..","..","1.23","2.66","4.53","3.14","-0.69","-1.46","-0.18","3.18","7.53","8.85","5.01","-0.19","-3.82","-0.66","-6.21","16.38","-2.74","10.68","7.25","3.54","-7.83","-7.28","-2.96","7.93","5.26","-6.21","3.02","3.11","-0.13","-0.83","4.9","0.19","5.84","63.6","15.82","12.16","-17.51","-1.1","..","..",".."
"Belarus","","..","..","..","..","..","..","..","..","..","..","..","..","..","..","..","..","..","..","..","..","..","..","..","..","..","..","..","..","..","..","..","..","..","..","..","..","..","..","..","..","..","..","..","..","..","0.23","0.47","0.02","0.89","0.44","12.93","22.99","-0.38","-7.02"
"Belize","","..","..","..","..","..","..","..","..","..","-0.16","..","..","..","..","..","..","..","..","..","..","0.12","1.55","..","5.17","0.82","1.87","-0.19","-1.26","-0.76","2.12","4.08","6.04","7.35","4.97","-3.21","-2","-1.12","-4.29","-6.35","-4.81","3.5","-11.64","-11.8","..","-0.01","-0.1","10.56","-1.76","-1.76","-1.76","-1.76","-1.76","-1.76","1.1"
"Benin","","..","..","..","..","..","..","..","3.54","0.33","-0.05","0.3","-0.3","-0.13","-0.26","0.05","..","-0.06","0.02","0.01","-0.07","0.06","1.42","-0.78","-1.19","2.14","2.38","0.09","0.66","77.71","48.71","26.2","1.38","8.93","19.94","0.07","2.93","-2.93","-3.06","-1.36","-1.68","-10.96","-0.43","-2.25","-2.24","-6.7","-0.33","-0.65","-0.92","7.16","0.75","-3.32","-2.05","-0.96","4.33"
"Bermuda","","..","..","..","..","..","..","..","..","6.21","-0.01","-0.48","-1.84","14.85","43.42","-1","2.87","7.1","14.26","18.29","3.32","1.3","-5.78","27.1","45","-10.18","-41.41","-27.81","-22.59","-49.44","10.74","8.81","13.57","-1.98","19.22","-1","29.5","10.39","..","..","..","..","..","..","..","..","..","..","..","..","..","..","..","..",".."
"Bhutan","","..","..","..","..","..","..","..","..","..","..","..","..","..","..","..","..","..","..","..","..","..","..","..","..","..","..","..","..","..","..","..","..","0.57","..","..","..","..","-0.09","-0.09","-0.09","-0.09","-0.09","13.75","9.51","6.25","4.41","..","-0.17","..","-0.15","-2.76","-1.45","-0.24","-2.77"
"Bolivia","","..","..","..","..","..","..","-0.01","-0.31","7.43","3.81","2.82","-0.13","1.18","-3.51","-2.26","-2.21","9.84","4.03","16.84","4.04","-10.15","-6.48","-2.39","-5.38","-0.87","1.18","2.85","129.52","2.54","67.78","10.36","47.54","32.6","5.05","-4.53","-18.76","7.71","-84.69","18.88","-2.47","-25.42","-54.41","0.23","-32.19","-6.76","-30.06","5.46","46.07","103.1","-29.22","128.04","-87.64","-52.86","-49.18"
"Bosnia-Herzegovina","","..","..","..","..","..","..","..","..","..","..","..","..","..","..","..","..","..","..","..","..","..","..","..","..","..","..","..","..","..","..","..","..","..","..","..","0.05","..","..","0.2","62.37","18.47","-1.66","8.21","-4.35","-4.9","-0.69","-0.13","15.13","19.17","-3.55","-8.44","-6.65","-15.1","-4.15"
"Botswana","","..","..","..","..","..","..","..","..","..","..","..","..","42.82","34.35","0.98","0.01","..","-10.01","-28.11","-9.35","0.42","3.69","-0.85","6.33","40.55","16.28","59.82","20.15","-17.49","-48.08","4.6","4.38","6.07","17.62","10.15","18.45","16.01","17.44","15.55","21.9","23.05","-0.08","..","..","0.01","2.01","..","-0.13","-9.51","..","..","..","..","0.01"
"Brazil","","..","..","..","..","..","..","-71.22","-67","-44.42","-37.16","-23.88","12.49","77.6","166.8","265.87","215.48","212.22","125.74","167.34","170.51","184.95","147.44","105.05","219.17","556.15","1385.1","443.72","1492.61","156.62","652.61","715.7","795.29","1561.74","650.9","-214.25","-32.98","-975.99","-52.51","187.17","630.88","430.86","756.55","262.39","610.17","-1125.64","-425.9","-509.04","-266.58","-179.59","1090.09","-156.72","1339.22","964.11","445.26"
"Brunei","","..","..","..","..","..","..","..","..","..","-0.78","..","6.08","3","4","..","..","-20","..","..","..","..","..","..","..","..","..","..","..","..","..","-8.39","..","..","214.4","..","..","..","..","..","..","..","..","..","..","..","..","..","..","..","..","..","..","..",".."
"Burkina Faso","","..","..","..","..","..","..","..","..","0.01","-0.01","..","..","..","..","..","..","0.36","0.92","-0.09","-0.1","11.61","..","7.6","9.12","0.48","-0.18","0.15","-0.9","-1.67","-0.93","1.29","1.77","0.42","-3.64","-0.23","0.14","-6.88","1.88","2.47","-1.72","-3.51","-1.43","-7.24","-5.81","-0.24","-0.25","-0.25","-0.28","-0.29","-0.28","..","..","0.44","2.66"
"Burundi","","..","..","..","..","..","..","..","..","..","..","..","..","..","..","..","0.09","..","..","..","-0.1","-0.1","..","..","-0.05","0.39","0.49","0.15","0.37","..","0.14","0.95","0.04","0.03","0.02","0.04","0.23","-0.37","..","..","..","..","..","..","..","..","..","..","..","..","..","..","..","-0.09","0.19"
"Cambodia","","..","..","..","..","..","..","..","..","..","..","1.3","1.21","..","..","0.3","0.07","0.15","0.06","0.02","..","..","..","..","..","..","..","..","..","..","..","..","..","7.11","3.6","17.7","2.99","6.64","-0.64","8.88","0.06","-0.4","0.25","4","-0.02","1.29","2.33","-0.1","-5.37","12.68","-7.65","3.77","13.59","18.97","69.7"
"Cameroon","","..","..","..","..","..","..","..","0.25","2.86","0.96","4.72","5.38","15.13","2.21","-0.88","13.96","8.35","21.63","28.5","58.25","70.53","100.99","33.59","0.73","19.86","17.98","-8.78","38.2","44.62","98.97","75.06","87.27","207.93","159.08","184.78","235.19","200.79","-10.8","227.05","67.82","9.38","-86.54","223.66","-453.14","-230.85","-35.49","-884.51","-1187.8","-5.2","10.38","10.97","-40.56","-4.21","-53.46"
"Cape Verde","","..","..","..","..","..","..","..","..","..","..","..","..","..","..","..","..","..","..","..","..","..","..","..","..","0.02","0.04","1.13","1.56","..","0.09","-0.23","-0.47","-1.36","-0.69","-0.33","0.4","0.59","0.46","..","-0.08","-0.14","-0.1","-0.14","-0.32","-0.09","..","..","..","..","..","2.68","16.81","0.27","2.43"
"Cayman Islands","","..","..","..","..","..","..","..","..","..","..","..","..","..","..","11.16","1.88","-1.1","0.08","-7","-2","-1","3","-0.03","2.97","14.03","-5.35","-1.58","-3.03","1.5","1.4","2.42","6.23","-0.38","165.46","78.63","0.74","19.55","..","..","..","..","..","..","..","..","..","..","..","..","..","..","..","..",".."
"Central African Rep.","","..","..","..","..","..","..","..","..","..","..","..","..","1","1","..","1","-0.9","-0.25","-0.05","..","..","..","3.04","7.54","0.74","4.56","0.62","1.2","0.4","-0.48","3.88","1.88","-2.69","-0.11","-3.77","2.19","-5.61","0.75","-0.42","-0.11","-1.33","-0.21","-0.37","-0.1","..","..","0.77","-0.33","-0.68","-1.26","-20.93","-0.92","..",".."
"Chad","","..","..","..","..","..","..","..","..","0.02","0.88","-0.09","0.1","0.74","-0.15","..","..","1.3","-0.08","-0.11","-0.12","0.73","0.13","..","-0.09","0.3","-0.06","..","-0.23","-0.24","-0.46","-0.11","-0.61","-0.71","-0.03","-0.02","2.19","-2.9","1.76","-0.47","-0.69","-0.93","-0.27","-1.42","-7.71","-0.39","-0.19","-0.01","9.97","3.71","-3.62","-3.45","-3.63","-2.25","-0.41"
"Chile","","..","..","..","..","..","..","11.21","-2.82","84.05","33.42","3.35","-31.19","0.38","36.72","207.17","36.58","-87.12","19.5","-41.22","-140.52","-59.92","-73.3","-32.17","-40.36","-19.35","-20.21","98.55","78.21","282.55","92.1","207.85","56.15","-62.35","-130.98","4.77","-98.17","-78.46","3.04","348.05","-107.48","-175.62","178.58","-87.95","-101.92","-484.52","50.66","33.49","-100.09","263.56","849.73","770.05","431.34","6141.7","549.75"
"China","","..","..","..","..","..","..","..","..","..","..","..","..","..","..","..","..","..","..","..","..","449.47","1.91","27.33","138.51","210.02","91.07","208.08","-878.56","424.53","763.29","835.94","230.2","395.84","656.95","868.08","1943.02","1479.16","1100.39","377.92","-999.86","-2190.24","-238.48","-1110.96","-833.44","-284.18","-962.02","-352.52","-626.8","-198.39","-1192.76","1044.3","301.49","-65.06","384.4"
"Colombia","","..","..","..","..","..","..","-18.8","0.91","1.31","12.31","12.29","9.48","0.95","-2.86","-10.1","-0.05","1.94","-2.73","14.95","8.41","101.04","44.74","130.83","257.98","202.32","199.71","189.5","56.28","28.53","-72","-93.16","-70.86","-248.4","-264.08","-128.62","131.28","268.07","123.78","179.81","-90.91","-276.88","-158.06","-69.31","-93.52","-150.11","-119.63","-96.66","-50.01","-90.64","-38.49","13.47","17.77","2621.04","799.91"
"Comoros","","..","..","..","..","..","..","..","..","..","..","..","..","..","..","0.2","..","0.16","-0.01","-0.04","-0.25","-0.05","..","..","..","..","..","..","..","..","..","0.07","-0.74","-0.12","-0.4","-0.13","-0.13","-0.27","-0.01","0.96","1.27","-0.03","..","-0.55","..","-0.19","..","..","..","..","-1.04","2.31","-0.84","-0.24","-5.25"
"Democratic Republic of the Congo","","..","..","..","..","..","..","0.28","..","..","6.85","12.6","17.89","20.26","77.82","75.01","144.51","51.53","124.77","161.26","33.36","377.73","280.82","96.56","46.25","626.71","67.64","174.42","203.92","229.83","108.83","380.6","24.43","6.45","-4.14","10.13","-5.07","-4.79","55.37","-15.9","..","..","..","..","1282.35","-15.03","60.2","-674.39","-20.34","..","-0.98","-122.65","-1977.73","-521.01","-10.34"
"Congo","","..","..","..","..","..","..","0.46","5.64","0.23","1.69","7.4","17.66","16.92","5.74","-20.13","23.83","29.71","24.13","7.73","26.11","-14.16","-10.6","26.32","1.14","5.54","18.44","170.25","157.81","47.81","18.62","13.21","196.97","-3.86","6.55","50.77","287.15","4.38","29.69","-8.08","-2.65","-12.38","-9.97","-27.18","365.02","-4.19","458.73","-100.99","-91.55","-199.32","-100.41","-965.65","-47.08","-0.34","-2.63"
"Cook Islands","","..","..","..","..","..","..","..","..","..","..","..","..","2.7","2.8","..","..","..","..","..","..","0.76","1.22","1.2","1.27","..","1.11","1.02","..","..","0.23","-0.76","7.19","24.7","-24.67","-36.66","..","-0.89","-0.58","-0.38","-0.16","-0.16","-0.16","-0.16","..","-0.34","-0.34","-8.18","-0.37","-0.14","-0.57","-0.36","-0.38","-0.11","-0.29"
"Costa Rica","","..","..","..","..","..","..","-0.39","0.85","0.29","1.16","-2.84","-1.78","-0.9","0.21","1.3","2.91","3","-2","1.03","7.81","1.57","7.59","4.33","5.57","9.87","14.48","29.92","4.54","-4.04","0.38","21.06","11.16","8.08","5.64","13.96","-28.19","-5.55","-8.69","-3.44","16.87","-26.93","-7.04","-0.41","-7.68","-2.07","7.13","4.34","-5.93","14.33","14.4","-13.11","35.41","27.56","-4.58"
"Cote d'Ivoire","","..","..","..","..","..","..","2.48","2.48","1.51","2.77","14.51","12.85","16.49","55.15","-1.33","9.74","23.26","78.74","42.66","26.76","70.72","31.55","32.81","63.14","156.5","98.24","102.07","73.74","104.32","38.51","134.24","99.53","190.27","9.47","187.29","31.56","50.31","51.01","-15.89","102.69","17.83","11.06","330.91","-65.42","-36.29","-10.04","-9.5","-11.82","-5.13","-290.18","-58.88","-21.68","-1438.98","-220.86"
"Croatia","","..","..","..","..","..","..","..","..","..","..","..","..","..","..","..","..","..","..","..","..","..","..","..","..","..","..","..","..","..","..","..","..","..","..","38.12","-1.19","-29.87","75.72","-27.28","-20.93","-18.11","-7.22","-19.59","41.45","-24.94","-11.69","-20.09","-34.31","-28.19","20.35","22.64","..","..",".."
"Cuba","","..","..","..","..","..","..","..","..","0.62","0.33","0.95","15.04","0.88","-2","0.28","7.38","40.25","15.52","5.93","7.68","-5.28","3.38","-0.6","36.46","55.07","18.72","13.67","21.62","-1.04","-2.95","8.3","56.5","17.29","-12.02","-20.89","-7.06","..","-5.25","3.23","18.89","3.52","-36.69","-24.04","3.87","3.46","20.63","-1.93","12.04","-8.58","-1.14","..","1.51","-3.15","-2.92"
"Cyprus","","..","..","..","..","..","..","..","0.03","..","..","3.49","0.01","-1.38","-0.92","..","..","3","3","5","2.32","-3.96","-2.05","-2.48","0.83","7.78","0.95","-3.1","-3.42","-3.35","16.21","3.05","-2.36","-2.52","2.53","-0.92","0.18","..","..","..","..","..","..","..","..","..","..","..","..","..","..","..","..","..",".."
"Djibouti","","..","..","..","..","..","..","..","..","..","..","..","..","..","..","..","..","1.9","-0.6","-0.1","-0.1","-0.25","..","..","-0.21","-0.13","-0.04","..","..","..","..","-0.05","..","0.02","0.06","0.14","0.17","-2.21","-0.07","-0.04","-0.03","-0.01","..","..","0.93","..","..","6.2","..","..","35.27","12.82","1.27","-3.57","-6.02"
"Dominica","","..","..","..","..","..","..","..","..","..","..","..","..","..","..","..","..","0.31","..","..","..","..","..","..","..","-0.04","0.01","-0.09","1.76","-0.18","-0.22","-0.37","-0.3","-7.09","-0.22","-0.02","-1.18","-0.25","-4.41","-0.77","-0.15","-0.14","-0.02","16.84","-0.22","-0.09","..","..","..","..","..","..","..","..",".."
"Dominican Republic","","..","..","..","..","..","..","3.02","3.05","3.54","4","3.58","5.82","22.27","10","9.53","23.64","15.3","-7.89","-28.07","30","-3.54","-3.6","-7.6","-4.5","8.35","11.58","199.88","4.46","1.84","2.01","1.38","1.93","17.88","235.83","-16.76","-12.1","-14.47","-11.92","-4.65","-8.11","-36.26","-82.06","-22.74","-50.12","-16.31","40.52","30.17","-57.74","-31.1","-16.56","499.63","162.42","-109.61","97.82"
"East African Community","","..","..","..","..","..","..","..","..","..","..","..","..","..","..","..","-0.01","..","..","..","..","..","..","..","..","..","..","..","..","..","..","..","..","..","..","..","..","..","..","..","..","..","..","..","..","..","..","..","..","..","..","..","..","..",".."
"Ecuador","","..","..","..","..","..","..","-0.89","4.46","3.92","6.22","-1.78","-0.55","4.36","-3.51","-0.92","9.99","13.24","-2.27","2.62","4.05","32.41","4.31","1.85","5.55","66.19","28.75","175.57","22.97","42.96","250.98","112.66","-15.67","54.59","-29.51","-52.38","85.32","-7.01","-31.32","-16.76","-47.04","-28.41","-32.29","160.54","-36.96","-20.22","-68.67","-6.89","-11.92","4.58","-6.29","-18.8","-5.46","13.89","-19.73"
"Egypt","","..","..","..","..","..","..","-1.41","-1.59","-2.37","-7.52","-2.88","91.78","-9.16","52.45","23.99","-15.26","-18.14","-5.39","-7.17","44.74","9.82","32.43","220.49","90.52","69.94","89.02","-74.17","38.31","2420.57","137.21","-1233.96","181.78","-946.73","890.79","655.78","775.73","719.61","564.43","243.87","229.54","219.97","246.55","166.06","170.19","183.84","131.63","125.26","-77.5","22.33","18.97","59.35","34.59","-10.25","-32.49"
"El Salvador","","..","..","..","..","..","..","-1.29","-0.82","-0.33","-0.6","-0.54","0.62","1.74","-0.25","-1","-2","1.75","3","2","0.96","-0.15","0.2","-0.25","-1.91","-2","-2.07","-1","..","-1","0.01","-0.93","0.08","0.07","0.06","0.05","0.05","2.41","0.83","-1.93","14.17","-13.46","14.91","-13.21","23.72","-14.86","-14.55","-1.78","7.03","-15.56","23.04","-13.95","-23.61","-15.19","2.64"
"Equatorial Guinea","","..","..","..","..","..","..","..","..","..","..","..","..","..","..","..","..","..","..","..","..","..","..","..","..","..","..","4.8","..","..","4.05","..","..","..","..","0.06","1.76","4.02","0.77","-0.1","-0.81","-0.67","-0.65","-0.68","-0.68","-0.87","15.89","190.6","26.11","..","-7.25","-35.54","23.24","-14.5","-14.48"
"Eritrea","","..","..","..","..","..","..","..","..","..","..","..","..","..","..","..","..","..","..","..","..","..","..","..","..","..","..","..","..","..","..","..","..","..","..","..","..","..","..","..","..","0.03","0.01","0.02","..","..","..","..","..","..","..","..","..","..",".."
"Ethiopia","","..","..","..","..","..","..","4.51","-1.53","3.58","1.6","1.71","1.02","2.13","-2.06","-8.35","-1.27","-1.22","-1.48","-1.96","10.83","-0.65","11.14","-0.54","0.98","6.86","24.01","6.81","-4.68","-5.77","-6.47","-2.29","3.99","3.73","26.14","-11.99","5.45","0.37","0.73","16.99","2.65","-0.96","-1.15","-13.31","18.07","-80.8","-69.28","-8.38","-0.06","3.48","1.23","148.82","-0.93","82.73","-16.84"
"Falkland Islands","","..","..","..","..","..","..","..","..","0.1","..","..","..","..","..","..","..","..","..","..","..","..","..","..","..","..","..","-0.26","..","..","..","..","..","..","..","..","..","..","..","..","..","..","..","..","..","..","..","..","..","..","..","..","..","..",".."
"Fiji","","..","..","..","..","..","..","..","..","..","-0.06","..","-0.05","..","0.32","2.42","-0.02","2.3","0.8","-0.33","8.27","7.77","30.92","9.17","-0.96","-2.1","-2.99","1.71","-7","-6.65","-2.87","-0.42","-8.28","-5.51","-2.31","-5.05","3.55","0.51","..","-1.68","-2.38","-0.05","0.03","0.44","-0.41","1.46","2.15","2.18","1.92","1.67","3.07","4.95","6.62","9.53","2.95"
"Former Yugoslav Republic of Macedonia (FYROM)","","..","..","..","..","..","..","..","..","..","..","..","..","..","..","..","..","..","..","..","..","..","..","..","..","..","..","..","..","..","..","..","..","..","..","-4","..","-3.63","54.36","-10.27","-7.14","-5.89","-12.59","-17.6","-16.15","-20.75","-17.32","-11.67","-4.96","0.01","-2.3","-2.19","-2.3","-2.06","-2.06"
"French Polynesia","","..","..","..","..","..","..","..","..","..","..","..","..","..","2.3","5.9","7.83","8.7","8.7","7.9","11.6","-3.9","10.97","4","13.55","3.42","42.06","15.79","42.28","72.58","65.87","44.67","56.78","66.09","48.4","43.41","-16.08","33.37","-33.63","-43.59","-0.99","..","..","..","..","..","..","..","..","..","..","..","..","..",".."
"Gabon","","..","..","..","..","..","..","..","..","..","-3.8","-6.4","-1.63","0.79","0.94","7.1","-27.47","-43.9","7.17","-18.58","-44.07","-69.64","12.29","12.71","-0.69","6.18","14.86","22.23","265.67","295.2","152.38","129.73","40.99","84.13","40.52","335.84","99.65","72.74","166.6","-14.85","-69.87","-23.23","-22.38","10.13","-6.48","-20.95","28.13","-73.54","-70.02","-190.71","-87.18","-28.41","-51.81","-25.68","47.8"
"Gambia","","..","..","..","..","..","..","..","..","..","..","..","..","..","..","..","0.07","..","1.05","..","1.01","1.96","-0.02","-0.12","0.07","0.79","0.16","5.25","1.47","1.32","-0.01","8.51","-1.59","0.11","0.86","-0.38","-0.43","-0.28","3.25","-1.04","..","..","..","..","8.59","..","..","..","0.92","..","..","-0.01","..","-0.01","-0.07"
"Georgia","","..","..","..","..","..","..","..","..","..","..","..","..","..","..","..","..","..","..","..","..","..","..","..","..","..","..","..","..","..","..","..","..","0","0.28","..","..","..","11.86","5.06","2.3","2.49","2.29","15.12","4.48","7.31","0.99","-3.89","-84.03","26.05","13.44","-7.11","124.86","9.06","25.12"
"Ghana","","..","..","..","..","..","..","20.86","22.73","19.46","8.22","-22.62","-2.77","-8.2","-8","-2.64","-57.98","1","2.07","-1.49","-0.6","-2.18","-5.37","-7.6","-2.23","-1.98","-0.24","7.65","2.95","5.38","3.32","26.43","10.4","22.22","-0.75","-1.6","10.69","30.32","183.8","9.2","-28.22","8.58","12.01","4.82","26.95","-140.36","-14.07","55.63","43.83","37.46","15.97","26.98","151.2","88.85","147.4"
"Gibraltar","","..","..","..","..","..","..","..","..","..","..","..","..","..","..","..","..","..","..","..","..","..","..","..","..","..","..","..","..","..","..","-1.32","-1.3","-1.67","-1.52","-3.86","..","..","..","..","..","..","..","..","..","..","..","..","..","..","..","..","..","..",".."
"Grenada","","..","..","..","..","..","..","..","..","..","..","..","..","..","..","..","..","..","..","..","..","..","..","-0.35","..","1","..","-0.15","2.9","1.4","0.77","-1.1","-0.76","-0.79","-0.74","-1","-0.61","-0.74","-0.16","-1.21","..","-0.17","0.12","-0.06","0.38","-0.02","..","6.93","1.59","1.5","-0.05","-4.58","-2.96","0.01","0.01"
"Guatemala","","..","..","..","..","..","..","0.11","2.88","3.85","..","-1","-2.14","1.76","-0.97","-2","-2","13.98","17.51","9.7","-3.4","43.4","1.14","3.2","10.16","-3.19","-2.57","1.43","-23.72","-9.82","-2.25","6.22","2.15","-0.31","1","22.75","11.61","-2.86","11.22","8.44","9.49","6.68","-11.36","-40.96","-12.27","-15.2","-5.49","-4.55","-20.06","-1.93","-1.25","21.73","-4.88","-4.07","-2.97"
"Guinea","","..","..","..","..","..","..","0.23","0.22","-0.34","-0.42","2.35","1.1","3.04","25.33","-0.82","3.23","1.31","7.43","-4.82","-4.21","-6.58","1.69","-1.65","-2.69","-4.68","3.35","9.19","16.54","13.93","-1.23","19.58","9.35","-58.32","20.65","-11.95","-2.27","2.21","-15.15","5.41","0.85","-1.37","-12.45","-1.04","-4.35","-1.43","-0.32","-0.68","-0.35","-30.92","-12.19","..","..","-19.25","-81.86"
"Guinea-Bissau","","..","..","..","..","..","..","..","..","..","..","..","..","..","..","..","..","..","..","..","-0.51","..","..","..","0.13","0.01","0.2","..","..","..","10.87","-0.01","-0.82","0.5","0.93","-32.07","..","29.01","0.72","0.31","..","0.12","..","3.24","-49.96","1.46","-0.1","-4.27","-0.45","-0.38","..","-0.59","-7.31","..","4.6"
"Guyana","","..","..","..","..","..","..","..","..","0.9","..","0.1","-0.02","1","1.23","2.99","14.71","4.49","3.62","2.43","3.36","-2.9","-0.14","-2.48","-5.34","-4.34","-2.55","-1.58","-0.89","0.18","2","72.01","-3.48","-4.97","-1.64","1.97","11.26","-1.24","-13.6","-2.24","-2.31","-0.7","-6.95","-0.78","-1.69","-7.97","..","..","..","..","..","..","0.01","0.01","0.01"
"Haiti","","..","..","..","..","..","..","-0.34","-0.25","-0.12","..","-1","-1","0","-0.13","-2","-1","-2","-1","-1","..","-1","-1","-0.92","-1.04","-1.03","-2","-0.01","-1.6","-1.15","-0.45","-0.14","-0.15","..","..","..","-6","4","4.02","-63.53","-1.18","-1.14","-1.13","-0.98","-1.02","-0.08","-0.06","22.42","-6.22","-0.34","-15.84","-37.2","29.71","-18.66","4.17"
"Honduras","","..","..","..","..","..","..","-0.12","0.26","-0.34","0.02","-0.26","1.83","1.8","1.89","4","..","1.5","1","..","-1","5.44","22.4","6.71","7.41","1.34","-3.28","-0.98","4.18","5.31","2.63","-0.67","19.46","21.02","34.07","0.39","25.44","26.03","-17.72","-13.15","11.38","19.52","-35.3","-6.75","-1.71","20.46","-82.86","-40.55","4.09","19.9","10.6","1","77.56","56.31","35.73"
"Hong Kong, China","","..","..","..","..","..","..","..","..","-1.35","62.37","49.61","93.89","60.16","159.43","13","21.28","7","-4","-3","-4.07","8.72","31.81","13.19","-7.48","-15.34","-15.53","-12.87","30.59","-7.36","-7.21","-6.79","0.25","-24.86","-33.21","1.04","-15.46","93.5","..","..","..","..","..","..","..","..","..","..","..","..","..","..","..","..",".."
"India","","..","..","..","..","..","..","23.16","3.21","-23.14","-30.83","-3.44","-6.84","-19.9","-55.27","-36.19","-32.63","-43.59","-47.34","-57.64","-37.57","42.82","-12.55","47.45","-14.06","8.75","93.95","184.52","-80.47","305.57","293.61","252.88","272.32","228.99","179.86","505.15","41.38","153.57","125.07","425.15","221.76","51.59","-221.83","-245.61","-384.68","-261.22","-166.71","495.27","625.13","391.91","515.63","442.59","700.56","972.4","620.96"
"Indonesia","","..","..","..","..","..","..","3.1","32.26","8.81","4.77","43.95","-17.49","71.61","40.45","54.59","71.99","224.62","117.03","137.96","-26.58","26.43","-77.69","47.13","233.74","356.42","-3.35","5.47","888.02","359.91","507.17","534.29","893.62","1646.52","819.86","326.21","858.94","510.52","1409.58","2947.52","1741.98","-57.41","-505.05","-1068.77","-31.17","-801.65","-1346.9","319.3","-1357.68","-1313.48","-815.81","411.31","-189.14","397.2","71.27"
"Iran","","..","..","..","..","..","..","7.53","13.06","97.98","61.67","46.32","128.23","141.01","25.14","-15.18","19.63","27.15","156.54","208.33","-199.3","155.89","-18.09","-153.64","-224.35","-56.94","-57.69","-9.12","-4.39","-26.6","-1.43","-133.9","-4.06","7.5","214.53","3774.06","129.6","-727.39","-709.86","-421.94","234.64","-756.79","564.1","978.99","1275.1","1635.91","831.36","229.23","-268.95","-44.84","-383.46","-754.99","-1432.61","-1681.87","-507.06"
"Jamaica","","..","..","..","..","..","..","0.75","4.17","1.15","..","11.72","11.07","2.17","27.63","16.91","17.76","-0.58","-3.29","-6.79","-3.98","8.3","-0.95","-5.13","2.59","76.02","43.61","5.22","6.58","69.62","73.1","55.39","51.88","-52.58","-11.78","41.8","-8.66","-16.04","-15.68","-4.96","-4.89","-19.86","-24.21","-23.53","9.59","-24.07","-5.78","-16.2","2.11","10.61","-44.49","8.97","66.6","6.09","-6.68"
"Jordan","","..","..","..","..","..","..","-0.09","-0.04","0.09","..","1.48","6.82","1.14","3.51","9.05","-4","-5","-2","-1","5","75","149.37","78.12","-23.89","-26.3","-19.75","-33.56","-46.9","-135.72","88.27","126.14","4.84","96.62","42.27","69.65","410.01","79.66","29.3","16.31","-15.9","-21.39","-29.84","38.15","166.31","-42.78","26.41","1.13","82.69","-298.36","129.34","125.7","49.74","13.36","237.94"
"Kazakstan","","..","..","..","..","..","..","..","..","..","..","..","..","..","..","..","..","..","..","..","..","..","..","..","..","..","..","..","..","..","..","..","..","0","2.57","84.64","158.7","101.16","-1.85","187.23","-61.15","-12.08","-11.08","67.22","53.06","90.41","172.72","272.16","706.9","248.14","-5.31","445.44","115.6","-26.37","465.72"
"Kenya","","..","..","..","..","..","..","..","..","-0.06","-0.13","7.51","10.94","2.21","4.77","5.14","1.23","-1.95","3.38","18.6","10.95","23.49","4.13","7.85","-6.69","5.62","0.28","57.09","1.05","-19.23","21.95","15.43","47.9","48.22","36.63","22.78","-16.4","-41.36","-48.58","-28.52","-27.95","-4.85","10.12","-5.4","-32.32","-2.79","16.6","19.72","1.59","53.42","94.81","-23.19","311.2","33.56","86.46"
"Kiribati","","..","..","..","..","..","..","..","..","0.02","..","..","..","..","..","..","..","..","..","..","..","..","..","..","..","..","..","..","..","..","..","..","..","..","..","..","..","..","..","..","..","..","..","0.09","..","0.22","0.24","0.53","0.41","0.47","0.38","0.84","0.9","0.84","0.6"
"Korea","","..","..","..","..","..","..","4.69","7.6","57.13","81.48","58.67","61.56","37.81","73.62","9.32","219.98","143.42","138.83","380.45","234.2","218.38","182.71","442.13","456.54","206.19","-4.94","-90.56","-1015.93","-181.97","-165.5","-162.86","-70.86","-176.42","-762.18","-140.74","-58.97","-35.86","-16.77","982.67","5179.23","..","..","..","..","..","..","..","..","..","..","..","..","..",".."
"Korea, Dem. Rep.","","..","..","..","..","..","..","..","..","..","..","..","..","..","..","..","..","..","..","..","..","..","..","..","..","..","-0.13","-0.18","1.4","-42.89","17.57","-0.88","1.53","-0.43","3.33","-0.13","3.5","..","-4.3","54.99","0.9","0.85","29.1","3.32","..","-12.27","0.62","-4.24","-0.56","1.72","3.65","1.2","41.11","2.26","3.39"
"Kosovo","","..","..","..","..","..","..","..","..","..","..","..","..","..","..","..","..","..","..","..","..","..","..","..","..","..","..","..","..","..","..","..","..","..","..","..","..","..","..","..","..","..","..","..","..","..","..","..","..","..","9.73","-0.84","-1.77","-6.61","0.02"
"Kyrgyz Republic","","..","..","..","..","..","..","..","..","..","..","..","..","..","..","..","..","..","..","..","..","..","..","..","..","..","..","..","..","..","..","..","..","0","..","..","..","..","..","..","..","..","-8.3","-15.45","2.02","0.02","-0.44","-0.44","-0.68","-0.68","-0.67","-0.39","-0.2","-0.42","-0.27"
"Laos","","..","..","..","..","..","..","..","..","-0.09","-0.05","-0.05","-0.01","-0.06","-0.07","..","..","..","..","..","..","..","..","..","..","..","..","..","..","..","..","..","..","..","..","..","0.1","0.1","-0.05","0.47","9.06","-0.53","-0.67","0.01","-1","-0.52","10.2","9.76","29.34","3.27","10.85","28.15","-2.35","33.96","-1.18"
"Lebanon","","..","..","..","..","..","..","0.02","-0.2","4.44","6.75","0.5","-4.26","-4.48","3.75","6.03","36","5.97","-17.77","-3.16","-2","-0.02","-0.06","-8.06","-8","-18.17","-0.49","1.01","23.78","-0.15","0.11","-13.61","..","..","2.25","..","2.16","40.91","36.14","9.24","-2.24","2.81","-4.9","-6.15","543.5","-6.5","-2.74","-46.99","-73.92","-95.8","-86.23","-55.25","-70.61","-32.77","-45.79"
"Lesotho","","..","..","..","..","..","..","..","..","..","..","..","..","..","..","..","..","..","..","1.11","0.75","0.54","2.29","0.84","0.14","0.94","2.59","2.97","-0.84","4.27","-1.66","-1.46","4.35","42.62","10.72","10.71","12.57","17.32","8.23","-4.87","-9.01","-8.17","-5.6","-4.98","-29.18","0.01","-0.5","..","..","..","..","..","..","..",".."
"Liberia","","..","..","..","..","..","..","20.21","12.94","-3.74","1.24","-9.74","-6.1","-35.52","-14.58","-20.75","13.62","47.1","-8.23","-19.67","-28.08","-21.21","-2.38","0.2","18.69","4.78","-0.57","-11.41","-5.12","37.04","-14.97","-12.53","11.8","-0.61","3.16","1.88","-3.08","..","2.62","32.4","-1.76","-1.86","..","..","..","367.62","..","..","1.67","-136.49","25.53","-74.22","1.76","-102.9","-59.68"
"Macao","","..","..","..","..","..","..","..","..","..","..","..","-0.05","..","..","..","..","..","..","..","..","..","..","..","..","..","..","2.67","..","..","..","..","..","..","..","..","..","..","..","..","..","..","..","..","..","..","..","..","..","..","..","..","..","..",".."
"Madagascar","","..","..","..","..","..","..","..","..","..","-0.05","-0.02","0.06","1.22","1","0.9","-0.72","-0.29","1.25","-0.4","-0.4","9.09","37.19","81.11","67.58","101.84","67.31","20.26","44.05","4.04","24.45","11.18","15.58","-3.38","-1.06","-0.22","4.79","-0.16","188.81","-79.16","3.76","1.44","-5.75","2.75","10.36","-39.54","-126.46","-6.77","-1.7","970.97","636.76","383.58","201.63","15.67","-71.89"
"Malawi","","..","..","..","..","..","..","..","..","..","..","..","..","0.13","0.84","..","0.29","1.32","0.74","10.93","16.29","13.28","3.32","2.92","3.6","3.62","0.1","-6.9","1.06","15.06","-11.01","-5.75","3.34","5.35","4.48","-0.51","-1","-3.65","3.3","4.32","2.78","-0.09","1.69","2.83","-0.45","4.62","0.06","-23.57","-0.18","-3.32","-0.39","-1.19","-1.22","-1.24","-1.21"
"Malaysia","","..","..","..","..","..","..","0.03","-0.01","23.88","17.78","1.23","4.69","25.46","11.12","-0.74","-3.9","10.04","26.17","-0.21","0.97","-4.59","10.67","-4.02","72.55","62.3","129.97","41.51","-2.86","-31.71","-180.91","-6.31","82.55","350.63","100.71","18.6","412.75","-219.65","51.01","210.23","496.06","-89.07","498.25","374.98","193.72","12.99","-423.8","-323","-564.58","-113.47","302.32","176.69","399.5","-350.13","-394.96"
"Maldives","","..","..","..","..","..","..","..","..","..","..","..","..","..","0.2","0.3","0.21","1.2","0.3","0.02","..","0.05","..","..","..","..","..","..","..","..","32.14","4.08","-0.61","-0.86","-0.42","-0.63","1.32","1.21","9.79","7.82","-2.13","-1.78","-1.95","-1.34","7.37","-1","-1.07","3.85","-3.95","-3.7","-2.54","3.32","3.21","-7.65","-4.98"
"Mali","","..","..","..","..","..","..","-0.03","-0.03","-0.03","-0.04","-0.03","-0.03","-0.03","-0.03","3.85","..","-0.02","-1.1","1.91","3.8","0.45","0.74","0.35","-0.47","-0.84","-0.1","-0.46","-0.61","2.78","0.48","1.91","4","1.79","3.19","2.25","21.26","16.4","4.15","-7.42","2.75","-6.91","-6.04","-3.75","-5.31","-8.42","-4.1","-5.06","-119.83","-0.27","..","1.32","10.06","-1.86","-6.28"
"Malta","","..","..","..","..","..","..","-0.08","-0.06","-0.05","-0.03","..","1","0.09","-1","0.41","-0.03","..","1.11","0.95","..","-0.55","0","..","16.06","-0.05","-0.14","-0.62","-0.74","-0.23","0.1","13.7","15.05","-3.01","-2.75","4.19","-5.05","..","-1.33","-1.46","-1.39","-0.56","-0.85","-35.25","..","..","..","..","..","..","..","..","..","..",".."
"Marshall Islands","","..","..","..","..","..","..","..","..","..","..","..","..","..","..","..","..","..","..","..","..","..","..","..","..","..","..","..","..","..","..","..","..","..","..","..","..","..","..","..","..","..","..","..","..","..","..","..","..","0.18","..","..","..","0.04","0.12"
"Mauritania","","..","..","..","..","..","..","..","..","..","..","..","..","..","..","1","..","2.7","-0.1","-0.13","-1.15","-0.2","9.54","1.9","1.74","0.1","8.37","1.71","9.94","1.08","1.61","0.75","2.45","-0.84","-5.64","-3.12","-8.99","1.23","1.24","-1.34","1.76","6.81","-0.69","-9.05","-53.02","..","..","3.68","6.87","18.91","-2.89","10.41","9.23","35.73","43.4"
"Mauritius","","..","..","..","..","..","..","..","..","..","..","..","..","..","0.06","..","0.81","..","..","-0.24","0.24","0.16","-0.16","-0.13","-1.19","3.61","-1.4","3.19","5.37","17.64","23.81","16.19","6.15","-5.62","1.31","-21.98","-1.18","25.74","-1.03","-11.24","-7.66","-20.73","-1.16","-2.27","-3.4","-2.94","-1.79","4.04","-0.68","-3.04","8.33","70.28","-0.02","-32.67","-11.31"
"Mayotte","","..","..","..","..","..","..","..","..","..","..","..","..","..","..","..","..","..","..","..","..","..","..","..","..","..","..","..","..","..","..","..","..","..","..","..","..","..","..","..","..","..","7.26","-2.75","-5.84","-10.86","-11.14","0.78","-12.12","-9.96","-9.21","2.01","..","..",".."
"Mexico","","..","..","..","..","..","..","25.32","28.33","71.56","4.94","17.49","-23.56","11.51","2.35","119.74","179.12","105.56","154.02","84.08","-35.19","171.19","410.18","1301.59","-434.1","238.81","37.66","-42.74","1209.6","214.6","222.99","2035.63","812.4","493.66","-156.47","-834.1","-990.94","-801.83","-780.5","-656.09","-1529.11","-710.71","138.43","-38.81","-29.53","-623.14","-209.28","137.6","-705.99","151.21","421.76","918.1","1138.82","306.7","424.78"
"Micronesia","","..","..","..","..","..","..","..","..","..","..","..","..","..","..","..","..","..","..","..","..","..","..","..","..","..","..","..","..","..","..","..","..","..","..","1","1","0.32","-0.06","-0.57","-0.04","-0.11","-0.02","0.16","..","0.48","0.26","0.22","0.3","0.63","0.44","0.77","0.52","0.64","0.14"
"Moldova","","..","..","..","..","..","..","..","..","..","..","..","..","..","..","..","..","..","..","..","..","..","..","..","..","..","..","..","..","..","..","..","..","..","..","..","..","..","0.17","4.63","-6.83","-2.41","-2.12","-2.07","-1.12","..","..","24.36","-6.19","-3.93","-2.26","5.92","-3.91","11.4","1.17"
"Mongolia","","..","..","..","..","..","..","..","..","..","..","..","..","..","..","..","..","..","..","..","..","..","..","..","..","..","..","..","..","..","..","..","..","30.63","8.5","-8.81","-12.42","-1.01","-0.83","-0.86","-0.83","..","0.09","1.31","-0.25","0.01","0.26","-7.06","0.14","1.2","-1.51","2.02","19.96","46.63","7.21"
"Montenegro","","..","..","..","..","..","..","..","..","..","..","..","..","..","..","..","..","..","..","..","..","..","..","..","..","..","..","..","..","..","..","..","..","..","..","..","..","..","..","..","..","..","..","..","..","..","..","3.96","..","43.06","30.8","3.08","-14.11","-22.71","-28.46"
"Montserrat","","..","..","..","..","..","..","..","..","..","..","..","..","..","..","..","..","..","..","..","..","..","..","..","..","..","..","..","..","..","..","..","..","..","..","..","..","..","..","..","..","..","..","..","..","..","..","..","..","..","..","..","..","..",".."
"Morocco","","..","..","..","..","..","..","2.05","3.27","7.16","1.17","24.24","26.34","-10.51","-18.19","-8.2","9.61","54.27","-0.65","-11.63","-11.8","26.01","22.38","16.08","63.04","537.94","328.32","368.77","94.26","231.97","214.47","164.52","240.85","-118.05","-204.41","-218.91","-163.59","-52.65","-210.6","-138.76","-73.58","-47.3","-74.88","235.29","-79.02","-65.81","-47.19","-50.3","-49.93","-0.62","-54.55","-10.04","-12.13","83.75","572.52"
"Mozambique","","..","..","..","..","..","..","0.37","-0.05","0.47","-0.03","1.5","-0.2","0.92","-0.48","..","..","58.27","-3.56","29.19","49.77","32.34","-3.6","-0.54","-6.05","-9.28","83.24","-21.36","-22.39","19.18","-89.78","3.33","23.62","9.64","9.11","7.32","-23.38","125.74","123.07","142.31","200.66","105.24","12.75","-186.98","-116.59","10.68","-21.1","6.47","-267.72","-27.33","-4.21","58.08","74.11","146.07","145.28"
"Myanmar (Burma)","","..","..","..","..","..","..","-0.49","-0.49","4.69","1.02","0.98","9","4.19","-0.74","-1.35","-1.37","-1.36","-0.39","-0.45","3.62","4.85","1.21","-1.77","-1.55","5.76","0.47","-2.1","-1.49","5.5","-66.59","23.57","24.8","28.57","22.62","13.51","5.08","2.11","72.35","58.26","51.95","20.17","-25.79","-31.94","-32.13","-35.84","-27.93","-58.82","-22.52","-79.52","-11.83","-1.66","-0.86","1.32","162.37"
"Namibia","","..","..","..","..","..","..","..","..","..","..","..","..","..","..","..","..","..","..","..","..","..","..","..","..","..","..","..","..","..","..","..","1.2","..","2.1","..","2.08","-1.03","-0.24","-1.6","-0.39","-0.47","-0.45","..","-0.16","-31.92","-3.13","-1.25","41.55","0.57","0.46","46.21","..","-44.38","-12.38"
"Nauru","","..","..","..","..","..","..","..","..","..","..","..","..","..","0.79","..","..","..","..","..","..","..","4","..","-4","..","..","..","..","..","..","..","..","..","..","..","..","..","..","..","..","..","..","..","..","0.05","0.21","0.69","0.46","0.21","0.41","0.52","0.41","0.55","0.23"
"Nepal","","..","..","..","..","..","..","..","..","..","-0.06","..","..","..","..","..","..","..","..","..","..","..","..","..","..","..","1","-0.14","0.1","0.59","0.89","0.02","-0.85","-1.47","3.03","1.98","0.69","0.81","9.93","1.48","1.59","2.74","-0.56","-1.22","-1.31","-1.44","-0.62","0.39","0.1","0.29","0.51","0.73","0.36","0.73","0.35"
"Netherlands Antilles","","..","..","..","..","..","..","..","..","4.27","-0.58","-0.62","0.03","-0.76","-2.74","0.56","-2.48","-1.67","-0.73","-1.19","-1.22","21.39","4.23","23.66","-1.56","-2","-3.78","-2.12","-19.36","-1.98","7.73","-10.9","1.15","-0.97","-5.04","-34.26","..","-4.09","-4.04","-2.4","-1.27","..","..","..","..","..","..","..","..","..","..","..","..","..",".."
"New Caledonia","","..","..","..","..","..","..","..","..","..","-0.26","-0.34","-0.35","-0.35","10.41","8.7","25.99","14.2","6.4","16","7.7","14.55","3.99","4.9","15.5","2.13","16.21","12.82","-13.58","66.17","14.9","24.03","81.61","125.69","93.45","41.2","98.69","-13.79","12.84","38.01","-2.84","..","..","..","..","..","..","..","..","..","..","..","..","..",".."
"Nicaragua","","..","..","..","..","..","..","-0.46","-0.02","-0.87","1.14","-0.12","-0.15","-1.36","1.61","..","1","1","6","2","-1","7","4.2","2.67","11.27","2.66","6.03","0.59","2.28","-0.39","-0.14","-1.83","..","50.91","2.47","0.05","165.12","541.91","16.67","31.28","19.73","-6.24","153.75","1.88","14.45","-256.91","-114.98","..","19.63","13.98","-1.88","-12.85","-0.28","55.7","-2.99"
"Niger","","..","..","..","..","..","..","..","..","0.02","-0.02","2.07","1.28","0.38","1.43","0.01","..","4.04","7.47","9.36","3.16","6.02","32.17","8.32","11.45","30.44","22.08","10.83","21.33","-5.76","10.67","6.72","7.99","22.28","-2.42","0.12","-71.31","-52.58","-38.85","-43.45","-12.85","-24.29","-38.11","-113.18","26.27","5.96","-5.82","-6.65","2.36","-3.84","-16.4","-7.02","-19.26","-6.73","-0.62"
"Nigeria","","..","..","..","..","..","..","5.88","2.86","6.05","4.92","2.47","4.56","-7.47","1.14","2.07","-0.27","-7.92","-6.77","-8.1","7.39","54","42.33","68.17","352.35","208.07","206.64","86.52","921.94","728.61","851.21","739.4","261.29","377.96","266.27","129.81","-125.27","-157.46","-147.8","-79.27","-102.51","-260.49","-277.36","3197.68","286.11","422.66","154.79","-6762.27","-480.02","-68.35","11.98","-16.29","318.62","9.8","118.26"
"Northern Marianas","","..","..","..","..","..","..","..","..","..","..","..","..","..","..","..","..","..","..","..","..","1.89","-0.38","-0.34","-0.3","-0.14","-0.12","149.78","..","..","..","..","..","..","-1.34","28.92","19.46","-1.56","-0.2","-2.5","..","..","..","..","..","..","..","..","..","..","..","..","..","..",".."
"Oman","","..","..","..","..","..","..","..","..","0.02","..","..","..","..","..","1","7.7","8.3","13.4","5.3","15.16","21.25","..","..","..","..","..","..","..","0.05","18.85","6.04","36.72","59.49","43.29","-33.66","-10.75","-4.57","-2.46","-16.8","-44.7","9.67","-4.26","-37.86","57.86","163.16","190.97","241.2","213.23","318.38","276.74","-23.95","..","..",".."
"Pakistan","","..","..","..","..","..","..","11.66","27.06","17.51","15.77","0.9","18.1","-23.31","-9.42","50.84","-45.2","18.82","9.47","-24.41","3.42","40.1","-25.73","-4.8","0.09","-10.61","18.99","-54.37","-16.63","-2.27","2.68","31.16","42.64","42.06","166.33","35.62","299.91","235.06","150.12","26.76","205.7","74.66","93.7","210","-190.36","-302.65","-22.42","-25.22","-9.4","-31.75","-6.99","-39.46","36.19","24.59","-29.24"
"Palau","","..","..","..","..","..","..","..","..","..","..","..","..","..","..","..","..","..","..","..","..","..","..","..","..","..","..","..","..","..","..","..","..","..","..","..","14","..","..","..","..","-1.46","-1.56","-1.67","-1.79","-1.91","-2.05","-2.11","..","0.12","..","..","..","0.06","0.23"
"Panama","","..","..","..","..","..","..","1.01","-0.68","-2.42","-3.49","0.09","-2.45","12","24.28","13.92","2.23","36.34","43.85","-17.6","-27.13","-31.92","-33.99","-21.52","36.01","-29.68","-11.24","-13.5","-1.65","3.53","25.74","-35.01","-0.01","77.94","-0.3","-28.79","-17.17","40.64","-11.72","-51.89","4105.2","-12.39","-29.37","-4.9","-3.03","-30.11","-3.09","-32.96","44.27","52.75","24.98","290.41","357.53","76.08","21.02"
"Papua New Guinea","","..","..","..","..","..","..","..","..","..","..","17.03","16.71","5","3","..","..","-11.33","-16.72","4.36","16.12","12.5","27.92","132.8","125.62","60.48","-14.79","-75.94","-12.54","0.48","25.31","-15.31","59.09","41.33","-20.81","-24.4","-1.34","-19.63","-0.02","25.46","-25.22","72.67","-1.57","17.82","38.32","-6.96","-3.63","-8.7","-6.31","24.66","325.16","749.25","1621.23","816.02","843.26"
"Paraguay","","..","..","..","..","..","..","-0.24","2.72","0.06","2.06","-0.06","1.89","3.01","-0.56","0.05","3.11","-1.34","-1.32","1.5","20.78","-1.83","17.96","1.79","23.96","5.17","-6.93","-4.32","4.37","-7.34","18.11","1.6","-7.48","-24.17","-5.61","-12.2","-20.09","-1.66","1.14","4.13","10.56","8.28","4.28","11.04","-19.35","-5.61","-3.89","-4.92","-5.16","-2.56","-2.47","-2.96","15.16","14.89","-0.63"
"Peru","","..","..","..","..","..","..","4.97","0.63","-3.64","12.32","11.83","5.71","32.15","-9.25","-29.61","45.96","51.9","92.07","61.15","154.24","-37.43","-46.76","-35.17","34.52","198.41","49.07","10.72","5.62","2.74","-3.33","-2.01","-1.43","1515.28","125.43","296.03","65.36","54.04","958.97","11.6","14.68","513.17","64.61","-147.93","-175","-257.14","-399.63","-638.67","-1036.97","12.19","334.05","431.77","279.42","-108.9","-236.52"
"Philippines","","..","..","..","..","..","..","12.93","15.31","42.41","51.84","87.08","47.01","16.74","16.86","1.11","-7.33","75.49","58.07","44.64","93.87","-31.29","-17.56","12.71","166.64","58.94","195.53","86.97","192.84","393.33","330.43","411.65","370.05","445.49","386.99","1.53","-169.53","12.39","524.16","773.29","968.39","-20.33","-74.38","-223.3","-531.36","-655.79","-574.57","-775.58","1292.67","-452.96","-376.41","-391.97","122.67","134.02","15.36"
"Rwanda","","..","..","..","..","..","..","..","..","..","0.15","-0.05","-0.05","-0.05","..","0.2","..","..","..","..","..","..","..","..","..","..","0.01","0.23","..","-0.14","..","-0.06","2.08","0.56","0.04","-0.01","0.1","..","..","0.98","11.9","2.23","2.26","0.02","-0.47","..","-5.44","-2.32","2.51","2.02","..","18.33","7.04","44.76","13.39"
"Samoa","","..","..","..","..","..","..","..","..","..","..","..","..","..","..","..","..","..","0.64","1.99","4.14","..","-0.11","-0.21","-0.25","-0.22","0.62","-0.4","-0.62","-0.55","-0.47","-0.14","-0.56","-0.41","-0.48","-0.19","..","..","..","-1.11","0.09","0.29","0.05","0.17","0.02","0.44","0.52","0.46","0.44","0.71","0.49","0.84","1.25","1","0.84"
"Sao Tome & Principe","","..","..","..","..","..","..","..","..","..","..","..","..","..","..","..","..","..","..","..","..","..","..","..","..","..","..","..","..","..","0.74","..","..","0.06","..","21.3","-25.77","..","..","..","..","..","0.41","..","6.55","..","..","..","-6.15","-0.49","..","..","..","1.93",".."
"Senegal","","..","..","..","..","..","..","-0.03","-0.05","-0.08","..","..","2.47","..","12.17","-2.17","-0.94","10.61","0.27","20.87","7.36","81.78","-2.54","70.48","49.79","61.34","24.82","52.42","35.77","-35.87","5.12","31.08","-5.48","0.66","-5.49","16.19","-0.4","-4.27","6.17","4.72","39.47","9.17","-0.11","31.02","16.82","17.53","-15.01","7.23","-1.45","115.75","99.64","0.67","-30.72","-50.59","-51.77"
"Serbia","","..","..","..","..","..","..","..","..","..","..","..","..","..","..","..","..","..","..","..","..","..","..","..","..","..","..","..","..","..","..","..","..","..","..","-0.99","0.01","-1.47","..","-1.74","..","-1.81","-0.23","465.75","101.3","40.48","97.33","-273.62","11.94","-24.61","16.96","9.14","62.78","92.53","80.89"
"Seychelles","","..","..","..","..","..","..","..","..","..","..","..","..","..","0.31","0.25","..","..","..","0.11","0.05","2.81","0.36","0.1","0.26","-0.3","-0.82","-0.22","-0.06","1.17","0.98","-0.84","5.43","2.43","2.46","0.41","-0.44","-0.9","-0.49","-11.68","-3.71","-0.71","..","..","..","..","..","..","-0.54","..","..","3.04","0.01","0.01","-0.01"
"Sierra Leone","","..","..","..","..","..","..","2.06","-0.03","-0.01","0.43","0.73","-0.07","-0.35","0.19","..","4.47","1.17","11.73","10.41","-0.66","6.64","2.08","1.48","2.87","2.99","4.25","5.77","29.15","0.58","0.23","-3.35","-0.93","8.98","3.64","2.34","-1.43","-4.49","-1.52","-20.65","-0.29","-0.94","-3.18","11.23","-4.92","0.5","-0.01","0.81","-77.13","..","..","..","9.76","14.01","7.11"
"Singapore","","..","..","..","..","..","..","-0.02","0.03","1.63","-2.07","12.6","4.56","3.03","34.24","32.79","16.57","15.37","-4.01","37.86","95.44","23.44","-4.73","5.21","-42.12","56.81","-61.65","-193.43","-29.32","-21.85","-12.43","193.22","127.54","-63.35","124.68","-135.2","-65.63","..","..","..","..","..","..","..","..","..","..","..","..","..","..","..","..","..",".."
"Slovenia","","..","..","..","..","..","..","..","..","..","..","..","..","..","..","..","..","..","..","..","..","..","..","..","..","..","..","..","..","..","..","..","..","..","..","-8.16","4.48","-83.46","-29.71","-20.79","-28.44","-1.36","-4.36","176.09","..","..","..","..","..","..","..","..","..","..",".."
"Solomon Islands","","..","..","..","..","..","..","..","..","..","..","..","-0.06","..","..","..","..","..","..","..","..","..","..","..","1.82","5.08","-0.17","0.54","10.82","2.13","-1.29","0.49","4.25","1.21","4.23","-2.83","-0.72","-0.2","0.02","13.46","-0.21","1.23","0.15","-0.96","..","0.87","-11.68","1.35","2.27","-3.26","8.76","24.16","15.35","31.56","37.39"
"Somalia","","..","..","..","..","..","..","..","..","1.3","1.71","2.3","0.5","0.06","-3.03","5.24","-0.33","3.13","2.6","0.5","-1.16","-0.3","5.44","0.27","2.02","0.21","3.85","85.62","-18.5","30.66","9.92","-0.82","0.44","-0.66","-0.8","0.1","0.21","0.14","0.04","..","..","..","..","..","..","..","..","..","..","3.93","..","..","0.13","..",".."
"South Africa","","..","..","..","..","..","..","..","..","..","..","..","..","..","..","..","..","..","..","..","..","..","..","..","..","..","..","..","..","..","..","..","..","..","..","..","326.57","175.17","90.49","3.41","-12.28","-94.52","-1.6","-222.22","266.21","191.73","-113.15","-68.27","16.01","-253.23","719.64","-73.1","263.56","50.58","209.51"
"South Sudan","","..","..","..","..","..","..","..","..","..","..","..","..","..","..","..","..","..","..","..","..","..","..","..","..","..","..","..","..","..","..","..","..","..","..","..","..","..","..","..","..","..","..","..","..","..","..","..","..","..","..","..","..","..",".."
"Sri Lanka","","..","..","..","..","..","..","3","0.7","2.84","3.67","6.85","-4.29","4.02","10.14","-6.4","-5.79","-5.67","-0.67","-0.47","-0.65","0.91","-0.25","4.01","17.99","26.65","17.06","3.97","32.05","3.07","-0.25","-1.57","-7.61","-3.88","17.23","-12.17","-0.06","24.63","0.07","-14.75","4.65","-27.23","-8.43","-11.94","0.89","1.63","6.15","12.25","16.83","19.97","2.6","14.49","36.85","-4.65","0.68"
"St. Helena","","..","..","..","..","..","..","..","..","0.02","..","..","..","..","..","..","..","..","..","..","..","..","..","..","..","..","..","..","..","..","..","..","..","..","..","..","..","..","..","..","..","..","..","..","..","..","..","..","..","..","..","..","..","..",".."
"St. Kitts-Nevis","","..","..","..","..","..","..","..","..","..","..","..","..","..","..","..","..","..","..","..","..","..","..","..","..","..","..","-0.15","..","1","1","..","..","..","..","..","0.2","4.14","6.04","3.24","-2.23","-1.25","0.5","0.73","-1.65","-2.47","-2","-1.81","-1.78","-19.78","-0.4","-0.19","15.9","..",".."
"St. Lucia","","..","..","..","..","..","..","..","..","..","..","..","..","..","..","..","0.64","0.55","1.9","..","..","0.7","0.87","0.6","0.68","-2.81","-0.16","0.16","3.03","3.23","8.37","-0.38","-1.76","..","2.71","-0.09","0.13","-4.92","-12.93","-0.18","-0.1","-0.02","-0.36","-0.01","6.19","3.31","..","0.13","..","0.14","-0.3","-0.2","..","-5.72","-5.77"
"St.Vincent & Grenadines","","..","..","..","..","..","..","..","..","..","..","..","..","..","..","..","..","..","..","..","..","1","..","0.2","..","..","0.61","..","..","-0.03","-1.1","..","..","..","..","..","0.4","..","4.89","..","..","..","-0.17","..","..","..","..","..","-22.99","..","..","..","..","..",".."
"Sts Ex-Yugo. Unspec.","","..","..","..","..","..","..","4.38","16.83","12.12","-17.31","24.65","70.65","108.74","83.93","26.02","37.25","135.62","57.21","100.69","-31.46","-9.22","14.07","9.37","168.14","209.77","246.53","87.83","198.85","127.35","105.56","-81.16","-20.66","-121.13","57.95","36.93","-8.36","-10.09","-17.22","-7.1","-64.45","0.82","0.65","-54.45","-2.04","1.99","0.94","-68.17","1.2","7.27","0.08","2.52","2.15","2.18","2.51"
"Sudan","","..","..","..","..","..","..","-1.59","-1.64","-1.68","-1.42","-1.22","0.42","6.44","10.43","1.69","2.78","8.48","14.15","-1.12","21.11","109.33","50.99","69.23","117.56","92.7","71.59","-1.97","7.22","-5","4.21","2.67","-0.93","..","-1.46","..","-4.34","-9.67","..","..","..","-9.08","..","0.01","..","..","0.06","..","7.1","2.41","3.02","0.5","..","1.23",".."
"Suriname","","..","..","..","..","..","..","..","..","..","4.4","0.4","1.9","0.51","0.5","0.4","5.34","..","0.08","..","-1","-0.95","-1","..","..","..","0.18","0.36","1.71","3.46","-0.57","-0.87","2.07","-0.03","..","..","-1.09","-0.94","-0.54","..","..","..","..","..","..","..","-0.62","-6.02","-1.37","0.05","10.1","9.69","31.37","21.26",".."
"Swaziland","","..","..","..","..","..","..","..","..","..","..","..","..","..","..","..","2.45","0.59","-1.57","3.59","5","2.04","1.3","6.01","4.97","3.28","0.72","2.41","-2.02","1.82","-1.2","-5.3","1.35","-4.1","-1.83","-2.3","..","14.52","-1.01","-3.96","-4.91","-3.46","-1.77","0.17","-0.08","..","..","..","..","..","..","..","..","..",".."
"Syria","","..","..","..","..","..","..","-1.93","12.69","0.06","-0.83","-0.11","-0.4","4.71","-2.36","..","..","6.2","-0.8","-0.58","-0.95","-0.84","-0.67","1.16","0.24","-1.09","0.01","..","..","48.69","0.08","0.48","3.12","-6.53","7.92","-6.17","-5.11","-3.08","2.48","-4.73","-13.09","342.05","-19.85","-19.08","-20.93","-10.3","-17.46","-25.56","-27","-26.45","2.29","-24.84","-30.07","-4","1.96"
"Tajikistan","","..","..","..","..","..","..","..","..","..","..","..","..","..","..","..","..","..","..","..","..","..","..","..","..","..","..","..","..","..","..","..","..","0","..","..","..","..","..","..","..","..","..","..","1.06","..","..","..","..","..","..","..","-0.3","-0.14","-0.02"
"Tanzania","","..","..","..","..","..","..","..","..","..","0.14","-0.01","1.49","0.44","0.33","0.83","-1.19","8.22","0.74","19.68","28.63","6.2","20.28","28.08","5.67","31.3","7.99","4.39","151.91","21.93","37.98","28.16","3.86","8.25","40.09","8.3","-9.01","-30.4","35.28","11.15","-5.18","31.96","6.55","-108.67","-52.65","-81.78","-7.81","2.84","3.09","39.55","13.09","-18.67","-61.03","18.76","-3.68"
"Thailand","","..","..","..","..","..","..","8.14","2.03","6.28","28.32","24.77","2.7","-20.39","-29.56","0.11","1.06","-6.31","45.54","31.9","96.63","93.92","65.26","8.18","137.19","64.52","29.42","-64.46","-43.27","-116.81","237.5","413.16","476.76","473.74","343.53","397.95","821.8","799.37","1784.24","3529.65","3429.01","-1783.52","-1006.33","-1081.54","-4509.11","-865.06","2000.66","-156.68","-93.6","-287.34","168.88","246.07","161.22","419.29","159.29"
"Timor-Leste","","..","..","..","..","..","..","..","..","..","..","..","..","..","..","..","..","..","..","..","..","..","..","..","..","..","..","..","..","..","..","..","..","..","..","..","..","..","..","..","628.19","417.82","0.24","12.94","138","1.36","1.06","0.76","0.94","0.95","1.79","5.83","-11.94","1.94","1.59"
"Togo","","..","..","..","..","..","..","..","..","0.29","0.08","0.06","1.16","0.69","-0.11","2.01","..","4.12","-0.69","1.82","27.34","66.37","15.2","35.98","32.39","39.22","0.96","-11.51","-4.39","2.49","-5.06","1.33","-0.4","0.78","-3.07","-0.41","-5.4","-4.83","4.27","4.42","0.36","0.38","0.58","0.8","-0.54","-0.31","-0.6","-9.11","-7.44","-47.77","140.65","-137.69","-31.48","17.95","-4"
"Tonga","","..","..","..","..","..","..","..","..","..","..","..","..","..","..","..","..","..","..","..","..","..","..","..","..","..","..","..","..","..","-0.18","-0.18","-0.18","-0.17","..","..","..","..","..","..","..","0.03","0.05","0.12","..","8.8","0.4","-0.38","-7.45","0.22","0.41","0.67","0.78","1","0.32"
"Trinidad & Tobago","","..","..","..","..","..","..","0.81","-0.79","3.8","..","-2","-1","2","1","7","..","-4.02","-1","-2","70.17","132.01","48.34","0.84","-14.06","41.34","-10.55","-41.44","-25.67","-21.18","58.47","34.82","-7.76","-5.11","-4.89","-16.82","-35.13","-46.71","6.09","164.43","-85.18","-36.65","-18.4","1.37","-42.44","-125.27","-14.67","44.66","0.49","-4.05","-4.79","-117.33","..","..",".."
"Tunisia","","..","..","..","..","..","..","-0.86","6.53","2.22","-4.53","3.79","1.5","9.36","23.51","20.45","8.21","7.48","4.28","-26.76","-61.32","2.27","116.18","85.05","32.18","104.39","-37.96","-32.98","-55.37","-57.96","-31.15","2.88","25.86","-30.07","97.97","54.64","775.93","15.31","19.59","-4.06","53.7","71.17","12.36","-27.49","-62.71","-4.35","-57.51","-94.38","-51.64","-72.59","-17.39","-47.95","-36.05","-22.3","-7.03"
"Turkey","","..","..","..","..","..","..","1.23","2.34","7.07","12","6.15","7.81","-1.5","55.41","43.19","60.62","48.46","53.2","233.6","397.25","375.06","493.8","289.55","130.26","-23.61","-126.17","-120.42","-7.06","-79.65","-217.23","-88.51","-115.51","-68.14","152","73.65","-74.23","164.63","263.51","252.13","-48","-6.17","-154.36","40.69","154.83","153.67","-326.66","-149.22","-43.3","273.33","-192.4","-171.67","-37.56","165.52","275.93"
"Turkmenistan","","..","..","..","..","..","..","..","..","..","..","..","..","..","..","..","..","..","..","..","..","..","..","..","..","..","..","..","..","..","..","..","..","0","..","..","11.71","22.13","14.55","51.18","159.97","137.99","38.01","-2.87","-3.27","-22.4","-28.54","-71.23","-66.56","-73.55","-81.5","-63.48","174.14","90.58","7.72"
"Turks & Caicos Islands","","..","..","..","..","..","..","..","..","..","..","..","..","..","..","..","..","..","..","..","..","..","..","..","..","..","..","..","-7.89","..","..","..","..","..","..","..","..","..","..","..","..","..","..","..","..","..","..","..","15.16","..","..","..","..","..",".."
"Uganda","","..","..","..","..","..","..","-0.05","-0.04","0.3","0.02","-0.07","-0.04","0.36","-0.18","..","-0.14","-0.16","-0.13","-0.16","..","..","..","36.07","9.36","9.58","0.91","1.49","4.09","1.95","18.98","9.39","2.87","-0.84","0.47","4.85","-5.74","5.41","-80.65","-0.39","0.83","-46.34","-10.74","-17.26","0.23","-1.16","-0.12","-5.32","6.52","25.94","17.61","22.98","5.7","13.74","-55.17"
"Ukraine","","..","..","..","..","..","..","..","..","..","..","..","..","..","..","..","..","..","..","..","..","..","..","..","..","..","..","..","..","..","..","..","..","..","..","..","..","..","..","..","..","..","..","..","..","..","-49.95","-13.17","-17.57","99.87","-177.5","84.15","-23.97","96","-128.09"
"Uruguay","","..","..","..","..","..","..","-0.32","-0.81","-0.74","-0.3","0.01","1.02","26.3","0.04","0.33","-1.06","1.83","-1","-1.74","-0.75","0.6","-0.59","14.83","7.6","12.68","1.83","-5.18","-3.07","-1.15","5.19","1.14","2.55","-2.65","6.72","-18.82","-2.6","12.93","7","-0.4","-19.16","2.04","-13.22","-14.4","12.06","15.73","4.19","1.42","-0.41","-10.72","-8.77","51.09","39.78","-14.05","68.25"
"Uzbekistan","","..","..","..","..","..","..","..","..","..","..","..","..","..","..","..","..","..","..","..","..","..","..","..","..","..","..","..","..","..","..","..","..","0","..","10.59","53.19","38.76","9.99","52.23","98.76","40.04","115.68","-6.2","-19.71","-16.17","-58.81","-65.19","-18.08","20.18","-97.9","44.4","-77.94","-90.19","-2.51"
"Vanuatu","","..","..","..","..","..","..","..","..","..","..","..","..","..","..","..","..","0.61","-0.1","-0.1","-0.2","..","0.1","-0.05","..","1.13","1.03","-35.81","1.34","1.16","0.74","4.6","2.12","0.33","-0.04","-0.96","-0.46","-0.31","-0.27","-0.27","-0.7","0","0.04","0.29","-0.06","0.67","0.78","1.33","1.47","1.01","1.83","2.5","1.28","2.32","1.74"
"Venezuela","","..","..","..","..","..","..","11.52","20.98","17.73","35.13","23.61","-1.58","2.29","-3.83","-0.95","36.37","-29.51","-14.15","35.02","23.77","28.85","53.48","22.7","-2.81","-43.53","-51.23","-28.28","-43.31","3.54","37.95","170.3","425.69","324.44","232.99","125.31","22.91","-82.07","-109.68","-45.29","-129.58","-78.76","-32.24","-25.03","-136.47","-63.52","-109.98","-124.28","1857.38","-119.4","-35.74","-140.07","561.9","-65.91","-185.34"
"Vietnam","","..","..","..","..","..","..","..","..","..","..","..","..","..","..","..","..","1.3","0.5","..","19.75","-2","-1.33","..","0.47","0.41","1.17","0.51","1.59","0.55","11.26","0.15","2.8","27.93","61.97","128.34","199.76","153.76","230.38","195.27","23.61","-172.5","-31.38","-14.76","199.63","24.58","140.7","9.6","-53.2","399.04","443.16","576.72","474.2","333.77","391.12"
"Virgin Islands (UK)","","..","..","..","..","..","..","..","..","..","..","..","..","..","..","..","..","..","..","..","..","..","..","..","..","..","..","..","1.2","3.66","3.61","1.6","-0.78","-0.24","-0.8","1.24","..","-1.05","-1.95","-0.33","4.06","..","..","..","..","..","..","..","..","..","..","..","..","..",".."
"Wallis & Futuna","","..","..","..","..","..","..","..","..","..","..","..","..","..","..","..","..","0.11","..","..","..","..","..","..","..","..","0.79","..","..","-0.01","..","2.99","6.01","4.29","..","..","-0.44","-0.07","-0.35","-0.61","0.14","1.16","-0.82","-0.4","-2.06","-2.97","-3.02","-1.79","-1.74","-0.37","-1.54","-1.44","-1.26","-0.98","-0.86"
"West Bank & Gaza Strip","","..","..","..","..","..","..","..","..","..","..","..","..","..","..","..","..","..","..","..","..","..","..","..","..","..","..","..","..","..","..","..","..","..","..","..","..","..","..","1.6","-1.05","-0.12","..","0.16","..","0.27","0.24","0.28","0.33","0.2","0.4","0.46","11.26","0.69","0.25"
"Yemen","","..","..","..","..","..","..","0.02","0.03","0.09","..","..","0.6","-0.06","-0.09","0.01","..","..","..","-0.03","0.01","9.09","0.68","-1.31","10.02","-4.43","-5.47","-5.98","-0.96","-0.65","0.49","2.79","-0.9","9.73","17.64","1.57","-1.56","-22.63","3.64","1.02","-0.16","-0.04","-0.28","..","-3.08","..","-0.01","-0.03","-0.05","263.46","87.14","-144.56","-24.75","-55.91","-29.78"
"Zambia","","..","..","..","..","..","..","4.28","7.75","16.33","-0.26","0.01","3.24","28.64","20.64","8.22","18.46","34.18","4.74","32.19","6.08","-38.24","24.66","17.11","25.47","156.64","88.03","168.98","0.77","12.42","19.6","47.17","-12.88","14.38","17.47","-3.91","3.69","-1.02","-25.2","31.82","-24.36","-104.38","8.98","-6.69","-86.56","22.73","-79.18","-525.73","46.58","50.93","-33.27","-37.04","-9.53","-23.29","-14.16"
"Zimbabwe","","..","..","..","..","..","..","..","..","..","..","..","..","..","..","..","..","..","..","..","..","1.75","0.9","26.29","9.97","-5.35","-3.33","-12.07","-9.11","-3.3","4","14.93","42.16","34.19","21.64","7.56","0.98","10.29","29.47","61.53","-15.22","-0.88","-22.88","-13.31","-11.03","-10.96","-2.88","-7.75","-33.07","0.76","1.54","-0.03","1.08","17.89","-7.52"
"North of Sahara, regional","","..","..","..","..","..","..","..","..","..","..","0.69","..","..","..","..","..","..","..","..","1","..","..","..","..","-0.78","..","..","..","..","..","..","..","..","..","..","..","..","..","-1.34","..","..","..","..","..","..","..","..","..","..","..","..","..","0.3",".."
"South of Sahara, regional","","..","..","..","..","..","..","..","..","-0.82","3.48","1.62","..","..","..","-0.88","0.11","-0.19","..","-0.01","4.04","0.02","0.26","..","8.82","6.52","1.22","..","-0.14","-1.98","..","-0.97","5.16","25.81","48.2","-9.01","32.39","9","-76.48","..","..","-1.28","..","4.13","1.68","2.66","..","-2.7","..","10.94","28.26","..","8.44","13.84","55.58"
"Africa, regional","","..","..","..","..","..","..","5.48","-0.74","-0.86","-1","-0.88","-0.62","-0.28","3.59","1","43","-27.14","-9.04","-35.08","-15.48","-14.59","-3.31","-5.31","7.02","4.12","9.66","5.54","17.25","-3.65","0.41","6.79","-1.78","..","-2.79","8.34","-1.54","-1.11","1.28","78.32","132.27","8.13","37.48","26.62","89.35","28.47","85.62","1.98","2.22","126.78","134.85","131.05","71.11","192.3","141.64"
"N. & C. America, regional","","..","..","..","..","..","..","..","..","..","1.21","0.95","0.81","-0.2","-0.68","-0.25","0.09","-0.33","-0.38","-0.31","-1.13","..","..","..","..","7","..","..","..","..","..","..","-0.35","-0.11","..","103","136.7","301.29","619.12","968.9","0.41","2.88","1.25","..","..","..","..","..","0.01","53.29","-2.91","-10.22","-1048.9","-8.25","-13.63"
"South America, regional","","..","..","..","..","..","..","..","..","..","9.16","24.95","-0.16","..","..","0.07","..","..","..","..","..","..","..","..","..","-1.93","..","-1.97","7.02","-0.91","-0.13","5.77","..","-0.49","..","..","..","..","0.72","..","..","..","0.02","..","-0.29","7","..","..","..","..","7.76","0.17","4.85","2","-1.65"
"America, regional","","..","..","..","..","..","..","..","..","..","..","0.24","4.17","0.25","0.83","..","-28","57","-38","93","10","327","..","..","13.5","0.52","-1.49","-9.31","13.23","1.02","-6.09","-6","15.24","13.82","6.3","1.01","-8.76","-9.7","-9.81","-9.59","12.06","-1.34","11.15","8.79","50.13","6.19","..","..","-2.88","125.68","132.11","115.7","242.33","146.45","228.06"
"Middle East, regional","","..","..","..","..","..","..","..","..","..","26.31","32.36","10.48","..","0.05","..","..","..","..","..","..","..","22","..","..","..","..","..","..","1","..","..","..","..","-0.05","..","..","..","..","..","..","..","..","..","..","..","..","-4.62","..","0.66","..","..","152.08","0.04","0.91"
"South Asia, regional","","..","..","..","..","..","..","..","..","..","..","..","..","..","..","..","..","..","..","..","..","..","..","..","..","..","..","..","..","..","..","..","..","..","..","..","..","..","..","..","..","..","..","..","..","..","..","..","..","..","..","..","..","0.03","0.38"
"South & C.Asia, regional","","..","..","..","..","..","..","..","..","6.26","..","-0.2","-0.04","..","0.08","..","..","..","..","..","-1","..","..","..","..","0.01","..","..","..","..","..","..","..","..","..","..","..","..","..","..","..","..","-0.1","..","..","..","..","0.2","..","..","0.01","..","0.76","..",".."
"Far East Asia, regional","","..","..","..","..","..","..","..","..","0.52","8.76","70.46","..","..","..","..","..","..","..","..","-2","..","8.83","13.8","10.23","6.9","0.65","0.06","..","-2","..","..","..","..","..","-6","..","..","-0.5","..","..","..","..","3.02","..","..","81.78","-13.8","..","..","..","..","-42.46","2.19","3.79"
"Asia, regional","","..","..","..","..","..","..","..","..","..","..","..","0.69","2.06","0.23","..","-19","-17","5.08","12.92","99.83","63.83","-0.07","-0.18","9.59","1.76","-23.25","1.92","-1.12","6.96","..","..","..","-2.16","..","..","..","5","..","..","9.44","8.9","1.53","-0.9","42.02","-4.46","0.65","8.16","-7.52","135.2","272.88","248.65","225.81","268.66","225.51"
"Europe, regional","","..","..","..","..","..","..","46.47","80.63","114.92","97.37","112.99","87.23","91.68","169.97","129.59","142.53","82.52","191.87","570.54","178.09","-193.23","-225.7","-58.02","-39.2","-68.93","-100.11","-106.51","-94.05","-46.05","4.37","-2.52","-10.84","26.87","-5.18","249","165.31","-41.65","99.89","232.41","2.15","..","..","..","..","6.19","1.32","0.31","1.62","222.2","3.62","114.28","689.4","36.54","40.91"
"Oceania, regional","","..","..","..","..","..","..","..","..","..","..","1.3","..","2.3","..","..","..","..","..","0.2","-0.2","..","..","..","..","1.16","0.13","..","..","..","..","..","..","-0.68","..","2.61","1.9","-0.86","15.04","-17.45","-0.27","-5.16","-4.5","1.84","1.1","4.17","4.87","5.54","6.44","6.92","6.28","6.81","213.09","9.06","9.13"
"West Indies, regional","","..","..","..","..","..","..","..","..","1.3","..","..","..","..","..","..","-0.45","-0.19","-0.14","-0.17","-0.2","-0.22","-0.22","-0.11","..","-0.07","..","..","..","-0.02","..","..","..","..","..","..","..","..","..","..","..","..","..","..","..","..","..","..","..","..","..","..","..","..","0.65"
"Developing Countries, Unspecified","","..","..","..","..","..","..","8.38","-2.36","110.83","12.75","31.62","65.16","309.82","660.38","195.9","218.21","268.53","187.91","256.58","565.54","610.54","799.89","841.4","479.88","357.64","363.79","284.62","139.27","233.77","245.56","351.87","-373.39","189.26","199.5","319.19","413.51","416.47","-165.51","-317.42","-315.6","266.59","-201.53","1011.81","789.42","120.9","379.49","418.6","-767.38","-149.11","5154.4","229.28","2286.73","487.94","1149.5"
"MADCT Unallocated","","..","..","..","..","..","..","..","..","..","..","..","..","..","..","..","..","..","..","..","..","..","..","..","..","..","..","..","..","..","..","..","..","..","..","..","..","..","..","..","..","..","..","..","..","..","..","..","..","..","..","..","..","..",".."
"AfDB (African Dev.Bank)","","..","..","..","..","..","..","..","..","..","..","..","..","..","..","..","..","..","10","2.71","4.24","12.68","10.81","29.22","0.59","-1.41","-4.9","-6.93","..","..","..","..","1","..","24.73","..","..","..","..","..","..","..","..","-95.85","..","..","..","..","..","..","134.11","50","27.54","-75.38","-51.17"
"AsDB (Asian Dev.Bank)","","..","..","..","..","..","..","..","..","..","..","..","3","..","..","15.44","76.77","54.47","-4","41.18","0.27","0.5","1","..","-26.47","-18.4","-24","-2","..","..","..","..","..","..","3.81","..","..","..","..","..","..","..","..","-223.23","10","..","..","..","8","..","204.82","82","-66.88","-50",".."
"CABEI","","..","..","..","..","..","..","..","..","..","..","1.02","5.59","1.66","..","-0.67","..","..","3.66","2.33","..","-2.02","-3.75","..","..","..","..","..","..","..","..","..","..","..","..","..","..","..","..","..","..","..","..","..","..","..","..","..","..","..","..","..","..","..",".."
"IBRD","","..","..","..","..","..","..","..","..","-6.76","-15.07","269.58","257.6","372.07","387.01","-55.12","-52.34","30.04","100.21","99.94","-285.76","-110.78","136.79","-41.81","143.28","91.63","-64.29","-122.37","-94.84","25.89","57.06","-45.78","-15.79","139.46","-296.2","-582.14","-166.75","-377.42","-155.47","-176.99","-223.35","-100.58","98.44","109","142","-390.03","-58","-156","..","-75","77.67","150","..","..",".."
"IDB","","..","..","..","..","..","..","..","..","0.9","..","..","..","..","12.46","26.07","57.2","27","10.48","24.88","-1.74","-15.94","-3.33","-2.78","2.02","-7.2","-45.44","-40.69","6.96","0.72","..","-1.78","-3.19","-2.15","..","..","..","..","..","..","..","..","30","-39.81","107","..","-30","-32","-34.67","-29.7","301.01","-30","-35","-153","45.39"
"Other UN","","..","..","..","..","..","..","..","..","..","..","..","..","..","..","..","..","..","..","..","..","..","..","..","..","..","..","..","..","..","..","..","..","..","..","..","..","..","..","..","..","..","..","..","..","..","..","..","..","..","..","..","..","..",".."
"Other World Bank (AMCs)","","..","..","..","..","..","..","..","..","..","..","..","..","..","..","..","..","..","..","..","..","..","..","..","..","..","..","..","..","..","..","..","..","..","..","..","..","..","..","..","..","..","..","..","..","..","..","..","..","..","..","..","..","..",".."
"Other Regional Banks","","..","..","..","..","..","..","..","..","..","..","..","..","..","..","..","..","..","..","..","..","..","..","..","..","..","..","..","..","..","..","..","..","..","..","..","..","..","..","..","..","..","..","..","..","..","..","..","..","..","..","..","..","..",".."
"Other Multilateral","","..","..","..","..","..","..","..","..","-4","..","5.8","5.6","12.2","-9.4","-1.55","-2.55","15.63","6.31","-14.36","39.23","9.06","-2.39","-10.2","-13.17","91.98","50.41","24.64","-55.29","-201.88","898.39","289.89","62.63","1062.7","910.85","2425.28","954.48","-150.05","206.87","2091.79","1127.26","7.4","-1003.31","-2262.01","125","23.83","-909.17","-106.37","492.84","692.42","1379.55","232.78","-252.85","-658.45","21.18"
