"Sector(s):","Total Bilateral Aid To All Sectors","","Flow(s):","ODA","","Donor(s):","Belgium","","Flow Type(s):","Disbursement","","Amount:","Current Prices (USD millions)","",

"","Time Period","1960","1961","1962","1963","1964","1965","1966","1967","1968","1969","1970","1971","1972","1973","1974","1975","1976","1977","1978","1979","1980","1981","1982","1983","1984","1985","1986","1987","1988","1989","1990","1991","1992","1993","1994","1995","1996","1997","1998","1999","2000","2001","2002","2003","2004","2005","2006","2007","2008","2009","2010","2011","2012","2013",
"Recipient(s)",
"All Recipients","","82","70.5","64.61","75.16","81.52","106.46","67.25","74.39","88.04","116.04","119.71","146.27","193.34","234.85","271.45","377.64","340.09","370.97","536.09","641.28","593.75","573.62","498.59","479.23","446.26","440.52","546.53","687.15","600.74","703.35","889.36","831.02","869.97","810.24","727.48","1034","913.25","763.75","882.63","759.75","819.69","867.33","1071.51","1853.14","1463.34","1963.35","1976.92","1950.72","2385.64","2609.6","3003.9","2807.4","2314.93","2299.58"
"All Developing Countries","","82","70.5","64.61","75.16","81.52","106.46","67.25","74.39","73.82","84.79","92.21","110.28","130.21","178.82","207.71","251.84","229.05","261.9","310.36","444.74","455.48","368.92","292.73","298.47","263.01","275.19","359.15","427.7","415.28","356.17","547.67","494.99","548.66","468.09","436.06","513.73","529.76","437.93","536.65","436.69","476.85","502.47","711.49","1467.91","902.46","1308.21","1356.46","1237.57","1376.05","1585.06","2024.91","1739.19","1432.72","1307.27"
"All Multilateral Recipients","","..","..","..","..","..","..","..","..","14.22","31.25","27.5","35.99","63.13","56.03","63.74","125.8","111.04","109.07","225.73","196.54","138.27","204.7","205.86","180.76","183.25","165.33","187.38","259.45","185.46","347.18","341.69","336.03","321.31","342.15","291.42","520.27","383.49","325.82","345.98","323.06","342.84","364.86","360.02","385.23","560.88","655.14","620.46","713.15","1009.59","1024.54","978.99","1068.21","882.21","992.31"
"Afghanistan","","..","..","..","..","..","..","..","..","..","..","..","..","..","0.01","0.01","0.01","0.04","0.03","0.06","0.04","..","..","..","..","0.03","0.03","..","..","..","0.01","0.01","..","0.08","0.1","0.22","0.2","0.01","0.89","0.01","..","..","3.69","7","3.09","6.96","5.08","7.63","10.64","10.15","18.69","15.18","16.86","11.79","5.75"
"Albania","","..","..","..","..","..","..","..","..","..","..","..","..","..","..","..","..","..","..","..","..","..","..","..","..","..","..","..","..","..","..","..","..","0.14","..","0.25","0.62","0.08","0.16","..","3.03","0.89","..","..","0.01","0.37","0.51","0.05","..","0.82","0.01","0.05","0.02","0.01",".."
"Algeria","","..","..","..","..","..","..","..","0.12","0.14","0.13","0.17","0.33","0.41","0.9","1.04","1.54","1.95","2.07","2.23","3.41","4.12","5.13","2.89","2.3","1.86","1.43","1.52","1.95","1.95","1.11","2.27","30.43","14.04","4.55","1.41","6.59","11.69","4.45","3.9","5.49","1.1","5.71","1.31","4.16","11.32","14.51","13.18","12.96","10.32","11.06","10.28","6.97","6.56","7.62"
"Angola","","..","..","..","..","..","..","..","..","..","..","..","..","..","..","..","0.07","0.17","0.42","0.5","3.99","0.47","0.29","2.74","0.09","1.85","0.13","0.17","0.13","0.37","0.86","4.06","0.77","2.49","2.59","3.33","0.64","11.51","5.78","3.83","1.99","1.34","1.66","1.34","2.76","2.45","2.51","0.36","-6.24","0.9","-0.55","0.38","1.12","0.14","0.17"
"Anguilla","","..","..","..","..","..","..","..","..","..","..","..","..","..","..","..","..","..","..","..","..","..","..","..","..","..","..","..","..","..","..","..","..","..","..","..","..","..","..","..","..","..","..","..","..","..","..","..","..","..","..","..","..","..",".."
"Antigua & Barbuda","","..","..","..","..","..","..","..","..","..","..","..","..","..","..","..","..","..","..","0.03","..","..","..","..","..","..","..","..","..","..","..","..","..","..","..","..","..","..","..","..","..","..","..","..","..","..","..","..","..","..","..","..","..","..",".."
"Argentina","","..","..","..","..","..","..","0.16","0.19","0.22","0.39","0.42","0.39","0.33","0.35","0.32","0.39","0.41","0.37","0.38","0.24","0.41","0.15","0.27","0.38","0.2","0.25","0.52","0.59","0.49","0.2","0.75","1.41","1.88","1.38","0.78","0.84","0.87","1.14","0.88","0.78","0.54","0.48","0.32","0.39","0.49","0.4","0.28","0.24","0.32","0.02","0.01","0.03","0.13","0.04"
"Armenia","","..","..","..","..","..","..","..","..","..","..","..","..","..","..","..","..","..","..","..","..","..","..","..","..","..","..","..","..","..","..","..","..","..","..","..","..","0","..","..","..","..","..","..","..","0.13","0.29","0.95","0.37","0.65","0.1","0.03","0.37","0.2","0.21"
"Aruba","","..","..","..","..","..","..","..","..","..","..","..","..","..","..","..","..","..","..","..","..","..","..","..","..","..","..","..","..","..","..","..","..","..","..","..","..","..","0.01","..","0.01","..","..","..","..","..","..","..","..","..","..","..","..","..",".."
"Azerbaijan","","..","..","..","..","..","..","..","..","..","..","..","..","..","..","..","..","..","..","..","..","..","..","..","..","..","..","..","..","..","..","..","..","..","..","..","..","0.01","..","..","..","..","..","..","..","..","0.07","1.07","0.02","1.71","..","0.01","..","..",".."
"Bahamas","","..","..","..","..","..","..","..","..","..","..","..","..","..","..","..","..","..","0.04","..","..","..","..","..","..","..","..","..","..","..","..","..","..","..","..","..","..","..","..","..","..","..","..","..","..","..","..","..","..","..","..","..","..","..",".."
"Bahrain","","..","..","..","..","..","..","..","..","..","..","..","..","..","..","..","..","..","..","..","..","..","..","..","..","..","..","..","..","..","..","..","..","..","..","..","..","..","..","..","..","..","..","..","0.02","..","..","..","..","..","..","..","..","..",".."
"Bangladesh","","..","..","..","..","..","..","..","..","..","..","..","..","..","1.04","4.16","3.81","3.95","4.85","0.22","14.7","8.84","1.61","5.39","0.7","0.38","9.98","0.88","5.23","3.54","0.12","9.88","4.01","5.6","3.06","6.41","2.45","1.87","-1.9","0.03","-0.91","-0.91","1.7","-2.07","1.26","-0.1","-0.32","-0.64","-0.43","3.61","-2.65","-0.01","0.49","0.82","1"
"Barbados","","..","..","..","..","..","..","..","..","..","..","..","..","..","..","..","..","..","..","..","0.04","..","..","..","..","..","..","..","0.09","0.1","..","..","0.09","0.09","0.03","..","0.01","0.02","0.02","..","..","..","..","..","..","..","..","..","..","..","..","..","..","..",".."
"Belarus","","..","..","..","..","..","..","..","..","..","..","..","..","..","..","..","..","..","..","..","..","..","..","..","..","..","..","..","..","..","..","..","..","..","..","..","..","..","..","..","..","..","..","..","..","..","0.01","0.01","0.15","0.09","0.03","0.12","0.05","0.06","0.01"
"Belize","","..","..","..","..","..","..","..","..","..","..","..","..","..","..","..","0.01","..","..","..","..","..","..","0.06","..","..","..","..","..","0.02","0.01","..","..","..","..","..","..","..","..","..","..","..","..","..","..","..","..","..","..","..","..","..","..","..",".."
"Benin","","..","..","..","..","..","..","0.06","0.11","0.08","0.09","0.12","0.14","0.18","0.41","0.49","0.61","0.59","0.82","0.52","0.52","0.52","0.46","0.58","2.25","0.52","0.7","1.17","2.05","0.99","1.79","1.33","1.62","1.16","1.17","4.05","2.85","1.59","17.78","3.71","4.05","4.63","4.38","9.8","10.56","13.41","13.12","14.23","14.89","21.92","25.58","28.97","28.39","25.59","24.15"
"Bermuda","","..","..","..","..","..","..","..","..","..","..","..","..","..","..","..","..","..","..","..","..","..","..","..","..","..","..","..","..","..","..","..","..","..","..","..","..","..","..","..","..","..","..","..","..","..","..","..","..","..","..","..","..","..",".."
"Bhutan","","..","..","..","..","..","..","..","..","..","..","..","..","..","..","..","..","..","..","..","..","..","..","..","..","..","..","0.05","0.08","0.09","0.01","0.01","0.05","..","..","..","0.01","..","..","..","..","..","..","..","..","..","..","0.01","..","..","..","..","..","..",".."
"Bolivia","","..","..","..","..","..","..","0.1","0.13","0.15","0.2","0.19","0.19","0.16","0.33","0.68","0.55","0.77","2.58","3.83","4.87","1.53","3.58","2.95","2.77","1.63","1.55","2.37","2.04","2.84","4.51","6.24","4.38","19.49","9.45","7","46.52","59.91","6.2","24.33","12.57","9.31","9.5","19.12","14.24","17.31","10.33","10.48","14.89","17.81","24.8","20.87","23.62","16.94","13.23"
"Bosnia-Herzegovina","","..","..","..","..","..","..","..","..","..","..","..","..","..","..","..","..","..","..","..","..","..","..","..","..","..","..","..","..","..","..","..","..","..","..","..","0.88","2.6","4.32","3.99","5.73","1.28","6.04","1.88","0.66","0.54","1.54","0.28","0.3","-3.14","-0.06","-0.19","-0.14","-0.25","-0.24"
"Botswana","","..","..","..","..","..","..","..","..","..","..","..","..","..","..","..","0.03","0.02","0.03","..","..","..","..","..","..","0.1","0.04","0.16","1.5","0.09","0.01","0.12","0.18","0.92","0.27","0.39","0.75","0.42","0.4","0.28","0.23","0.2","0.42","0.28","0.25","0.06","..","-0.14","0.17","0.2","0.18","0.2","0.03","-0.08","-0.09"
"Brazil","","..","..","2","..","..","..","0.3","0.3","0.37","0.42","0.34","0.33","0.3","0.6","0.6","0.78","0.76","1.05","0.89","1.1","1.14","1","0.81","1.43","1.09","1.45","1.3","1.74","2.15","1.31","2.91","3.38","5.32","5.28","4.31","7.07","4.97","5.26","4.87","3.68","4.69","2.72","2.92","3.81","4.78","4.48","4.39","4.94","4.03","4.18","3.96","4.46","3.73","4.75"
"Brunei","","..","..","..","..","..","..","..","..","..","..","..","..","..","..","..","..","..","..","..","..","..","..","..","..","..","..","..","..","..","..","..","..","..","..","..","..","..","..","..","..","..","..","..","..","..","..","..","..","..","..","..","..","..",".."
"Burkina Faso","","..","..","..","..","..","..","..","0.02","0.02","0.04","0.04","0.05","0.05","0.95","0.93","0.83","0.56","0.69","1.03","2.16","1.61","0.87","1.83","0.9","1.68","1.06","2.29","2.98","1.83","1.21","2.92","2.73","2.89","3.52","5.45","4.25","6.63","12.43","7.41","7.9","9.64","8.88","16.76","12.48","20.51","11.75","16.83","14.39","12.98","14.03","15.99","11.57","9.8","14.34"
"Burundi","","7.5","6.7","8.55","5.13","5.66","3.41","4.94","6.83","7.82","8.29","9.75","10.14","12.77","11.46","12.3","16.28","14.71","16.52","20.88","25.17","27.68","22.69","20.64","14.71","16.28","19.2","19.21","19.65","17.33","17.16","39.52","26.07","52.87","26.34","19.15","9.48","6.84","4.85","7.62","2.91","5.98","7.49","16.52","15.88","25.08","21.3","33.33","26.34","58.16","52.19","56.88","63.85","56.19","65.21"
"Cambodia","","..","..","..","..","..","..","..","..","0.02","0.02","0.02","0.02","0.01","0.08","0.09","0.13","0.1","..","0.02","0.35","1.07","1.26","0.34","0.43","0.26","0.06","0.34","0.34","0.04","0.04","0.34","0.2","3.63","2.67","2.57","4.99","5.58","2.9","2.18","3.31","3.12","2.79","3.14","5.33","5.7","11.81","11.96","10.37","16.4","9.24","5.82","7.16","5.37","4.03"
"Cameroon","","..","..","..","..","..","..","..","0.06","0.1","0.2","0.26","0.28","0.41","0.67","0.77","1.46","1.24","1.84","2.5","3.17","3.59","4.28","7.61","8.26","9.42","2.94","8.23","7.52","11.13","9.22","4.32","5.94","6.66","6.39","3.06","2.85","2.29","1.92","15.02","13.13","8.51","32.57","25.45","26.66","22.42","14.43","69.57","87.76","3.67","23.96","4.25","4.61","2.36","4.84"
"Cape Verde","","..","..","..","..","..","..","..","..","..","..","..","..","..","..","..","0.01","0.09","0.64","1.17","1.63","0.56","1.25","1.39","1.68","1.7","1.53","0.77","4.07","2.31","1.75","3.55","7.05","2.1","5.63","6.17","2.56","0.36","0.17","0.82","0.28","1.33","0.15","0.59","0.65","1.64","1.09","0.17","0.07","0.43","0.38","0.39","0.32","0.25","0.31"
"Cayman Islands","","..","..","..","..","..","..","..","..","..","..","..","..","..","..","..","..","..","..","..","..","..","..","..","..","..","..","..","..","..","..","..","..","..","..","..","..","..","..","..","..","..","..","..","..","..","..","..","..","..","..","..","..","..",".."
"Central African Rep.","","..","..","..","..","..","..","..","..","0.02","0.03","0.07","0.04","0.05","0.16","0.16","0.25","0.35","0.19","0.49","0.51","0.29","0.21","0.39","0.11","0.23","0.05","0.08","0.15","0.12","0.06","0.06","0.09","0.09","0.28","0.03","0.04","0.2","0.07","0.08","0.89","0.17","0.03","0.41","0.04","0.03","0.22","0.22","0.02","2.35","1.04","2.59","3.9","1.5","0.09"
"Chad","","..","..","..","..","..","..","..","0.01","0.02","0.02","0.01","0.01","0.03","0.19","0.28","0.34","0.17","0.24","0.43","0.16","0.06","0.04","0.21","0.07","0.08","1.27","0.27","0.28","0.76","0.37","0.38","1.13","1.32","1.27","0.9","1.08","3.84","1.38","1.67","2.14","2.27","1.29","0.64","0.62","1.22","0.57","0.05","0.17","0.38","1.72","7.34","1.71","1.74","2"
"Chile","","..","..","..","..","..","0.96","0.46","0.51","0.46","1.42","1.52","1.1","1.08","1.24","0.81","1.91","1.11","1.44","0.64","0.71","1.1","0.91","0.96","0.63","0.85","1.05","1.38","1.78","1.75","1.84","3.24","3.05","6","6.3","4.13","6.02","4.76","3.76","3.55","3.16","2.52","2.61","2.36","3.51","2.16","1.91","0.83","0.91","1.01","1.23","1.04","0.42","0.53","0.22"
"China","","..","..","..","..","..","..","..","..","..","..","..","..","..","..","..","..","..","..","..","..","10.38","8.43","6.93","6.03","6.19","6.87","1.78","25.32","15.13","1.31","4.53","2.33","18.14","10.53","2.09","10.92","7.78","5.34","6.48","-3.82","2.86","0.32","0.16","-2.31","-4.59","-1.34","-2.55","-3.84","-1.52","2.05","-3.38","-3.51","-2.91","-1.99"
"Chinese Taipei","","..","..","..","..","..","..","..","0.01","0.03","0.03","0.04","0.04","0.03","0.22","0.19","0.01","0.01","..","0.03","0.03","0.04","0.04","0.04","0.05","0.08","0.13","0.14","0.17","0.23","0.09","0.08","0.08","0.35","0.35","0.2","0.11","0.07","..","..","..","..","..","..","..","..","..","..","..","..","..","..","..","..",".."
"Colombia","","..","..","..","..","..","..","0.09","0.22","0.21","0.23","0.21","0.28","0.3","0.72","1.92","3.44","1.91","1.44","0.73","2.17","2.33","0.83","0.7","1.02","0.68","0.67","1.12","0.68","1.13","1.13","1.62","1.67","1.93","1.18","0.56","2.96","0.76","1.52","0.64","1.21","1.05","1","1.44","1.61","3.09","2.33","4.51","3.17","8.18","4.55","4.6","4.37","3.36","3.36"
"Comoros","","..","..","..","..","..","..","..","..","..","..","..","..","..","..","..","..","..","0.18","0.05","0.87","0.58","0.78","0.11","0.09","0.81","0.72","1.74","2.44","1.58","3.43","0.09","1.32","1.3","0.69","0.48","0.03","0.04","0.15","0.12","0.04","0.09","0.06","0","0.15","0.15","0.15","0.19","0.2","..","..","..","..","0.08","0.12"
"Democratic Republic of the Congo","","71","57.1","46.3","64.33","66.15","87.9","48.86","47.78","44.52","46.76","50.43","56.72","72.82","85.55","101.92","112.97","93.96","108.61","128.96","153.64","169.66","123.74","103.56","89.96","75.58","79.71","142.32","121.58","136.37","95.89","95.35","30.82","32.94","30.91","29.31","36.25","15.52","30.79","24.93","22.73","26.68","43.23","41.26","789.63","265.27","151.72","221.57","209.77","174.38","177.02","648.8","173.19","131.13","144.89"
"Congo","","..","..","..","..","..","..","..","0.01","0.01","0.03","0.03","0.02","0.02","0.14","0.19","0.33","0.23","0.22","0.4","0.32","0.22","0.14","0.12","0.11","1.54","0.1","2.38","3.14","0.17","0.01","0.83","0.37","6.62","0.63","2.06","0.87","0.66","0.7","1.35","0.06","0.01","0.21","1.3","0.5","-0.75","20.97","1.55","0.31","0.39","9.67","56.76","0.21","0.22","0.19"
"Cook Islands","","..","..","..","..","..","..","..","..","..","..","..","..","..","..","..","..","..","..","..","..","..","..","..","..","..","..","..","..","..","..","..","..","..","..","..","..","..","..","..","..","..","..","..","..","..","..","..","..","..","..","..","..","..",".."
"Costa Rica","","..","..","..","..","..","..","..","0.02","0.02","0.03","0.04","0.04","0.05","0.06","0.04","0.03","0.05","0.2","0.12","0.11","0.1","0.06","0.38","0.04","0.28","0.08","0.13","0.18","0.29","0.07","0.24","0.23","0.74","0.4","0.53","1.38","0.29","0.57","0.81","0.68","0.66","0.68","0.62","0.44","0.59","4.11","0.82","0.49","0.2","0.45","..","..","..","0.01"
"Cote d'Ivoire","","..","..","..","..","..","..","0.03","0.11","0.1","0.16","0.23","0.28","0.39","0.87","1.08","1.86","3.78","4.09","4.21","11.83","10.01","4.89","6.16","3.05","3.23","2.92","2.92","4.55","4.77","3.74","3.37","3.6","3.71","3.43","12.59","8.59","5.14","15.56","35.04","3.71","13.89","2.54","44.35","4.68","7.8","4.41","4.44","5.93","4.65","37.68","3.26","2.51","273.47","1.88"
"Croatia","","..","..","..","..","..","..","..","..","..","..","..","..","..","..","..","..","..","..","..","..","..","..","..","..","..","..","..","..","..","..","..","..","..","..","..","0.26","..","1.26","1.08","0.92","0.74","1.04","0.12","0.16","0.12","0.02","1.74","0.5","0.32","0.04","0.01","..","..",".."
"Cuba","","..","..","..","..","..","..","..","..","..","..","0.02","0.05","0.08","0.18","0.07","0.4","0.3","0.05","0.03","3.49","0.03","1.07","0.28","0.01","0.01","..","..","0.01","0.01","..","..","..","0.27","0.5","0.12","0.44","0.09","1.29","0.38","0.85","1.36","2.3","4.18","2.59","3.16","3.18","3.08","3.03","5.94","4.39","4.03","3.73","2.84","3.18"
"Cyprus","","..","..","..","..","..","..","..","..","..","0.01","..","..","..","0.04","0.25","0.26","0.06","..","..","..","..","0.09","..","..","..","..","..","..","..","..","..","0.06","0.1","0.05","..","0.11","..","..","..","..","..","..","..","..","..","..","..","..","..","..","..","..","..",".."
"Djibouti","","..","..","..","..","..","..","..","..","..","..","..","..","..","..","..","..","..","..","0.05","..","0.05","0.03","..","..","..","0.07","0.23","0.08","0.07","0.02","0.02","0.13","0.13","0.16","0.73","0.61","0.11","0.09","0.08","0.03","..","..","0.04","0.03","0.01","0.02","0.02","..","..","..","..","0.12","..",".."
"Dominica","","..","..","..","..","..","..","..","..","..","..","..","..","..","..","..","..","..","..","..","0.1","0.24","0.35","0.11","0.18","0.09","0.09","0.12","0.05","0.12","0.04","0.04","0.02","0.04","0.04","0.13","0.03","0.03","0.02","..","..","..","..","..","..","..","0.18","..","..","..","..","..","..","..",".."
"Dominican Republic","","..","..","..","..","..","..","..","..","..","0.01","..","..","..","0.03","0.01","0.03","0.03","0.05","0.14","0.13","0.25","0.15","0.24","0.15","0.12","0.14","0.16","0.13","0.19","0.29","0.24","1.75","0.45","0.53","0.7","1.06","0.88","1.08","1.01","0.61","0.39","0.06","0.09","0.15","0.35","0.5","0.99","0.93","0.89","0.64","0.87","0.8","0.71","0.8"
"East African Community","","..","..","..","..","..","..","..","..","..","..","..","..","..","..","..","..","..","..","..","..","..","..","..","..","..","..","..","..","..","..","..","..","..","..","..","..","..","..","..","..","..","..","..","..","..","..","..","..","..","..","..","..","..",".."
"Ecuador","","..","..","..","..","..","..","0.02","0.03","0.06","0.09","0.08","0.07","0.07","0.14","0.13","0.18","0.29","0.47","1.07","2.33","1.45","1.42","1.56","1.73","5.91","1.73","2.47","3.33","3.78","3.38","3.54","4.6","8.73","7.85","12.29","9.79","8.5","9.69","8.07","6.23","6.03","5.71","7.91","12.59","17.8","15.8","21.68","19.14","17.89","12.05","11.73","12.14","14.92","14.96"
"Egypt","","..","..","..","..","..","..","..","0.02","0.03","0.16","0.28","0.06","0.17","0.56","0.15","0.17","0.41","4.41","0.26","0.54","3.96","1.64","0.15","0.14","3.39","0.45","0.8","3.54","1.55","0.14","6.88","0.41","6.97","0.66","0.87","0.65","0.3","0.19","0.12","0.02","0.01","0.01","-2.02","-1.24","-0.88","-0.91","-1.33","-2.51","-1.57","-1.54","-1.3","1.1","-0.15","-0.29"
"El Salvador","","..","..","..","..","..","..","..","0.03","0.04","0.04","..","..","..","0.06","0.08","0.04","0.07","0.05","0.08","0.16","0.15","0.3","0.18","0.09","0.13","0.15","0.36","3.62","0.68","0.21","0.91","0.92","0.78","1.83","1.67","1.75","1.76","1.35","0.62","0.76","0.62","3.02","1.38","1.11","2.32","3.32","1.55","1.35","1.62","1.13","0.81","1.25","1.08","1.3"
"Equatorial Guinea","","..","..","..","..","..","..","..","..","..","..","..","..","..","..","..","..","..","..","..","..","..","..","0.02","..","0.03","0.02","0.04","0.12","0.12","0.03","0.12","0.08","0.38","0.37","0.04","0.17","0.14","..","..","..","..","..","..","..","..","..","..","..","..","..","..","0.18","0.11",".."
"Eritrea","","..","..","..","..","..","..","..","..","..","..","..","..","..","..","..","..","..","..","..","..","..","..","..","..","..","..","..","..","..","..","..","..","..","..","4.46","3.1","3.52","1.03","0.55","0.2","1.11","4.06","5.97","3.37","0.37","0.32","0.95","0.84","1.99","..","..","0.11","0.1",".."
"Ethiopia","","..","..","..","..","..","..","..","0.04","0.08","0.08","0.09","0.12","0.13","0.14","0.3","0.38","0.39","0.45","0.76","0.2","0.1","0.82","0.16","0.39","0.23","8.21","5.48","2.34","6.57","3.94","4.55","2.55","3.86","2.67","4.63","3.41","8.57","6.65","7.9","2.86","8.9","13.36","1.57","7.98","9.44","5.34","6.6","13.13","8.77","6.3","4.18","8.4","3.26","2.52"
"Falkland Islands","","..","..","..","..","..","..","..","..","..","..","..","..","..","..","..","..","..","..","..","..","..","..","..","..","..","..","..","..","..","..","..","..","..","..","..","..","..","..","..","..","..","..","..","..","..","..","..","..","..","..","..","..","..",".."
"Fiji","","..","..","..","..","..","..","..","0.01","0.01","..","..","..","..","..","..","0.03","..","0.06","..","..","0.07","0.03","0.13","..","..","..","0.07","0.13","0.12","..","..","0.09","0.17","..","..","..","..","0.01","0.01","..","..","..","..","..","..","..","..","..","..","..","..","..","..",".."
"Former Yugoslav Republic of Macedonia (FYROM)","","..","..","..","..","..","..","..","..","..","..","..","..","..","..","..","..","..","..","..","..","..","..","..","..","..","..","..","..","..","..","..","..","..","..","1.58","0.67","..","0.28","0.56","1.5","0.38","..","0.08","..","0.56","0.36","0.11","0.14","0.2","0.01","0.05","0.08","..",".."
"French Polynesia","","..","..","..","..","..","..","..","..","..","..","..","..","..","..","..","..","..","..","..","..","..","..","..","..","..","..","..","..","..","..","..","..","..","..","..","..","..","..","..","..","..","..","..","..","..","..","..","..","..","..","..","..","..",".."
"Gabon","","..","..","..","..","..","..","..","..","0.01","0.04","0.05","0.08","0.09","0.3","0.27","0.27","0.31","0.19","0.2","0.17","0.3","0.36","1.6","1.4","2.03","2.41","1.69","3.14","2.88","2.69","1.89","2.63","3.37","3.5","2.71","2.98","1.9","1.59","0.17","-0.19","0.09","-0.4","0.01","0.07","0.5","0.02","-0.16","-0.51","-0.44","-0.98","-0.09","-0.65","-0.53","-0.38"
"Gambia","","..","..","..","..","..","..","..","..","..","..","..","..","..","..","..","..","..","..","0.18","0.01","..","..","0.14","0.03","0.06","..","..","0.06","0.02","..","0.28","0.26","0.23","0.2","0.14","0.08","..","0.18","0.09","0.1","0.18","0.21","0.19","0.28","0.27","0.4","0.52","1.29","0.53","0.54","0.41","0.33","0.29","0.3"
"Georgia","","..","..","..","..","..","..","..","..","..","..","..","..","..","..","..","..","..","..","..","..","..","..","..","..","..","..","..","..","..","..","..","..","..","..","0.01","0.05","..","..","..","0.29","0.31","0.28","0.22","0.39","0.56","0.99","1.53","1.51","1.99","0.02","0.05","..","0.03",".."
"Ghana","","..","..","..","..","..","..","..","..","..","..","0.02","..","..","0.01","0.04","0.07","0.1","0.11","0.1","0.17","0.05","0.08","0.2","0.03","0.05","0.11","0.2","0.2","0.17","0.08","0.21","2.16","0.74","0.54","0.12","0.08","0.04","0.14","0.3","0.38","0.23","0.19","0.15","0.19","2.68","2.9","18.45","13.14","20.11","5.12","30.07","14.29","14.28","7.56"
"Gibraltar","","..","..","..","..","..","..","..","..","..","..","..","..","..","..","..","..","..","..","..","..","..","..","..","..","..","..","..","..","..","..","..","..","..","..","..","..","..","..","..","..","..","..","..","..","..","..","..","..","..","..","..","..","..",".."
"Grenada","","..","..","..","..","..","..","..","..","..","..","..","..","..","..","..","..","..","..","..","..","..","..","..","..","..","..","..","0.01","0.03","0.01","..","..","..","..","..","..","..","..","..","..","..","..","..","..","..","..","..","..","..","..","..","..","..",".."
"Guatemala","","..","..","..","..","..","..","..","0.02","0.02","0.01","0.02","0.02","0.04","0.08","0.02","0.09","0.73","0.87","0.31","0.39","0.53","0.29","0.21","0.26","0.15","0.17","0.19","0.33","0.74","1.67","1.26","1.82","1.58","2.69","1.74","3.25","2.47","2.61","2.92","2.07","1.52","2.04","2.71","3.04","4.07","3.38","3.38","3.33","4.44","5.2","3.74","4.52","3.94","4.27"
"Guinea","","..","..","..","..","..","..","..","0.03","0.03","0.02","0.01","0.01","..","0.02","0.03","0.02","0.04","0.05","0.06","0.18","0.1","0.13","0.2","0.04","0.22","1.1","0.47","0.51","0.37","0.55","0.52","0.66","0.85","3.01","3.92","5.69","1.66","1.77","1.13","0.91","2.44","1.03","4.81","1.21","1.77","1.23","1.53","0.92","2.24","1.15","1.05","1.47","1.37","1.88"
"Guinea-Bissau","","..","..","..","..","..","..","..","..","..","..","..","..","..","..","..","..","..","..","0.09","0.17","0.2","0.39","0.34","0.1","0.2","0.5","0.24","0.65","0.49","0.22","0.09","0.12","0.36","0.26","0.39","0.27","2.77","0.06","0.39","0.17","1.17","0.24","2.18","1.68","0.27","0.29","0.66","0.27","0.51","0.74","0.73","0.79","0.47","10.91"
"Guyana","","..","..","..","..","..","..","..","..","..","..","..","..","..","..","..","..","0.01","..","0.06","0.03","0.01","0.05","0.04","..","..","..","..","..","0.05","..","..","..","..","0.03","..","0.1","..","..","0.01","..","..","..","..","..","0.04","..","..","..","0.1","0.13","0.08","0.08","0.02",".."
"Haiti","","..","..","..","..","..","..","0.02","0.02","0.02","0.04","0.02","0.01","0.04","0.52","0.57","0.67","1.03","0.28","1.56","2.31","1.62","1.4","1.67","1.66","1.49","1.53","2.6","2.3","1.94","0.92","2.11","1.99","3.61","1.93","1.3","5.08","1.35","2.14","2.07","2.53","3.38","1.4","1.38","2.42","5.99","2.93","3.61","3.64","6.62","5.3","25.18","13.12","8.43","6.37"
"Honduras","","..","..","..","..","..","..","..","0.02","0.02","0.01","..","0.01","0.02","0.04","0.13","0.07","0.1","0.08","0.13","0.12","0.24","0.01","0.08","0.04","0.15","0.2","0.14","0.54","0.53","0.88","1.02","0.89","0.78","0.65","0.62","0.78","0.6","0.63","0.6","2.18","1.24","0.5","0.4","0.57","1.3","1.76","1.89","1.82","5.16","2.97","2.5","2.7","2.84","3.02"
"Hong Kong, China","","..","..","..","..","..","..","..","..","0.01","0.01","..","..","..","..","..","..","..","..","0.02","0.02","0.03","0.04","0.03","0.02","0.02","0.02","0.03","0.05","0.04","0.05","0.06","0.07","0.07","0.09","0.09","0.08","0.05","..","..","..","..","..","..","..","..","..","..","..","..","..","..","..","..",".."
"India","","..","..","..","..","..","..","0.06","1.61","2.57","4.59","1.1","7.82","5.05","6.44","7.07","9.42","0.7","10.66","12.27","24.51","0.49","19.26","-0.48","6.23","5.39","-0.79","-1.7","-1.87","-2.66","-2.71","4.3","-3.7","-3.33","4.64","-2.23","-3.15","-4.53","-3.33","-2.96","-2.25","-1.32","5.56","-5.06","3.82","-19.94","0.69","4.52","5.31","17.52","12.06","7.17","5.37","7.12","4.1"
"Indonesia","","..","..","..","..","..","..","..","0.01","0.41","1.65","3.7","5.8","7","12.08","14.47","14.46","13.24","13.98","4.93","16.2","20.55","13.56","12.94","12.09","3.24","3.39","11.27","5.84","6.23","10.74","-1.59","37.56","2.5","15.41","1.54","-1.19","7.11","-4.1","1.45","1.06","0.98","1.17","1.4","1.4","-6.91","-0.45","10.34","-10.08","-6.55","-6.19","-5.8","-5.04","-4.1","-4.2"
"Iran","","..","..","..","..","..","..","0.06","0.1","0.11","0.1","0.17","0.19","..","0.68","0.72","0.74","0.94","0.12","0.11","0.25","0.01","0.24","0.11","0.09","0.09","0.07","0.53","0.56","0.25","0.01","0.01","0.01","0.17","0.11","0.09","0.08","..","..","0.27","..","..","..","0.01","4.36","2.93","0.45","..","..","0.29","0.35","0.09","..","0.02","0.03"
"Iraq","","..","..","..","..","..","..","..","..","..","..","..","..","..","0.06","0.05","0.09","0.12","0.2","0.1","0.14","0.12","0.1","0.07","0.26","0.07","0.03","0.03","0.16","0.16","0.01","0.01","0.01","0.18","1.03","0.09","0.55","0.19","0.07","0.07","..","..","0.02","..","-0.19","5.21","248.02","0.45","2.23","103.76","0.2","0.43","0.35","0.03",".."
"Israel","","..","..","..","..","..","..","0.04","0.03","0.01","0.03","0.03","0.07","0.19","0.03","0.42","0.5","0.54","0.07","0.06","0.06","0.04","0.03","0.02","0.06","0.02","0.05","0.02","0.07","0.09","0.05","0.07","0.06","0.4","0.34","0.7","0.48","0.31","..","..","..","..","..","..","..","..","..","..","..","..","..","..","..","..",".."
"Jamaica","","..","..","..","..","..","..","..","..","..","0.01","0.02","0.04","0.02","0.01","0.01","0.01","0.02","0.02","0.01","0.01","0.15","0.08","0.21","1.02","0.17","0.11","0.16","0.63","0.14","0.19","0.11","0.1","0.14","0.09","0.03","0.09","-0.11","7.24","0.09","-0.08","..","0.38","0.94","2.14","1.93","2.4","2.93","4.48","3.55","8.88","4.28","3.75","3.83","2.39"
"Jordan","","..","..","..","..","..","..","..","..","..","0.01","0.01","..","0.05","0.13","0.11","0.13","0.09","0.01","0.26","0.13","0.1","0.19","0.06","0.03","0.08","0.06","0.11","0.14","0.14","0.1","0.14","6.13","0.23","0.29","0.11","0.13","0.41","0.09","0.21","..","0.14","0.01","-0.44","0.9","-0.19","0.12","-0.05","-0.16","-0.18","-0.14","-0.2","0.2","-0.44","-0.17"
"Kazakstan","","..","..","..","..","..","..","..","..","..","..","..","..","..","..","..","..","..","..","..","..","..","..","..","..","..","..","..","..","..","..","..","..","..","..","5.23","..","..","0.01","0.01","0.01","..","..","..","..","..","0.41","..","0.06","..","0.05","..","0.16","..","0.01"
"Kenya","","..","..","..","..","..","..","..","0.03","0.03","0.03","0.01","0.01","0.02","0.05","0.04","0.04","0.07","2.97","0.34","3.97","2.59","0.57","1.34","1.08","3.17","2.86","2.13","2.27","3.04","3.16","7.58","16.71","11.11","9.01","4.01","5.24","5.48","6.97","8.08","5.77","8.62","4.06","7.86","6.35","9.6","7.94","5.39","3.74","9.35","28.38","7.28","20.66","6.7","17.93"
"Kiribati","","..","..","..","..","..","..","..","..","..","..","..","..","..","..","..","..","..","..","..","..","..","..","..","..","..","..","..","..","..","..","..","..","..","..","..","..","..","..","..","..","..","..","..","..","..","..","..","..","..","..","..","..","..",".."
"Korea","","..","..","..","..","..","..","..","0.03","0.03","0.06","0.07","0.03","0.03","0.07","0.09","0.09","0.11","0.93","3.2","0.79","0.83","0.86","0.17","0.36","0.2","0.4","0.37","0.42","0.37","0.08","0.14","0.01","0.27","0.01","0.04","0.05","0.01","0.01","0.01","0.01","..","..","..","..","..","..","..","..","..","..","..","..","..",".."
"Korea, Dem. Rep.","","..","..","..","..","..","..","..","..","..","..","..","..","..","..","..","..","..","..","..","..","..","..","..","..","..","..","0.07","0.01","0.09","0.01","0.01","0.23","0.01","0.1","0.02","0.01","0.01","0.01","0.01","0.01","0.01","0.01","0.01","..","..","..","..","..","0.42","0.43","0.37","0.34","0.32","0.38"
"Kosovo","","..","..","..","..","..","..","..","..","..","..","..","..","..","..","..","..","..","..","..","..","..","..","..","..","..","..","..","..","..","..","..","..","..","..","..","..","..","..","..","..","..","..","..","..","..","..","..","..","..","..","..","0.11","0.1",".."
"Kuwait","","..","..","..","..","..","..","..","..","..","..","..","..","..","..","..","..","..","0.04","..","..","..","..","..","..","..","..","..","..","..","..","..","..","..","..","..","..","..","..","..","..","..","..","..","..","..","..","..","..","..","..","..","..","..",".."
"Kyrgyz Republic","","..","..","..","..","..","..","..","..","..","..","..","..","..","..","..","..","..","..","..","..","..","..","..","..","..","..","..","..","..","..","..","..","..","..","0.01","0.02","0.01","0.01","0.01","0.01","0.01","..","..","..","..","0.41","0.19","0.16","0.63","0.38","0.79","0.14","..",".."
"Laos","","..","..","..","..","..","..","..","0.02","0.01","0.03","0.03","0.03","0.04","0.06","0.08","0.07","0.09","0.09","0.03","0.18","0.05","0.01","0.03","0.01","0.02","..","..","0.01","0.11","..","0.23","0.02","0.07","0.27","0.54","1.03","2.7","2.82","3.1","1.58","1.82","2.02","3.17","4.1","5.47","7.05","6.72","4.52","2.78","3.19","1.14","2.74","2.38","0.94"
"Lebanon","","..","..","..","..","..","..","..","0.02","0.02","0.03","0.05","0.09","0.25","1.28","1.42","1.86","2.26","0.12","0.39","0.45","0.29","3.37","0.84","0.73","0.94","0.21","0.24","0.4","0.54","0.07","0.25","0.04","1.18","0.78","0.71","3.86","1.35","1.66","1.05","2.73","2.03","3.2","1.46","..","0.3","0.4","2.34","5.46","4.56","4.78","3.99","1.57","0.23","0.49"
"Lesotho","","..","..","..","..","..","..","..","..","..","..","..","..","..","0.3","0.08","..","0.06","0.06","0.19","0.16","0.15","0.01","0.04","0.02","0.07","0.05","0.06","0.01","0.01","0.01","0.01","0.21","0.35","0.22","0.13","0.11","0.15","0.21","..","..","0.09","..","..","..","..","..","..","0.12","0.01","..","..","0.01","..",".."
"Liberia","","..","..","..","..","..","..","..","..","..","..","..","0.01","..","..","..","..","..","0.02","0.05","0.06","0.06","0.05","0.05","..","1.47","..","..","0.04","0.18","0.02","0.02","0.08","1.18","0.05","0.04","0.1","0.96","0.61","0.49","0.05","..","..","..","0.23","..","0.51","1.23","0.29","..","0.01","0.13","47.41","0.03","0.01"
"Libya","","..","..","..","0.02","..","..","..","0.05","0.01","..","..","..","..","0.05","0.05","0.05","0.05","0.04","0.07","0.04","..","..","..","..","0.02","0.02","0.01","0.03","0.08","..","..","..","..","..","0.01","0.02","..","..","..","..","..","..","..","..","..","..","..","..","..","..","..","4.52","0.16","0.11"
"Macao","","..","..","..","..","..","..","..","..","..","..","..","..","..","..","..","..","..","..","..","..","..","..","..","..","..","..","..","..","..","..","..","..","..","..","..","..","..","..","..","..","..","..","..","..","..","..","..","..","..","..","..","..","..",".."
"Madagascar","","..","..","..","..","..","..","..","0.14","0.15","0.13","0.08","0.11","0.05","0.06","0.04","0.11","0.13","0.22","0.23","0.34","0.35","2.33","0.29","0.04","0.13","0.12","0.34","0.41","0.35","0.16","0.46","0.92","0.73","0.62","0.73","0.93","0.65","24.59","0.83","2.14","2.99","0.36","0.67","1.29","1.68","0.42","1.09","1.9","1.77","2.02","2.13","1.87","1.7","2.08"
"Malawi","","..","..","..","..","..","..","..","..","..","..","..","..","..","0.01","0.01","0.03","..","0.05","0.04","0.04","0.03","0.03","0.03","0.02","0.02","0.02","0.03","0.04","0.11","0.07","4.51","1.45","2.3","0.46","0.46","0.41","0.9","0.06","0.07","0.06","0.04","0.81","0.07","1.96","0.13","0.56","2.54","3.28","3.13","9.39","12.04","8.29","14.28","12.1"
"Malaysia","","..","..","..","..","..","..","0.01","0.02","0.09","0.07","0.14","0.06","0.17","0.69","0.89","1.99","2.23","2.15","1.2","2.64","2.2","1.52","1.06","0.61","0.42","0.4","0.36","0.24","0.17","0.07","0.65","0.02","0.38","0.56","0.4","0.1","..","0.02","0.1","0.02","..","..","..","0.09","0.06","0.2","0.09","..","..","..","..","..","..",".."
"Maldives","","..","..","..","..","..","..","..","..","..","..","..","..","..","..","..","..","..","..","..","..","..","..","..","..","..","..","..","..","..","..","..","..","..","0.01","..","..","0.01","0.02","0.02","0.02","0.01","3.23","..","..","..","0.41","1","0.68","..","..","..","..","..",".."
"Mali","","..","..","..","..","..","..","..","0.01","0.02","0.02","0.02","0.01","0.02","0.19","0.24","1.29","0.45","1.85","1.47","2.93","1.82","1.44","1.54","2.71","1.29","4.32","2.36","4.2","2.1","0.86","4.41","2.88","2.16","1.77","7.35","3.68","11.32","4.23","3.18","5.55","6.25","6.62","8.81","4.46","9.18","9.49","13.26","19.36","23.4","19.61","18.72","19.58","15.62","29.71"
"Malta","","..","..","..","..","..","..","..","..","..","0.01","..","..","..","0.01","..","0.01","..","..","..","..","..","..","..","..","..","..","..","..","..","..","..","..","..","..","0.02","..","..","..","..","..","..","..","..","..","..","..","..","..","..","..","..","..","..",".."
"Marshall Islands","","..","..","..","..","..","..","..","..","..","..","..","..","..","..","..","..","..","..","..","..","..","..","..","..","..","..","..","..","..","..","..","..","..","..","..","..","..","..","..","..","..","..","..","..","0.04","..","..","..","..","..","..","..","..",".."
"Mauritania","","..","..","..","..","..","..","..","..","..","0.01","0.01","..","..","0.15","0.05","0.5","0.25","0.76","0.92","1.04","0.27","0.2","0.42","0.04","0.14","1.18","0.28","0.59","0.35","0.01","0.39","0.41","0.29","0.15","0.03","0.04","0.01","..","2.47","0.86","2.22","1.21","1.87","1.42","0.63","4.15","2.54","1.58","2.12","1.13","0.54","0.37","0.64","0.29"
"Mauritius","","..","..","..","..","..","..","..","..","0.03","..","..","0.01","..","..","0.01","0.05","0.05","..","0.09","0.31","0.26","0.24","0.22","0.14","0.11","0.07","0.07","0.44","0.06","..","..","0.01","0.03","0.48","0.29","0.4","0.04","0.08","0.98","..","0.62","0.51","0.44","0.43","0.5","0.21","0.09","..","..","..","..","..","..",".."
"Mayotte","","..","..","..","..","..","..","..","..","..","..","..","..","..","..","..","..","..","..","..","..","..","..","..","..","..","..","..","..","..","..","..","..","..","..","..","..","..","..","..","..","..","..","..","..","..","..","..","..","..","..","..","..","..",".."
"Mekong Delta Project","","..","..","..","..","..","..","..","..","..","..","..","..","..","..","..","..","..","..","..","..","..","..","..","..","..","..","..","..","..","..","..","..","..","..","..","..","..","..","..","..","..","..","..","..","..","..","..","..","..","..","..","..","..",".."
"Mexico","","..","..","..","..","..","..","0.04","0.08","0.08","0.15","0.11","0.11","0.14","0.27","0.33","0.39","0.87","0.17","0.31","0.4","0.49","0.3","0.12","0.27","0.43","0.41","0.75","0.6","0.86","0.59","3.89","1.36","1.24","1.75","1.08","1.01","0.74","0.86","0.73","0.35","0.54","0.32","0.43","0.41","0.39","0.54","0.29","0.9","1.36","0.98","0.58","0.65","0.44","0.56"
"Micronesia","","..","..","..","..","..","..","..","..","..","..","..","..","..","..","..","..","..","..","..","..","..","..","..","..","..","..","..","..","..","..","..","..","..","..","..","..","..","..","..","..","..","..","..","..","..","..","..","..","..","..","..","..","..",".."
"Moldova","","..","..","..","..","..","..","..","..","..","..","..","..","..","..","..","..","..","..","..","..","..","..","..","..","..","..","..","..","..","..","..","..","..","..","..","..","..","..","..","..","..","0.1","0.02","0.03","0.07","0.24","0.11","0.08","0.14","0.04","..","0.01","0.07","0.03"
"Mongolia","","..","..","..","..","..","..","..","..","..","..","..","..","..","..","..","..","..","..","..","..","..","..","..","..","..","..","..","..","..","..","..","..","..","..","0.02","0.02","0.02","..","0.06","0.01","0.02","..","..","0.01","..","0.11","0.05","6.43","..","0.07","0.01","0.01","0.11",".."
"Montenegro","","..","..","..","..","..","..","..","..","..","..","..","..","..","..","..","..","..","..","..","..","..","..","..","..","..","..","..","..","..","..","..","..","..","..","..","..","..","..","..","..","..","..","..","..","..","..","..","0.03","..","0.05","..","0.09","..",".."
"Montserrat","","..","..","..","..","..","..","..","..","..","..","..","..","..","..","..","..","..","..","..","0.05","0.04","..","0.04","..","..","..","..","..","..","..","..","..","..","..","..","..","..","..","..","..","..","..","..","..","..","..","..","..","..","..","..","..","..",".."
"Morocco","","..","..","..","..","..","0.05","0.26","0.8","1.63","1.26","1.67","1.32","2.44","3.37","4.63","10.66","9.23","12.32","14.25","15.61","14.16","15.26","8.97","8.14","3.85","5.36","3.85","4.16","6.21","1.9","3.08","7.28","24.95","9.43","6.45","5.34","7.92","11.32","6.51","6.39","4.85","2.6","3.98","10.01","13.34","17.16","10.26","12.71","15.22","22.39","20.71","28.79","15.52","13.76"
"Mozambique","","..","..","..","..","..","..","..","..","..","..","..","..","..","..","..","..","0.01","0.39","0.19","0.28","0.83","0.11","0.41","0.23","0.7","1.3","0.28","0.97","1.68","0.77","0.7","2.11","0.66","2.86","3.36","1.09","7.37","1.37","0.67","0.95","2.53","9.5","2.75","8.71","10.57","12.21","12.81","23.4","25.87","23.14","33.97","33.47","11.87","30.9"
"Myanmar (Burma)","","..","..","..","..","..","..","..","..","..","..","..","..","..","..","..","..","..","..","..","..","0.01","..","..","0.01","..","..","..","0.01","0.02","0.02","0.02","0.01","0.03","0.02","0.02","0.01","..","..","..","..","..","..","..","..","..","..","0.08","0.2","2.2","0.06","0.14","0.84","0.44","2.62"
"Namibia","","..","..","..","..","..","..","..","..","..","..","..","..","..","..","..","..","..","..","..","..","..","..","..","..","..","0.04","..","..","..","..","0.06","0.12","0.36","0.37","0.61","2.5","2.42","0.95","0.96","0.31","0.48","0.34","0.57","1.75","1.11","0.6","0.51","0.59","0.45","0.72","0.57","0.8","0.85","0.73"
"Nauru","","..","..","..","..","..","..","..","..","..","..","..","..","..","..","..","..","..","..","..","..","..","..","..","..","..","..","..","..","..","..","..","..","..","..","..","..","..","..","..","..","..","..","..","..","..","..","..","..","..","..","..","..","..",".."
"Nepal","","..","..","..","..","..","..","..","..","..","..","..","..","..","..","..","0.01","0.01","0.07","0.01","0.05","0.07","0.03","0.07","0.01","0.01","0.07","5.7","0.35","0.1","0.54","0.11","0.07","0.06","0.15","3.12","0.19","0.07","-0.42","-0.22","2.03","-0.19","2.31","-0.09","1.87","-0.55","-0.33","0.61","0.8","2.15","0.74","1.13","0.43","0.49","-0.31"
"Netherlands Antilles","","..","..","..","..","..","..","..","..","..","..","..","..","..","..","0.01","..","..","..","..","0.01","..","0.01","..","..","..","0.03","..","0.01","..","..","..","..","..","..","..","..","..","..","..","..","..","..","..","..","..","..","..","..","..","..","..","..","..",".."
"New Caledonia","","..","..","..","..","..","..","..","..","..","..","..","..","..","..","..","..","..","..","..","..","0.05","..","0.04","..","..","..","..","..","..","..","0.01","..","..","..","..","0.01","..","..","0.01","..","..","..","..","..","..","..","..","..","..","..","..","..","..",".."
"Nicaragua","","..","..","..","..","..","..","..","..","..","..","..","..","..","0.06","0.04","0.06","0.07","..","..","0.91","0.26","0.75","0.6","0.51","0.43","0.54","0.65","0.79","1.2","0.89","1.68","2.44","2.75","2.82","2.4","3.35","2.88","3.01","2.73","4.49","3.11","1.86","2","1.94","3.24","4.92","5.63","2.9","9.92","3.66","3.48","3.97","3.52","3.78"
"Niger","","..","..","..","..","..","..","..","0.03","0.03","0.05","0.09","0.17","0.24","1.38","3.36","1.18","2.85","2.16","3.76","6.63","10.14","12.16","3.49","3.87","2.62","7.64","7.05","5.4","6.37","4.83","4.61","3.23","4.71","6.18","2.38","8.06","7.21","3.87","4.53","9.22","9.82","12.72","4.14","10.55","8.67","15.21","18.92","15.88","21.88","26.32","34.81","23.59","17.63","25.01"
"Nigeria","","..","..","..","..","..","..","0.08","0.11","0.06","0.09","0.05","0.04","0.01","0.11","0.17","0.32","0.39","0.1","0.55","0.54","0.53","0.31","0.31","0.22","0.18","0.25","0.52","0.42","0.41","0.01","0.79","0.28","0.72","0.76","0.71","0.52","0.35","0.56","0.35","0.37","0.26","0.45","0.42","0.67","1.16","142.01","197.37","0.9","3.7","0.28","0.29","0.04","0.02","0.02"
"Niue","","..","..","..","..","..","..","..","..","..","..","..","..","..","..","..","..","..","..","..","..","..","..","0.05","..","..","..","..","..","..","..","..","..","..","..","..","..","..","..","..","..","..","..","..","..","..","..","..","..","..","..","..","..","..",".."
"Northern Marianas","","..","..","..","..","..","..","..","..","..","..","..","..","..","..","..","..","..","..","..","..","..","..","..","..","0.04","0.08","..","..","..","..","..","..","..","..","..","..","..","..","..","..","..","..","..","..","..","..","..","..","..","..","..","..","..",".."
"Oman","","..","..","..","..","..","..","..","..","..","..","..","..","..","..","..","..","..","..","..","..","..","..","..","..","..","..","..","..","..","..","0.01","0.04","0.01","..","..","0.02","..","..","..","..","..","..","..","12.5","..","..","..","..","..","..","..","..","..",".."
"Pakistan","","..","..","..","..","..","..","0.03","0.55","1.05","1.44","2.1","2.2","0.48","5.24","5.83","4.26","4.2","0.09","4.76","5.15","5.02","-0.2","-0.24","-0.39","6.37","-0.2","-1.01","0.3","-1.65","-1.69","0.55","3.73","-0.62","-1.57","6.86","-2.71","-5.48","-2.33","0.08","0.08","0.07","0.07","0.82","0.06","0.06","1.02","4.99","1.19","0.53","2.68","14.71","14.18","1.01","2.69"
"Palau","","..","..","..","..","..","..","..","..","..","..","..","..","..","..","..","..","..","..","..","..","..","..","..","..","..","..","..","..","..","..","..","..","..","..","..","..","..","..","..","..","..","..","..","..","..","..","..","..","..","..","..","..","..",".."
"Panama","","..","..","..","..","..","..","..","0.01","0.02","..","..","..","..","0.02","0.04","0.06","0.12","0.09","0.07","0.09","0.06","0.09","0.09","0.04","0.08","0.03","0.03","0.06","0.04","0.06","0.07","0.03","0.19","0.15","0.05","0.11","0.11","0.03","0.05","0.17","0.12","0.13","0.06","0.1","0.11","0.1","0.16","0.07","..","..","..","0.01","..",".."
"Papua New Guinea","","..","..","..","..","..","..","..","..","..","..","..","..","..","..","..","0.03","..","0.04","..","..","..","0.01","..","0.07","0.19","0.13","0.04","0.13","0.1","0.11","0.19","0.12","0.31","0.29","0.01","0.01","0.03","0.06","0.05","0.01","0.01","0.01","0.02","..","0.01","0.01","..","..","..","..","..","0.01","..",".."
"Paraguay","","..","..","..","..","..","..","..","0.03","0.04","0.03","0.04","0.04","0.01","0.04","0.07","0.09","0.19","0.03","0.26","0.07","0.08","0.3","0.21","0.16","0.3","0.14","0.18","0.08","0.18","0.16","0.41","0.12","0.22","0.09","0.38","0.25","0.28","0.26","0.24","0.2","0.02","0.08","0.06","0.03","0.14","0.03","0.02","0.04","0.29","0.01","0.02","0.02","..",".."
"Peru","","..","..","..","..","..","0.27","0.41","0.41","0.29","0.39","0.73","0.72","0.95","1.8","2.3","4.75","4.57","2.82","3.76","3.75","4.6","4.87","1.54","3.39","1.7","1.76","2.97","3.52","4.06","2.2","3.84","2.66","3.82","3.44","2.82","4.69","2.07","3.22","3.75","3.42","2.77","2.3","6.35","6.45","9.58","15.96","16.82","15.44","29.81","21.79","15.63","16.83","15.24","17.82"
"Philippines","","..","..","..","..","..","..","..","0.01","0.01","..","0.02","1.05","0.01","2.03","1.44","0.23","3.06","1.79","0.86","0.22","17.19","1.84","7.47","2.74","3.24","1.34","0.77","0.96","1.38","1.65","4.94","3.44","5.33","7.5","2.86","1.52","7.06","2.1","5.54","6.13","5.84","6.9","4.48","4.43","12.76","5.84","6.28","4.01","4.02","5.3","4.14","4.9","5.14","6.07"
"Qatar","","..","..","..","..","..","..","..","..","..","..","..","..","..","..","..","..","..","..","..","..","..","..","..","..","..","..","..","..","..","..","..","..","..","..","..","..","..","..","..","..","..","..","..","..","..","..","..","..","..","..","..","..","..",".."
"Rwanda","","7.5","6.7","8.55","6.31","4.65","4.67","5.76","7.61","7.57","9.61","11.16","12.66","14.81","17.13","16.33","25.64","26.26","28.58","36.31","35.48","36.2","28.87","26.26","20.16","20.59","20.22","24.63","33.49","29.05","26.71","43.39","55.8","45.49","36.66","28.95","13.87","31.29","20.95","23.03","20.91","15.92","11.44","21.49","20.67","18.81","27.25","36.08","42.52","65.24","82.19","70.32","76.52","53.5","47.58"
"Samoa","","..","..","..","..","..","..","..","..","..","..","..","..","0.01","0.01","..","0.01","..","..","0.02","..","0.08","0.04","0.12","..","..","..","..","..","0.1","0.01","..","0.06","..","0.05","0.06","0.09","..","..","..","..","..","..","..","..","..","..","..","..","..","..","..","..","..",".."
"Sao Tome & Principe","","..","..","..","..","..","..","..","..","..","..","..","..","..","..","..","0.04","0.06","0.12","..","0.03","..","..","0.06","..","..","..","0.02","..","0.07","1.02","0.03","0.01","0.01","0.01","..","0.01","0.01","0.01","..","..","..","..","..","-0.15","..","..","-0.19","..","1.41","..","..","..","..",".."
"Saudi Arabia","","..","..","..","..","..","..","..","..","..","..","..","..","0.02","0.04","..","..","..","..","..","..","..","..","..","..","0.05","..","0.01","..","..","..","..","..","..","..","..","0.01","..","..","..","..","..","..","..","-0.21","..","..","..","..","..","..","..","..","..",".."
"Senegal","","..","..","..","..","..","..","..","0.13","0.1","0.23","0.39","0.46","0.5","1.23","1.62","1.91","2.3","3.53","4.95","7.7","6.39","5.54","7.06","4.77","4.58","5.13","5.01","5.79","6.36","8.38","10.07","6.39","6.53","6.64","7.66","7.97","10.18","7.73","10.88","9.16","5.71","7.19","7.48","15.04","12.19","16.8","22.8","22.75","20.91","19.3","17.74","23.98","17.67","23.87"
"Serbia","","..","..","..","..","..","..","..","..","..","..","..","..","..","..","..","..","..","..","..","..","..","..","..","..","..","..","..","..","..","..","..","..","..","..","0.51","..","..","..","0.13","3.34","6.75","4.86","51.91","4.03","0.77","1.53","21.61","0.56","5.19","0.5","0.88","1.2","0.66","0.23"
"Seychelles","","..","..","..","..","..","..","..","..","..","..","..","..","..","..","..","..","..","..","0.04","0.09","0.21","0.14","0.19","0.07","0.81","0.22","2.54","0.88","0.56","0.42","5.17","0.75","0.86","0.66","0.18","0.1","-0.04","..","-0.25","-0.18","-0.16","..","..","..","..","0.55","2.02","..","..","..","1.02","..","0.01",".."
"Sierra Leone","","..","..","..","..","..","..","..","..","..","..","..","..","..","..","..","..","..","0.02","0.04","0.04","0.05","0.03","0.04","..","0.1","0.01","0.09","0.08","0.09","0.04","0.05","0.12","0.01","0.03","5.42","0.08","1.41","0.28","0.13","0.04","5.5","6.95","9.2","7.95","0.04","..","1.55","13.69","0.11","0.63","0.11","0.01","0.01","0.01"
"Singapore","","..","..","..","..","..","..","..","0.06","0.01","..","..","..","..","..","..","..","..","..","..","..","0.04","0.04","0.02","0.01","0.01","..","..","..","..","..","..","..","..","0.01","..","0.02","..","..","..","..","..","..","..","..","..","..","..","..","..","..","..","..","..",".."
"Slovenia","","..","..","..","..","..","..","..","..","..","..","..","..","..","..","..","..","..","..","..","..","..","..","..","..","..","..","..","..","..","..","..","..","..","..","..","0.04","0.13","0.52","..","..","0.02","..","0.01","..","..","..","..","..","..","..","..","..","..",".."
"Solomon Islands","","..","..","..","..","..","..","..","..","..","..","..","..","..","..","..","..","..","..","..","..","..","..","..","..","..","..","..","..","0.1","..","..","..","..","..","..","..","..","..","..","..","..","..","..","..","..","..","..","..","..","..","..","..","..",".."
"Somalia","","..","..","..","..","..","..","..","..","..","0.02","0.02","0.02","0.04","0.03","0.01","0.42","0.61","0.03","0.04","0.35","0.36","0.25","0.37","0.06","0.18","2.21","1.01","4.19","0.27","0.3","8.01","1.42","7.64","6.61","0.02","0.27","1.3","0.05","1.11","..","..","..","..","..","..","..","1.38","2.78","2.56","3.48","5.69","7.46","1.12","0.03"
"South Africa","","..","..","..","..","..","..","..","..","..","..","..","..","..","..","..","..","..","..","..","..","..","..","..","..","..","..","..","..","..","..","..","..","..","..","0.07","5.56","4.85","7.51","3.55","4.48","4.1","6.12","9.87","13.25","14.67","18.17","24.77","14.75","20.83","18.13","15.33","17.19","17.75","20"
"South Sudan","","..","..","..","..","..","..","..","..","..","..","..","..","..","..","..","..","..","..","..","..","..","..","..","..","..","..","..","..","..","..","..","..","..","..","..","..","..","..","..","..","..","..","..","..","..","..","..","..","..","..","..","6.82","2.34","6.2"
"Sri Lanka","","..","..","..","..","..","..","..","..","..","..","0.02","0.02","..","..","0.02","0.02","0.05","0.03","0.11","0.53","0.25","0.19","0.28","0.26","0.65","1.11","0.99","0.84","0.97","0.45","1.08","0.9","0.86","1.32","0.67","0.74","0.42","0.25","0.24","0.14","0.12","0.01","0.02","0.09","0.09","5.37","0.77","1.53","2.22","5.53","0.22","0.73","1.3","0.42"
"St. Helena","","..","..","..","..","..","..","..","..","..","..","..","..","..","..","..","..","..","..","..","..","..","..","..","..","..","..","..","..","..","..","..","..","..","..","..","..","..","..","..","..","..","..","..","..","..","..","..","..","..","..","..","..","..",".."
"St. Kitts-Nevis","","..","..","..","..","..","..","..","..","..","..","..","..","..","..","..","..","..","..","..","..","..","..","..","..","..","..","..","..","..","..","..","..","..","..","..","..","..","..","..","..","..","..","..","..","..","..","..","..","..","..","..","..","..",".."
"St. Lucia","","..","..","..","..","..","..","..","..","..","..","..","..","..","..","..","..","..","..","..","..","..","..","..","..","..","..","..","..","..","..","0.03","..","..","..","..","..","..","..","..","..","..","..","..","..","..","..","..","..","..","..","..","..","..",".."
"St.Vincent & Grenadines","","..","..","..","..","..","..","..","..","..","..","..","..","..","..","..","..","..","..","..","..","..","..","..","..","0.02","..","..","..","..","..","..","..","..","..","..","..","..","..","..","..","..","..","..","..","..","..","..","..","..","..","..","..","..",".."
"Sts Ex-Yugo. Unspec.","","..","..","..","..","..","..","..","..","..","0.02","0.02","0.05","0.02","0.01","0.09","0.1","0.13","0.05","0.01","0.11","..","..","..","..","..","..","0.1","0.11","0.01","..","0.01","..","2.03","0.25","..","0","2.2","0.45","..","..","..","..","..","..","..","..","..","..","..","..","0.06","..","..",".."
"Sudan","","..","..","..","..","..","..","..","..","..","..","0.17","..","0.26","0.06","0.04","0.06","0.07","0.2","0.52","1.24","2.01","3.91","2.08","1.21","0.9","3.95","1.33","2.47","0.91","0.73","0.83","0.69","0.52","4.37","0.66","0.17","0.03","0.41","1.01","1.16","0.38","..","1.95","0.2","1.11","3.09","2.27","7.74","2.7","3.18","13.48","7.83","0.01","0.01"
"Suriname","","..","..","..","..","..","..","..","..","..","..","..","..","..","..","..","0.04","0.05","0.01","0.04","0.09","0.5","0.52","0.74","0.75","0.76","0.85","1.76","1.17","1.35","1.25","4.83","3.02","3.83","2.47","3.09","2.91","3.33","2.53","4.27","4.97","1.81","0.87","0.77","1.32","0.99","1.18","1.29","0.54","1.62","2.01","2.24","2.21","2.41","1.68"
"Swaziland","","..","..","..","..","..","..","..","..","..","..","0.01","0.01","0.03","0.01","0.02","..","0.02","0.03","0.04","0.07","0.04","..","0.11","..","0.19","0.09","0.62","0.34","..","0.42","0.01","0.54","0.7","0.36","0.29","0.34","0.09","0.03","0.03","0.11","0.03","..","..","..","..","..","..","0.18","0.02","..","..","..","..",".."
"Syria","","..","..","..","..","..","..","..","0.01","0.02","0.03","0.01","0.01","0.01","0.53","0.48","0.58","0.63","0.01","0.67","0.77","3.12","0.45","0.24","0.16","0.07","0.07","0.05","0.17","0.21","..","..","0.08","..","-0.23","0.02","-0.15","-0.12","-0.09","-0.1","0.12","-0.05","0.03","-0.01","0.15","-0.12","..","-0.12","0.03","0.07","1.28","0.17","0.02","2.69","11.68"
"Tajikistan","","..","..","..","..","..","..","..","..","..","..","..","..","..","..","..","..","..","..","..","..","..","..","..","..","..","..","..","..","..","..","..","..","..","..","..","0.05","..","..","..","0.18","..","..","..","..","..","0.09","0.01","..","0.3","0.32","..","..","..",".."
"Tanzania","","..","..","..","..","..","..","..","0.01","0.02","0.01","0.01","0.02","..","0.01","0.04","0.37","1.71","0.22","4.8","5.34","2.46","7.26","1.47","4.53","4.66","3.64","3.19","2.12","6.8","4.33","14.26","11.85","18.26","21.19","8.18","11.92","10.23","7.33","61.02","18.66","7.41","16.13","70.63","8.84","17.56","6.28","14.7","13.76","18.53","21.17","22.45","25.68","22.79","13.34"
"Thailand","","..","..","..","..","..","..","0.03","0.05","0.08","0.06","0.02","0.04","0.04","0.11","0.13","0.22","0.51","0.24","0.48","0.36","1.92","0.93","3.55","1.34","2.86","4.98","3.81","2.65","3.1","2.76","4.25","6.09","6.92","9.18","3.44","5.94","4.4","4.53","3.05","1.47","0.89","0.02","-0.21","-0.23","-0.24","-0.08","0.13","0.05","0.24","0.02","-0.15","0.62","0.68","0.03"
"Timor-Leste","","..","..","..","..","..","..","..","..","..","..","..","..","..","..","..","..","..","..","..","..","..","..","..","..","..","..","..","..","..","..","..","..","..","0.29","..","0.02","0.01","0.01","..","..","7.22","7.26","2.89","2.18","0.39","0.02","..","..","..","..","..","..","..",".."
"Togo","","..","..","..","..","..","..","..","0.02","0.01","0.03","0.02","0.06","0.08","0.1","0.11","0.13","0.17","0.45","0.27","0.4","0.39","0.25","0.47","0.15","0.29","0.37","2.74","1.19","0.65","0.48","1.86","1.48","3.97","0.88","0.84","16.16","1.01","1.36","4.75","1.46","1.02","1.16","1.36","1.12","0.95","1.13","1.86","1.58","2.58","62.4","5.03","88.01","0.72","0.74"
"Tokelau","","..","..","..","..","..","..","..","..","..","..","..","..","..","..","..","..","..","..","..","..","..","..","..","..","..","..","..","0.01","..","..","..","..","..","..","..","..","..","..","..","..","..","..","..","..","..","..","..","..","..","..","..","..","..",".."
"Tonga","","..","..","..","..","..","..","..","..","..","..","..","..","..","..","..","..","..","..","..","..","..","..","0.07","..","0.01","0.01","0.01","..","..","..","..","..","..","..","..","..","..","..","..","..","..","..","..","..","..","..","..","..","..","..","..","..","..",".."
"Trinidad & Tobago","","..","..","..","..","..","..","..","..","..","..","..","..","..","0.01","0.04","0.01","0.04","0.04","0.05","..","0.08","..","..","..","..","..","..","..","0.11","..","..","0.05","0.09","0.03","0.01","0.02","0.03","0.02","0.01","0.01","0.01","..","..","..","..","..","..","..","..","..","..","..","..",".."
"Tunisia","","..","..","..","..","..","0.07","0.82","1.13","1.19","2.64","3.17","3.41","3.8","6.68","8.19","7.96","9.57","10.26","12.06","15.8","16.68","7.93","5.57","7.6","2.92","3.81","5.02","3.12","2.6","3.54","7.4","12.97","10.36","6.47","8.04","5.52","9.92","3.19","9.8","6.99","9.26","1.71","-0.13","1.08","1.5","2.44","9.55","6.71","8.22","0.89","-0.07","6.77","-2.62","-0.42"
"Turkey","","..","..","-0.64","0.3","1.3","3.2","1.44","2.24","1.26","1.81","1.5","1.03","1.05","1.5","2.21","2.71","2.54","-0.58","7.31","6.02","9.28","7.14","0.06","10.18","3.68","3.65","6.08","-0.78","7.79","3.64","2.55","6.52","-2.77","-2.85","-2.99","0.23","-4.53","-4.29","-4.64","-3.76","-0.17","-4.33","-5.39","-4.09","3.49","6.15","9.66","-6.07","-6.08","-5.78","-5.05","-4.68","-3.84","-3.39"
"Turkmenistan","","..","..","..","..","..","..","..","..","..","..","..","..","..","..","..","..","..","..","..","..","..","..","..","..","..","..","..","..","..","..","..","..","..","..","..","..","..","..","..","..","..","..","..","..","..","..","..","..","..","0.11","0.01","..","..",".."
"Turks & Caicos Islands","","..","..","..","..","..","..","..","..","..","..","..","..","..","..","..","..","..","..","..","..","..","..","..","..","..","..","..","..","..","..","..","..","..","..","..","..","..","..","..","..","..","..","..","..","..","..","..","..","..","..","..","..","..",".."
"Tuvalu","","..","..","..","..","..","..","..","..","..","..","..","..","..","..","..","..","..","..","..","..","..","..","..","..","..","..","..","..","..","..","..","..","..","..","..","..","..","..","..","..","..","..","..","..","..","..","..","..","..","..","..","..","..",".."
"Uganda","","..","..","..","..","..","..","..","0.01","0.01","..","0.01","0.02","0.03","0.01","0.01","0.01","0.02","0.03","0.05","0.04","0.21","0.46","0.16","0.42","0.25","1.65","0.17","0.47","0.51","0.41","10.55","0.63","0.9","1.52","1.92","5.32","1.75","2.82","8.59","2.12","6.73","3.53","2.14","6.64","8.14","13.32","14.85","15","17.03","22.16","28.3","14.16","21.56","15.68"
"Ukraine","","..","..","..","..","..","..","..","..","..","..","..","..","..","..","..","..","..","..","..","..","..","..","..","..","..","..","..","..","..","..","..","..","..","..","..","..","..","..","..","..","..","..","..","..","..","1.48","1.47","0.13","0.05","0.9","0.14","0.1","0.12","0.06"
"United Arab Emirates","","..","..","..","..","..","..","..","..","..","..","..","..","..","..","..","..","..","..","..","..","..","..","..","..","..","..","..","0.01","0.01","..","0.01","0.01","0.03","..","..","..","..","..","..","..","..","..","..","..","..","..","..","..","..","..","..","..","..",".."
"Uruguay","","..","..","..","..","..","..","..","..","0.02","0.03","0.03","0.02","0.09","0.08","0.06","0.12","0.19","0.11","0.17","0.13","0.25","0.14","0.24","0.17","0.13","0.13","0.27","0.12","0.23","0.19","0.68","0.46","0.89","1.2","0.93","1.21","0.8","0.97","0.95","0.63","0.49","0.38","0.33","0.14","0.1","0.06","0.1","0.08","0.02","..","..","0.05","0.05","0.05"
"Uzbekistan","","..","..","..","..","..","..","..","..","..","..","..","..","..","..","..","..","..","..","..","..","..","..","..","..","..","..","..","..","..","..","..","..","..","..","..","..","..","0.01","..","..","..","..","..","..","4.97","..","0.02","..","..","..","0.02","..","0.01",".."
"Vanuatu","","..","..","..","..","..","..","..","..","..","..","..","..","0.01","0.02","0.03","..","0.03","..","..","..","0.09","..","..","..","..","..","..","..","..","..","..","..","..","..","..","..","..","..","..","..","..","..","..","..","..","..","..","..","..","..","..","..","..",".."
"Venezuela","","..","..","..","..","..","..","..","0.04","0.05","0.07","0.01","0.08","0.04","0.1","0.13","0.26","0.53","0.94","0.53","0.89","1.86","0.34","0.12","0.17","0.29","0.13","0.23","0.31","0.7","0.46","0.37","0.82","0.66","0.8","0.51","0.91","0.67","0.95","0.99","0.52","0.36","0.26","0.26","0.5","0.55","0.52","0.53","0.55","0.19","0.23","0.18","0.18","0.19","0.15"
"Vietnam","","..","..","..","..","..","..","0.03","0.04","0.05","0.05","0.06","0.05","0.11","2.92","2.56","3.18","2.68","1.43","3.05","14.91","2.12","2.02","0.83","0.7","0.77","0.5","1.76","1.76","0.41","0.13","0.31","0.98","6.75","4.22","36.58","10.27","14.76","7.73","9.7","13.97","38.04","9.37","11.56","11.7","14.39","16.3","19.76","19.48","27.77","24.22","22.24","22.98","25.36","29.82"
"Virgin Islands (UK)","","..","..","..","..","..","..","..","..","..","..","..","..","..","..","..","..","..","..","..","..","..","..","..","..","..","..","..","0.01","0.01","0.01","0.01","0.01","0.01","0.01","..","..","..","..","..","..","..","..","..","..","..","..","..","..","..","..","..","..","..",".."
"Wallis & Futuna","","..","..","..","..","..","..","..","..","..","..","..","..","..","..","..","..","..","..","..","..","..","..","..","..","..","..","..","..","..","..","..","..","..","..","..","..","..","..","..","..","..","..","..","0.01","..","..","..","..","..","..","..","..","..",".."
"West Bank & Gaza Strip","","..","..","..","..","..","..","..","..","..","..","..","..","..","..","..","..","..","..","..","..","..","..","..","..","..","..","..","..","..","..","..","..","..","..","..","5.6","1.56","2.65","4.59","5.84","6.31","4.01","9.41","..","13.21","16.91","15.75","19.74","30.33","22.72","24.33","30.01","33.45","33.54"
"Yemen","","..","..","..","..","..","..","..","..","..","..","..","..","..","..","..","0.01","0.01","0.03","..","..","..","..","0.04","0.05","0.08","0.06","0.01","0.01","0.01","..","..","0.07","..","..","0.1","0.01","0.04","0.02","0.01","..","..","..","..","0.11","0.08","0.47","0.07","0.01","0.36","1.39","0.34","..","..",".."
"Zambia","","..","..","..","..","..","..","..","..","0.01","..","..","0.01","0.03","0.04","0.03","0.02","0.07","0.48","1.22","2.09","1.94","1.68","1.41","1.12","1.45","1.34","1.45","7.25","5.15","3.56","3.74","3.11","5.88","2.05","12.55","2.14","2.79","2.43","2.44","2.06","7.8","2.7","2.66","3.26","3.4","3.38","4.16","0.97","2.17","1.89","1.85","1.6","1.35","1.29"
"Zimbabwe","","..","..","..","..","..","..","..","..","..","..","..","..","..","..","..","..","..","..","..","..","..","2.95","0.25","0.56","0.25","0.53","0.79","0.99","1.23","0.55","1.03","2.33","6.38","5.53","2.07","3.37","3.41","2.75","4.46","4.26","4.27","2.86","3.37","2.75","3.65","3.69","2.89","1.65","3.19","5.65","1.68","1.5","1.52","1.58"
"North of Sahara, regional","","..","..","..","..","..","..","..","..","..","..","..","..","..","..","..","0.89","0.33","..","..","..","..","..","..","..","..","..","..","0.02","..","..","..","1.21","0.12","0.04","0.01","0.01","0.01","0.04","0.35","0.44","0.24","0.31","0.43","0.04","1.14","0.05","0.06","0.04","0.5","0.85","0.09","0.27","0.05","0.08"
"South of Sahara, regional","","..","..","..","..","..","0.25","..","0.03","..","..","..","..","0.02","0.28","0.26","0.05","0.01","0.03","..","0.1","..","0.33","0.02","5.41","4.95","4.75","4.85","35.73","32.06","13.19","12.04","6.2","8.83","11.5","14.47","19.3","21.92","10.73","8.53","8.84","12.72","16.1","24.58","27.76","18.92","30.69","34.34","39.8","27.32","44.68","19.47","30.01","19.29","28.68"
"Africa, regional","","..","..","..","..","..","..","1.11","0.55","..","..","..","..","..","..","..","..","..","..","..","..","0.18","0.01","..","0.22","0.47","0.49","2.69","3.39","..","..","5.28","1.69","1.02","1.67","0.66","2.25","4.7","1.79","2.38","2.9","9.26","1.85","3.22","14.43","5.42","9.06","7.45","6.44","9.19","10.23","6.64","8.93","4.8","3.6"
"N. & C. America, regional","","..","..","..","..","..","..","..","..","..","..","..","..","..","..","..","0.12","..","..","0.03","0.02","0.04","0.02","0.56","0.01","0.06","0.06","0.01","0.01","0.02","0.01","0.02","0.01","0.04","0.04","0.29","0.2","0.03","0.29","0.07","0.12","0.01","0.07","0.12","0.11","0.01","2.19","0.11","0.23","0.24","1.02","1.01","1.39","..","0.73"
"South America, regional","","..","..","..","..","..","..","..","0.01","..","..","..","..","..","0.25","0.27","0.87","0.32","..","0.13","0.23","..","..","0.43","0.71","0.2","0.53","0.47","0.89","..","0.82","1.41","1.55","0.77","1.18","1.01","1.07","0.81","0.77","0.73","0.71","0.54","0.03","0.55","8.24","1.34","0.95","1.3","1.72","0.66","1.05","2.43","3.32","2.41","2.35"
"America, regional","","..","..","..","..","..","0.11","0.16","0.1","..","..","..","..","..","..","..","..","..","..","..","..","..","0.09","..","0.08","0.47","0.26","0.19","0.22","1.27","..","0.22","0.6","0.34","0.73","1.22","1.52","1.78","0.57","0.33","0.94","1.4","0.63","1.99","..","0.26","0.2","0.01","..","0.36","0.7","0.48","0.69","0.61","1.94"
"Middle East, regional","","..","..","..","..","..","..","..","0.01","..","..","..","..","..","..","..","0.02","..","0.03","0.01","..","0.03","0.01","..","..","..","..","..","..","0.27","..","0.16","3.87","0.47","1.36","2.34","2.33","0.03","0.04","0.01","0.23","0.21","0.17","0.31","..","0.12","0.31","0.01","..","0.04","0.42","..","4.03","0.16","0.01"
"Central Asia, regional","","..","..","..","..","..","..","..","..","..","..","..","..","..","..","..","..","..","..","..","..","..","..","..","..","..","..","..","..","..","..","..","..","..","..","..","..","..","..","..","..","..","..","..","..","..","..","..","..","0.04","0.05","0.09","0.08","0.9",".."
"South Asia, regional","","..","..","..","..","..","..","..","..","..","..","..","..","..","..","..","..","..","..","..","..","..","..","..","..","..","..","..","..","..","..","..","..","..","..","..","..","..","..","..","..","..","..","..","..","..","..","0.02","0.24","0.22","0.19","0.12","0.68","0.67","0.75"
"South & C.Asia, regional","","..","..","..","..","..","..","..","..","..","..","..","..","..","..","..","..","..","0.04","..","..","..","..","0.01","0.01","..","..","0.09","0.11","..","0.15","..","..","0.05","0.11","..","0.09","0.08","..","..","..","0.04","..","..","..","..","3.78","0.48","0.57","0.01","..","..","..","..",".."
"Far East Asia, regional","","..","..","..","..","..","..","..","0.02","..","..","0.03","..","..","..","0.02","0.18","..","0.01","0.01","0.28","3.84","0.01","0.03","0.49","0.48","0.49","0.64","0.86","0.84","1.41","0.35","0.38","1","0.74","0.23","0.7","0.9","1.03","1.16","0.2","0.11","0.11","0.03","..","0.65","..","..","0.01","..","0.02","0.01","0.06","0.14","0.19"
"Asia, regional","","..","..","..","..","..","0.3","0.11","..","..","..","..","..","..","..","..","..","..","..","..","..","..","..","..","0.3","0.02","0.02","0.32","0.54","0.29","..","0.57","0.39","0.76","0.64","0.29","0.65","7.06","1.21","0.38","0.77","0.7","0.16","0.18","4.78","1.18","1.43","1.66","1.86","1.6","3.17","2.92","4.11","2.81","2.9"
"Europe, regional","","..","..","-0.35","..","..","0.02","0.02","0.03","0.54","0.16","0.12","0.15","..","-0.01","0.51","1.37","1.92","0.9","0.18","0.06","..","..","..","..","..","0.01","..","0.02","0.03","..","..","..","..","..","..","..","..","..","0.11","..","..","..","..","0.09","2.38","0.77","0.07","0.07","1.73","0.62","0.71","2.65","0.43","0.88"
"Oceania, regional","","..","..","..","..","..","..","..","..","..","..","..","..","..","..","..","..","..","..","..","..","..","..","..","..","..","..","..","0.03","..","..","..","..","..","..","..","..","..","..","..","..","..","0.01","0.01","..","0.02","0.02","0.06","0.06","0.02","..","..","..","..",".."
"West Indies, regional","","..","..","..","..","..","..","..","..","..","..","..","..","..","..","..","..","..","..","..","..","..","..","..","..","..","..","..","..","..","..","..","..","..","..","..","..","..","..","..","..","..","..","..","..","..","..","..","..","..","0.1","0.23","..","..",".."
"Developing Countries, Unspecified","","-4","..","0.2","-0.93","3.76","5.25","1.74","1.54","1.54","0.82","0.7","1.4","2.01","2.93","0.4","0.71","0.45","4.52","7.06","21.3","25.28","26.15","23.34","48.66","31.78","31.61","39.15","53.34","50.23","93.47","148.66","117.52","117.39","113.75","86.59","143.61","139.43","123.53","145.66","153.8","135.14","156.44","203.01","286.16","220.31","273.65","289.14","406.4","393.88","574.87","610.56","693.84","475.93","538.6"
"MADCT Unallocated","","..","..","..","..","..","..","..","..","..","..","..","..","..","..","..","..","..","..","..","..","..","..","..","..","..","..","..","..","..","..","..","..","..","..","..","..","..","..","..","..","..","..","..","..","..","..","..","..","..","..","..","..","..",".."
"AfDB (African Dev.Bank)","","..","..","..","..","..","..","..","..","..","..","..","..","..","..","..","..","..","..","..","..","..","..","0.85","1.03","0.92","0.89","1.18","1.42","..","0.86","17.08","0.87","0.92","0.82","..","..","..","..","..","1.47","2.19","1.47","0.49","0.59","..","1.3","0.66","0.72","..","..","..","..","3.13","3.23"
"AfDF (African Dev.Fund)","","..","..","..","..","..","..","..","..","..","..","..","..","..","..","2.3","1.22","..","5","2.85","0.33","9.81","6.14","..","..","12.33","7.53","10.01","11.98","..","28.97","0.91","..","..","34.67","17.92","..","..","..","26.68","..","3.35","39.25","13.78","16.9","18.17","21.43","26.08","31.28","36.06","36.82","35.4","87.12","3.33","43.82"
"African Solidarity Fund","","..","..","..","..","..","..","..","..","..","..","..","..","..","..","..","..","..","..","..","..","..","..","..","..","..","..","..","..","..","..","..","..","..","..","..","..","..","..","..","..","..","..","..","..","..","..","..","..","..","..","..","..","..",".."
"AsDB (Asian Dev.Bank)","","..","..","..","..","..","..","..","..","0.5","0.5","0.5","..","..","0.6","2.53","4.45","1.79","4.72","2.69","..","0.49","0.62","0.97","0.49","..","0.34","0.45","0.54","0.55","..","10.37","..","..","11.01","8.7","9.87","0.24","0.25","0.25","0.25","0.25","0.23","..","..","..","..","..","..","..","..","2.47","2.22","2.39","2.36"
"AsDB Special Funds","","..","..","..","..","..","..","..","..","..","..","..","..","..","..","..","..","..","..","..","0.07","9.69","3.82","3.1","..","10.37","5.05","6.71","9.28","9.42","8.79","..","..","..","..","..","..","..","..","..","3.87","..","..","9.58","5.75","6.32","..","11.42","5.69","7.21","27.56","..","..","..","8.3"
"CarDB (Carribean Dev. Bank)","","..","..","..","..","..","..","..","..","..","..","..","..","..","..","..","..","..","..","..","..","..","..","..","..","..","..","..","..","..","..","..","..","..","..","..","..","..","..","..","..","..","..","..","..","..","..","..","..","..","..","..","..","..",".."
"CABEI","","..","..","..","..","..","..","..","..","..","..","..","..","..","..","..","..","..","..","..","..","..","..","..","..","..","..","..","..","..","..","..","..","..","..","..","..","..","..","..","..","..","..","..","..","..","..","..","..","..","..","..","..","..",".."
"EC","","..","..","..","..","..","..","..","..","..","..","..","..","..","..","26.51","30.4","12.39","17.87","22.72","36.53","41.32","53.62","41.88","41.74","45.03","43.56","0.09","49.11","66.31","47.76","60.52","105.86","81.52","73.4","113.42","128.12","138.11","136.33","120.62","123.57","122.76","161.13","154.48","183.7","219.64","238.76","260.26","309.01","357.18","356.77","351.71","311.99","276.7","281.09"
"EDF","","..","..","..","..","..","..","..","..","8.51","10.4","14.83","19.5","20.37","16.76","16.66","20.46","37.7","36.54","12.1","45.17","47.2","38.31","40.68","36.84","33.55","29.51","84.55","50.37","68.65","63.44","62.59","73.92","85.43","74.09","83.98","83.93","47.48","53.87","73.5","92.9","67.39","27.65","55.24","97.46","107.92","113.53","123.51","131.47","177.63","180.14","194.18","155.87","118.06","138.31"
"EIB","","..","..","..","..","..","..","..","..","2.34","2.69","1.92","2.15","1.14","3.23","2.08","0.73","5.14","3.3","0.65","1.71","0.23","-0.01","-0.45","-0.6","0.07","-0.81","..","-1.38","-1.43","..","-1.73","-1.76","-1.94","-2.51","-1.48","-1.07","-1.01","-1.93","-0.18","-4.73","0.04","1.8","-1.3","1.21","7.2","15.82","8.76","13.56","14.44","8.44","0.13","..","..","13.02"
"Other EU Institutions","","..","..","..","..","..","..","..","..","..","..","..","..","..","..","..","..","..","..","..","..","..","..","..","..","..","..","..","..","..","..","..","..","..","..","..","..","..","..","..","..","..","..","..","..","..","..","..","..","..","45.54","..","56.7","55.58","63.23"
"IBRD","","..","..","..","..","..","..","..","..","..","..","..","10.45","..","..","..","..","..","..","21.53","..","..","..","28.59","18.09","16.97","9.46","10.5","..","..","22.19","9.61","6.67","7.66","..","..","0.75","10.9","..","..","0.98","3.6","6.19","0.22","0.29","1.59","1.24","1.26","1.37","1.44","..","..","..","12.44","12.72"
"IDA","","..","..","..","..","..","..","..","..","..","13.6","6.8","..","29.09","16.41","..","51.37","24.47","..","97.25","69.63","..","51.56","41.9","37.44","33.13","45.15","60.01","76.5","3.33","147.71","87.07","89.87","95.5","88.84","0.15","207.82","103.8","57.7","47.85","45.87","50.61","49.19","51.76","..","92.14","184.36","101.96","117.13","264.92","155.97","132.14","177.06","165.51","171.08"
"IDA-MDRI","","..","..","..","..","..","..","..","..","..","..","..","..","..","..","..","..","..","..","..","..","..","..","..","..","..","..","..","..","..","..","..","..","..","..","..","..","..","..","..","..","..","..","..","..","..","..","..","..","8.67","..","8.69","10.86","11.22","12.88"
"IDB","","..","..","..","..","..","..","..","..","..","..","..","..","..","..","..","..","5.07","5.46","4.97","..","8.19","..","9.65","3.33","3.23","1.22","1.55","..","..","..","0.68","0.69","0.73","0.71","..","..","6.29","2.77","2.9","2.36","2.18","..","..","0.91","..","0.41","0.2","0.2","..","..","..","..","..","1.19"
"IDB Spec. Fund","","..","..","..","..","..","..","..","..","..","..","..","..","..","..","..","..","..","..","..","..","..","..","..","..","..","..","..","..","..","..","..","..","..","..","..","..","..","..","..","..","..","..","..","..","1.11","..","..","..","..","..","..","..","..",".."
"IFAD","","..","..","..","..","..","..","..","..","..","..","..","..","..","..","..","..","..","..","17.19","..","..","..","..","8.38","0.63","3.62","..","3.35","..","3.12","..","..","..","..","..","4.07","..","3.36","10.3","1.36","..","2.66","2.8","3.36","4.06","4.06","4.1","4.48","4.72","9.11","9.27","9.74","9","10.62"
"IFC","","..","..","..","..","..","..","..","..","..","..","..","..","..","..","..","..","..","..","2.38","2.24","2.17","2","1.92","..","..","..","..","5.44","2.68","2.7","2.87","..","..","..","9.66","4.9","4.56","4.41","..","..","..","..","..","..","..","..","..","..","..","..","..","..","..",".."
"IMF","","..","..","..","..","..","..","..","..","..","..","..","..","..","..","..","..","..","..","..","..","..","..","..","..","..","..","..","..","1.36","7.44","11.24","13.11","8.05","6.12","7.12","11.02","8.6","9.35","8.66","8.49","19.06","17.67","6.61","7.17","6.21","..","..","..","12.3","..","..","..","..",".."
"IMF Trust Fund","","..","..","..","..","..","..","..","..","..","..","..","..","..","..","..","..","..","..","..","..","..","..","..","..","..","..","..","..","..","..","..","..","..","..","..","..","..","..","..","..","..","..","..","..","..","..","..","..","..","..","..","..","..",".."
"MIGA","","..","..","..","..","..","..","..","..","..","..","..","..","..","..","..","..","..","..","..","..","..","..","..","..","..","..","..","..","..","..","..","..","4.18","..","..","10.85","..","..","..","..","1.91","1","..","..","..","..","..","..","..","..","..","..","..",".."
"UNDP","","..","..","..","..","..","..","..","..","2","2.2","2.5","2.88","3.9","5.44","6.42","8.16","10.36","12.83","15.19","16.71","..","30.16","14.22","11.73","10.38","10.61","..","32.03","16.32","..","35.9","17.56","20.22","18.81","19.42","22.38","22.6","18.46","13.05","12.26","13.87","10.3","11.12","13","16.63","17.65","17.82","18.07","20.48","27.33","26.49","29.21","26.99","15.34"
"UNFPA","","..","..","..","..","..","..","..","..","..","..","..","..","..","..","..","..","0.52","0.84","..","1.09","..","0.7","0.7","0.9","0.35","0.34","..","1.18","0.68","..","1.52","0.76","..","2.61","1.79","2.2","2.1","1.82","2","2.2","5.43","3.77","4.36","3.36","3.73","3.73","3.77","4.11","4.33","6.27","6.62","6.95","7.33","7.57"
"UNHCR","","..","..","..","..","..","..","..","..","..","0.22","0.2","0.21","0.31","..","0.54","0.4","0.54","..","..","1.82","1.62","0.85","1.34","0.9","0.4","0.39","0.52","1.48","0.79","0.65","0.75","2.94","1.43","1.7","1.39","2.66","5.25","3.27","3.09","3.48","1.56","1.96","3.45","3.07","0.91","1.07","1.31","1.24","4.51","11.93","10.68","9.83","12.94","10.05"
"UNICEF","","..","..","..","..","..","..","..","..","0.24","0.24","0.28","0.33","0.38","0.44","0.59","1.2","1.24","..","1.52","1.36","2.05","1.29","2.68","0.68","0.64","0.67","..","3.21","1.77","..","3.89","1.9","2.02","1.88","1.94","2.2","2.1","2.24","2.2","2.51","4.34","3.04","2.34","2.8","3.73","3.73","3.77","4.11","5.05","25.98","24.73","26.01","24.49","14.06"
"UNRWA","","..","..","..","..","..","..","..","..","0.03","0.06","0.06","0.1","0.11","0.13","1.2","0.76","0.91","0.78","1.19","0.61","2.04","0.91","0.83","0.35","0.31","0.3","0.4","0.48","0.52","0.46","0.57","0.59","0.56","0.64","0.66","0.78","0.32","..","..","..","..","..","..","..","0.87","0.99","1.1","1.33","4.76","1.74","2.85","4.38","7.97","8.17"
"WFP","","..","..","..","..","..","..","..","..","0.2","0.2","0.2","0.21","0.22","0.32","1.84","3.02","2.82","2.4","3.12","0.75","4.33","1.42","2.38","9.11","3.78","0.3","1.34","2.28","1.71","0.85","2.74","1.79","1.07","2.55","2.72","1.87","1.78","1.54","..","2.01","1.15","..","..","..","..","..","..","..","1.3","1.39","..","0.28","..","0.27"
"Other UN","","..","..","..","..","..","..","..","..","0.4","..","0.21","0.16","..","1.97","3.07","3.62","8.09","15.03","15.5","14.27","4.45","12.02","10.28","6.1","6.33","5.87","6.68","6.07","6.79","10.69","22.6","13.2","7.39","16.84","13.72","14.89","14.52","13.02","12.04","14.26","22.91","16.84","21.21","22.9","26.02","15.48","19.35","21.97","32.81","57.59","65.57","82.43","56.65","81.08"
"Other World Bank (AMCs)","","..","..","..","..","..","..","..","..","..","..","..","..","..","..","..","..","..","..","..","..","..","..","..","..","..","..","..","..","..","..","..","..","..","..","..","..","..","..","..","..","..","..","..","..","..","..","..","..","..","..","10.34","..","..",".."
"Other Regional Banks","","..","..","..","..","..","..","..","..","..","..","..","..","..","..","..","..","..","..","..","..","..","..","..","..","..","..","..","..","..","..","..","..","..","..","..","..","..","..","8.08","..","..","..","..","..","..","..","1.08","1.18","1.25","1.2","1.14","1.2","..",".."
"Other Multilateral","","..","..","..","..","..","..","..","..","..","1.14","..","..","7.61","10.73","..","0.01","..","4.3","4.88","5.72","5.78","2.26","4.96","4.25","4.83","1.33","3.39","6.11","6.01","1.55","12.51","8.06","6.57","9.97","10.31","13.03","15.85","19.36","14.94","9.95","20.24","20.71","23.88","22.76","44.63","31.58","34.05","46.23","50.53","70.76","96.58","96.36","88.48","93.92"
