"Sector(s):","Total Bilateral Aid To All Sectors","","Flow(s):","ODA","","Donor(s):","Canada","","Flow Type(s):","Disbursement","","Amount:","Current Prices (USD millions)","",

"","Time Period","1960","1961","1962","1963","1964","1965","1966","1967","1968","1969","1970","1971","1972","1973","1974","1975","1976","1977","1978","1979","1980","1981","1982","1983","1984","1985","1986","1987","1988","1989","1990","1991","1992","1993","1994","1995","1996","1997","1998","1999","2000","2001","2002","2003","2004","2005","2006","2007","2008","2009","2010","2011","2012","2013",
"Recipient(s)",
"All Recipients","","48.07","45.02","41.92","90.24","111.28","95.87","180.46","166.73","174.48","214.62","336.69","389.68","468.03","514.95","715.55","879.68","875.6","991.37","1059.91","1055.73","1075.11","1188.62","1196.67","1429.43","1624.89","1631.1","1695.17","1885.41","2346.64","2320.37","2469.87","2578.44","2515.6","2399.68","2249.59","2066.65","1795.43","2044.6","1706.64","1706.32","1743.54","1532.71","2004.28","2030.59","2599.18","3756.3","3683.21","4079.63","4794.73","4000.11","5214.11","5458.52","5649.47","4947.24"
"All Developing Countries","","48.07","45.02","41.92","90.24","111.28","95.87","180.46","166.73","141.85","160.16","267.68","294.59","338.32","349.45","496.35","611.96","528.71","475.4","648.17","593.52","657.33","746.09","826.65","849","1038.74","997.14","1054.25","1259.55","1583.22","1581","1690.28","1771.89","1706.73","1621.95","1422.71","1384.96","1356.28","1263.23","1222.49","1171.92","1160.2","1199.34","1500.66","1347.61","1991.04","2832.83","2533.89","3152.16","3366.67","3141.01","3926.4","4111.19","4027.44","3511.55"
"All Multilateral Recipients","","..","..","..","..","..","..","..","..","32.63","54.46","69.01","95.09","129.71","165.5","219.2","267.72","346.89","515.97","411.74","462.21","417.78","442.53","370.02","580.43","586.15","633.96","640.92","625.86","763.42","739.37","779.59","806.55","808.87","777.73","826.88","681.69","439.15","781.37","484.15","534.4","583.34","333.37","503.62","682.98","608.14","923.47","1149.32","927.47","1428.06","859.1","1287.71","1347.33","1622.03","1435.69"
"Afghanistan","","..","..","..","..","..","0.01","0.03","0.03","0.01","0.01","0.7","2.14","1.14","2.22","0.54","1.47","0.38","0.34","4.19","6.03","2.22","0.11","..","..","..","..","..","..","2.19","0.98","2.73","5.31","4.67","7.63","7.17","7.14","3.88","13.37","4.8","8.67","6.66","14.23","35.81","73.13","56.24","89.47","140.27","345.39","207.86","232.58","267.12","225.15","101.4","122.12"
"Albania","","..","..","..","..","..","..","..","..","..","..","..","..","..","..","..","..","..","..","..","..","..","..","..","..","..","..","..","..","..","..","..","..","..","0.09","..","0.04","..","0.37","0.4","0.19","1.32","2.48","1.34","1.65","1.12","0.61","0.62","0.8","0.04","0.06","0.01","0.07","0.01","0.03"
"Algeria","","..","..","..","..","..","..","0.04","1.23","3.06","0.52","6.93","4.15","4.83","4.07","9.79","4.33","12.84","3.66","1.13","0.76","0.2","1.13","3.04","18.93","5.25","4.78","1.74","1.76","1.44","3.39","1.09","5.81","1.25","3.2","0.88","1.04","1.23","1.33","0.59","2.03","1.64","-0.21","0.34","1.91","1.09","1.9","-3.47","0.86","2.85","2.84","-0.5","-0.15","-0.83","-0.58"
"Angola","","..","..","..","..","..","..","..","..","..","..","..","..","..","..","..","..","..","..","..","..","..","0.52","0.18","0.17","0.68","1.77","3.76","0.46","5.95","3.15","11.16","6.34","4.1","2.77","5.95","3.84","2.17","4.59","2.63","3.07","3.64","2.32","2.63","5.57","4.82","4.04","1.39","4.49","0.44","0.9","0.66","1.02","0.2","0.54"
"Anguilla","","..","..","..","..","..","..","..","..","..","..","..","..","..","..","..","..","..","..","..","..","..","..","0.1","0.06","0.08","0.06","0.26","0.39","0.14","0.13","0.1","0.06","0.05","0.07","0.02","..","..","0.01","0.02","..","0.01","..","..","..","0.02","1.57","0.01","2.39","0.03","1.31","..","..","..",".."
"Antigua & Barbuda","","..","..","..","..","..","..","..","..","..","..","..","..","..","..","0.17","0.05","1.32","2.97","1.32","1.43","1.59","4.75","1.41","0.65","0.96","0.65","0.26","1.22","2.53","1.93","1.16","1.87","2.3","0.55","0.12","..","0.03","0.16","0.03","0.06","0.04","0.04","0.07","0.06","0.05","1.58","0.06","1.71","0.05","1.93","..","0.01","0.06","0.05"
"Argentina","","..","..","0.88","12.84","-0.95","-2.01","0.01","-1.03","..","..","0.38","0.36","..","..","..","..","..","-0.02","-0.02","-0.02","-0.02","-0.02","0.7","0.68","1.33","1.45","1.48","1.78","2.18","2.56","2.19","1.83","2.22","1.69","1.37","1.29","1.1","1.41","0.91","0.94","1.14","0.72","2.05","2.58","2.29","3.54","1.47","3.56","1.89","2.11","1.03","2.49","1.03","2.18"
"Armenia","","..","..","..","..","..","..","..","..","..","..","..","..","..","..","..","..","..","..","..","..","..","..","..","..","..","..","..","..","..","..","..","..","..","0.59","0.37","0.72","..","0.02","0.22","0.74","0.38","0.43","0.72","0.92","0.62","0.97","0.13","1.91","0.26","0.73","0.01","0.03","0.06","0.09"
"Aruba","","..","..","..","..","..","..","..","..","..","..","..","..","..","..","..","..","..","..","..","..","..","..","..","..","..","..","..","..","..","..","..","..","..","..","..","..","..","..","..","..","..","..","..","..","..","..","..","..","..","..","..","..","..",".."
"Azerbaijan","","..","..","..","..","..","..","..","..","..","..","..","..","..","..","..","..","..","..","..","..","..","..","..","..","..","..","..","..","..","..","..","..","..","0.39","0.51","0.04","..","0.08","0.2","0.58","0.32","0.32","0.76","1.05","0.87","1.35","0.08","1.52","0.16","0.27","..","0.04","0.01","0.14"
"Bahamas","","..","..","..","..","..","..","..","0.64","..","..","..","..","..","..","..","..","..","..","..","..","..","..","0.01","0.02","7.94","..","..","..","..","..","..","..","0.2","0.07","0.1","0.07","..","..","..","..","..","..","..","..","..","..","..","..","..","..","..","..","..",".."
"Bahrain","","..","..","..","..","..","..","..","..","..","..","..","..","..","..","..","..","..","..","..","..","..","..","..","..","..","..","..","..","..","..","..","..","..","..","..","..","..","..","..","..","..","..","..","..","..","..","..","..","..","..","..","..","..",".."
"Bangladesh","","..","..","..","..","..","..","..","..","..","..","..","..","26.42","54.91","48.55","64.36","46.96","42.14","77.57","59.21","57.12","58.02","88.16","87.47","84.46","78.41","71.1","101.95","116.98","73.21","102.3","94.58","108.87","41.25","53.71","52.24","37.51","73.44","53.49","29.03","38.46","30.29","30.87","38.42","48.92","50.75","56.74","60.24","82.06","52.45","86.11","61.21","35.35","81.76"
"Barbados","","..","..","..","..","..","..","0.29","0.34","0.3","0.34","0.63","1.12","1.28","2.58","1.62","0.92","2.48","1.71","5.9","2.36","0.44","2.63","0.64","4.03","3.08","4.29","1.22","2.33","2","0.28","0.68","0.43","0.45","0.45","0.22","0.12","0.13","0.16","0.08","0.16","0.09","0.09","0.33","0.34","0.2","1.22","0.18","3.9","0.2","1.97","0.64","..","..",".."
"Belarus","","..","..","..","..","..","..","..","..","..","..","..","..","..","..","..","..","..","..","..","..","..","..","..","..","..","..","..","..","..","..","..","..","..","..","..","..","..","..","..","..","..","..","..","..","..","0.22","0.13","0.47","0.04","..","..","0.08","0.08","0.26"
"Belize","","0.01","0.08","0.06","0.01","0.08","0.1","0.13","0.23","0.35","0.6","0.35","0.54","0.85","0.45","0.35","1.41","1.6","1.54","4.45","4.76","1.09","0.35","0.69","2.17","..","2.71","5.54","5.15","1.3","0.42","1.13","0.64","1.12","0.61","0.24","0.1","0.25","0.24","0.17","0.27","0.23","0.53","0.49","0.8","0.65","0.79","0.25","3.02","0.63","1.7","0.43","0.11","0.24","0.15"
"Benin","","..","..","..","0.01","0.02","0.07","0.14","0.19","0.24","0.3","0.53","2.3","2.25","1.4","3.27","5.38","5.5","3.06","2.34","4.85","1.49","6.05","2.69","1.82","1.22","0.73","0.5","2.69","2.09","1.14","1.14","1.38","1.61","3.15","2.21","10.24","8.27","4.15","3.76","3.56","3.32","1.75","2.4","5.59","6.36","10.84","5.96","6.99","6.97","7.04","6.37","7.74","5.58","4.8"
"Bermuda","","..","..","..","..","..","..","0.01","..","0.01","..","..","..","..","..","..","..","..","..","..","..","..","..","..","..","..","..","..","..","..","..","..","..","..","..","..","..","..","..","..","..","..","..","..","..","..","..","..","..","..","..","..","..","..",".."
"Bhutan","","..","..","..","..","..","..","..","..","..","..","..","..","..","..","..","..","..","..","..","..","..","0.08","..","0.06","0.15","0.18","0.07","0.08","0.16","0.34","0.31","0.07","0.67","0.32","1.2","0.31","0.47","0.22","0.32","0.57","0.57","0.52","0.67","0.72","0.84","1.05","1.75","1.48","0.82","0.22","0.25","0.91","0.09","0.23"
"Bolivia","","..","..","..","..","..","..","..","..","..","..","..","..","..","0.48","0.95","0.34","0.05","0.05","0.94","1.24","0.89","1.23","7.25","4.34","9.73","2.18","3.79","2.1","4.13","4.84","8.79","7.58","7.7","5.37","9.58","11.31","12.46","13.48","7.21","5.98","5.67","8.82","14.64","12.07","11.85","14.87","17","22.8","21.48","24.29","19.02","27","27.98","19.21"
"Bosnia-Herzegovina","","..","..","..","..","..","..","..","..","..","..","..","..","..","..","..","..","..","..","..","..","..","..","..","..","..","..","..","..","..","..","..","..","..","..","..","0.94","..","8.16","12.29","14.27","5.45","10.55","6.89","7.31","5.89","7.69","7.55","10.34","4.99","4.06","0.38","0.16","1.01","0.12"
"Botswana","","..","..","0.01","..","0.02","0.04","0.08","0.09","0.04","0.01","0.03","0.03","15.16","11.42","3.13","6.51","2.14","2.14","2.33","2.72","2.66","2.79","3.04","3.59","4.9","4.91","7.58","10.64","6.16","15.61","11.85","3.89","3.22","2.24","1.47","1.63","0.32","0.57","0.15","0.6","0.27","0.05","0.18","1.09","1.21","1.88","1.71","2.22","1.4","1.31","1.49","1.18","0.95","1.36"
"Brazil","","..","..","2.23","1.05","4.25","0.92","-1.69","-1.66","..","0.77","0.69","2.4","2.67","1.85","1.08","2.26","3.35","1.18","2.08","1.89","1.51","2.73","3.81","2.05","7.08","5.8","4.44","3.57","4.04","3.94","2.89","3.46","4","4.12","2.74","2.85","3.11","3.72","3.41","3.45","3.24","3.99","6.04","8.13","9.12","8.64","7.11","9.24","11.43","10.82","7.11","4.14","2.54","2.23"
"Brunei","","0.01","..","..","..","0.01","0.01","0.01","0.01","0.01","..","..","..","..","..","..","..","..","..","..","..","..","..","..","..","..","..","..","0.01","..","0.07","0.17","0.23","0.15","0.17","0.16","..","..","..","..","..","..","..","..","..","..","..","..","..","..","..","..","..","..",".."
"Burkina Faso","","..","..","..","..","..","..","0.01","0.02","0.02","0.02","0.1","0.2","0.98","1.37","2.25","2.51","2.04","1.24","3.57","13.34","8.15","7.3","9.76","7.28","7.37","9.07","12.11","11.97","29.43","11.38","10.1","16.17","18.61","8.65","9.06","8.07","7.18","6.01","6.13","6.91","8.32","5.88","8.63","11.4","16.18","16.5","17.07","22.74","29.91","23.52","30.83","26.18","27.69","29.17"
"Burundi","","..","..","..","..","..","..","..","..","0.01","0.02","0.08","0.15","0.22","0.23","0.13","0.1","0.08","0.05","0.02","-0.01","0.01","0.1","0.77","0.79","1.77","1.2","0.98","0.99","0.65","1.01","0.38","1.22","2.15","2.63","3.33","2.06","4.33","1.04","2.56","1.99","1.27","2.26","1.8","5.07","4.3","5.13","4.5","6.94","4.23","6.06","4.69","2.82","3.28","3.33"
"Cambodia","","0.14","0.05","0.1","0.11","0.12","0.1","0.12","0.17","0.2","0.19","0.67","0.08","2.58","0.03","0.57","0.03","0.01","-0.02","..","..","..","0.01","..","..","..","..","..","..","..","..","0.21","2.79","3.33","3.46","3.15","4.23","2.12","5.31","3.4","1.19","2.56","7.98","4.94","8.97","8.48","8.48","8.1","15.33","11.53","10.93","8.18","18.15","15.61","10.06"
"Cameroon","","..","..","0.13","0.01","0.14","0.3","0.58","0.92","1.32","1.57","3.19","4.02","4.55","4.35","5.04","7.62","9.76","8.71","13.39","13.5","17.78","16.49","6.11","13.72","23.55","14.95","13.43","11.89","15.04","32.9","28.89","33.11","25.04","15.77","12.36","13.16","16.98","9.06","39.5","18.13","6.34","5.44","80.29","20.43","43.19","34.85","206.88","12.4","11.94","7.08","7.2","12.23","5.02","2.65"
"Cape Verde","","..","..","..","..","..","..","..","..","..","..","..","..","..","..","..","..","..","0.87","0.57","0.02","0.02","0.02","0.31","0.2","0.51","0.42","0.22","0.35","0.03","0.47","0.45","0.23","0.3","0.29","0.43","0.42","0.4","0.11","0.21","0.24","0.08","0.21","0.25","0.27","0.3","1.29","0.37","0.75","0.28","0.68","0.15","0.11","0.01","1.93"
"Cayman Islands","","..","..","..","..","..","..","..","..","..","..","..","..","..","..","..","..","..","..","0.01","0.01","0.01","0.07","0.08","0.08","..","..","0.03","0.03","0.03","..","..","..","..","..","..","..","..","..","..","..","..","..","..","..","..","..","..","..","..","..","..","..","..",".."
"Central African Rep.","","..","..","..","0.01","..","0.01","0.01","0.02","0.02","0.02","0.07","0.17","0.24","0.14","0.06","0.05","0.09","0.07","0.11","0.02","0.03","0.13","0.13","0.15","0.24","0.38","0.09","0.32","0.28","0.5","0.32","0.49","0.22","0.18","0.41","0.38","0.57","0.1","0.24","0.2","0.09","0.48","0.12","0.54","0.39","1.56","0.55","5.65","2.89","3.8","1.4","5.81","4.31","6.04"
"Chad","","..","..","..","..","0.03","0.11","0.15","0.19","0.24","0.23","0.26","0.25","0.26","0.92","3.53","0.09","0.18","3.88","0.24","0.19","0.16","0.29","1.42","0.84","1.83","2.63","0.42","0.8","0.72","0.39","0.3","0.32","0.33","0.31","0.27","0.44","0.57","0.84","0.18","0.35","0.21","0.35","0.5","0.31","1.68","6.17","2.2","11.63","6.26","12.08","11.68","9.4","19.55","13.9"
"Chile","","1.6","0.96","5.55","5.41","4.32","1.27","-0.85","-1.52","0.06","0.16","2.33","1.1","2.15","1.16","1.35","0.07","-0.15","-0.19","-0.26","-0.24","-0.25","-0.05","1.94","2.08","3.6","3.82","2.16","2.6","3.17","4.15","3.25","2.49","3.94","2.97","2.55","1.6","1.51","1.27","1.12","0.79","0.8","0.65","1.63","2.79","3.52","3.83","2.54","3.46","2.5","1.98","2.68","1.7","2.75","2.55"
"China","","..","..","..","..","..","..","..","..","..","..","..","..","..","..","..","..","..","..","..","..","..","0.04","4.47","5","6.69","15.48","17.97","32.17","35.6","37.38","67.71","39.98","62.35","69.55","68.6","53.74","38.4","45","52.28","31.42","29.2","24.32","28.74","28.44","34.91","30.03","29.6","32.9","54.34","11.05","9.02","-1.97","-4.08","-2.25"
"Chinese Taipei","","..","..","..","..","..","..","2.18","1.36","-0.2","..","..","..","..","..","..","..","..","..","..","..","..","..","..","..","0.11","..","0.05","0.08","..","0.01","..","..","..","..","..","..","..","..","..","..","..","..","..","..","..","..","..","..","..","..","..","..","..",".."
"Colombia","","..","..","..","..","..","0.04","..","0.21","..","0.52","3.11","3.5","5.07","4.3","2.27","2.37","3.22","4.7","5.14","6.91","5.27","4.14","4.93","6.95","7.67","5.5","8.1","4.85","14.71","10.81","7.13","6.72","9.16","5.88","4.38","3.03","3.27","-1.17","7.07","5.7","2.38","4.76","6.12","5.72","9.16","9.11","10.63","20.08","14.35","25.28","22.63","33","33.09","28.89"
"Comoros","","..","..","..","..","..","..","..","..","..","..","..","..","..","..","..","..","..","..","0.04","..","0.02","0.21","0.53","0.76","0.25","0.31","0.05","..","0.05","0.05","0.03","0.09","0.14","0.09","0.07","0.07","..","..","..","0.02","..","..","0.01","0.01","0.16","0.68","0.2","0.47","0.23","0.29","0.24","0.67","..",".."
"Democratic Republic of the Congo","","0.01","..","..","..","..","0.55","0.2","0.81","0.3","0.2","0.66","0.91","1.06","3.02","5.93","4.06","3.36","1.81","7.5","5.82","13.46","8.15","20.84","12.72","14.73","17.72","12.25","17.39","11.96","24.36","14.29","12.68","5.7","1.18","0.82","0.79","2.98","3.83","6.79","2.61","5.6","6.38","9.77","74.49","20.29","24.83","28.07","32.99","22.93","44.85","26.52","36.73","100.99","46.81"
"Congo","","..","..","0.02","0.01","0.48","0.05","0.05","0.04","0.03","0.03","0.03","0.03","0.11","0.16","2.23","7.17","4.01","2.1","2.41","1.84","1.71","2.32","0.88","1.46","1.19","0.71","0.63","0.47","0.2","0.52","0.23","0.61","0.89","0.09","0.2","0.21","6.84","3.82","3.3","3.18","0.67","0.34","0.4","0.17","0.35","22.25","3.7","2.48","0.81","7.64","21.94","1.63","0.74","1.18"
"Cook Islands","","..","..","..","..","..","..","..","..","..","..","..","..","..","..","..","..","..","..","..","..","..","..","0.01","0.11","0.01","0.02","0.03","0.01","0.02","..","..","..","..","..","..","..","..","..","..","..","..","..","..","..","..","0.2","..","0.63","0.04","0.01","..","..","..",".."
"Costa Rica","","..","..","..","..","..","..","..","..","..","..","..","..","..","0.04","0.12","0.14","0.07","0.12","0.21","..","0.12","0.5","1.06","7.23","5.3","5.26","7.4","15.54","13.13","6.37","13.38","3.91","4.25","6","3.19","1.94","2.33","2","3.3","4.02","11.19","1.63","3.68","2.95","2.89","2.98","2.75","3.85","2.86","2.07","0.7","2.11","1.87","1.49"
"Cote d'Ivoire","","..","..","..","..","0.02","0.1","0.19","0.36","0.52","0.85","1.4","2.28","6.51","4.03","4.09","4.65","5.48","6.49","12.39","15.93","4.8","4.2","3.95","4.48","10.14","10.51","10.83","8.76","11.35","10.07","11.87","10.79","9.63","6.99","5.97","22.22","20.22","4.3","45.54","18.76","3.53","1.45","78.73","13.85","4.65","6.5","3.39","3.93","3.37","43.74","6.93","10.18","139.24","3.55"
"Croatia","","..","..","..","..","..","..","..","..","..","..","..","..","..","..","..","..","..","..","..","..","..","..","..","..","..","..","..","..","..","..","..","..","..","..","..","0.04","..","0.38","1.03","0.25","0.6","2.77","1.11","1.5","0.76","0.38","0.4","0.29","0.19","0.11","..","..","..",".."
"Cuba","","..","..","..","..","..","..","..","..","..","..","..","..","..","0.42","0.31","0.4","6.23","4.62","1.86","0.07","..","..","-0.17","-0.07","0.07","0.05","0.11","0.13","0.2","0.18","0.23","0.14","0.11","0.24","0.21","0.86","1.63","4.14","8.88","2.45","2.62","2.6","5.43","7.58","8.17","7.96","7.61","8.39","8.26","7.67","5.74","5.26","4.04","3.73"
"Cyprus","","..","..","..","..","0.02","0.02","0.02","0.02","0.01","0.01","0.01","..","..","..","..","..","..","..","..","..","..","..","..","0.07","0.17","..","0.03","0.04","0.04","0.01","..","..","..","..","..","..","..","..","..","..","..","..","..","..","..","..","..","..","..","..","..","..","..",".."
"Djibouti","","..","..","..","..","..","..","..","..","..","..","..","..","..","..","..","..","..","..","..","0.02","0.02","0.31","0.02","0.18","0.37","0.09","0.05","0.09","0.09","0.38","0.04","0.17","0.41","0.22","0.13","0.14","0.15","0.1","0.08","0.24","0.1","0.12","0.1","0.36","0.38","1.15","1.03","0.75","0.27","0.39","0.15","2.86","2.52","15.36"
"Dominica","","..","..","..","..","..","..","..","..","..","..","..","..","..","..","0.5","0.44","0.27","0.99","1.06","0.87","0.88","1.62","2.32","1.19","6.27","6.19","2.3","2.1","4.87","4.86","2.79","1.59","0.67","0.98","1.52","0.83","0.83","0.88","0.77","0.63","0.36","0.31","0.55","0.46","0.23","1.85","0.22","3.73","0.42","2.44","0.09","0.1","0.01","0.01"
"Dominican Republic","","..","..","..","..","..","..","..","..","..","..","..","..","..","0.14","2.99","1.95","2.23","0.11","0.05","..","0.41","3.48","1.32","1.48","2.59","2.28","0.46","0.48","0.4","0.75","0.64","0.11","0.29","1.04","0.29","0.21","0.28","1.09","0.19","1.24","0.19","0.82","0.95","1.3","2.83","2.5","1.65","2.91","1.64","2.63","1.34","0.72","1.77","0.81"
"East African Community","","..","..","..","..","..","..","0.25","0.22","..","0.2","2.91","8.52","4.32","2.02","6.8","17.19","9.79","2.01","0.52","0.14","0.27","0.24","0.06","0.04","0.01","..","..","..","..","..","..","..","..","..","..","..","..","..","..","..","..","..","..","..","..","..","..","..","..","..","..","..","..",".."
"Ecuador","","..","..","..","..","..","..","..","..","0.54","0.46","0.1","0.96","0.97","1.07","1.62","3.76","2.04","0.49","0.1","0.61","0.01","0.34","1.13","1.34","1.24","1.2","0.51","0.82","0.6","0.92","4.31","4.69","6.18","5.43","6.99","4.27","1.8","2.96","3.09","6.72","5.09","6.15","9.16","5.37","7.76","4.48","2.2","3.49","4.48","3.24","1.43","1.18","1.38","0.34"
"Egypt","","..","..","..","..","..","..","3.06","0.24","..","..","..","..","..","..","..","..","9.89","3.8","2.29","10.94","31.13","9.74","33.76","6.15","10.97","8.44","5.36","20.54","32.36","21.21","32","35.82","34.92","30.54","26.87","63.19","114.03","17.05","14.73","13.61","9.17","9.58","9.99","11.46","10.59","15.67","15.85","17.65","14.45","16.96","8.89","15.17","6.82","8.1"
"El Salvador","","..","..","..","..","..","..","..","0.04","1.48","1.41","0.07","0.3","0.04","0.09","1.22","1.51","1.14","0.29","0.28","0.58","2.07","6.29","1.3","1.67","1.97","1.22","3.32","3.63","3.93","0.67","0.63","1.45","3.98","2.9","1.02","0.78","4.28","6.64","3.25","2.55","1.74","5.33","3.31","5.42","4.79","4.39","3.02","4.24","3.59","3.2","2.01","3.64","2.71","1.87"
"Equatorial Guinea","","..","..","..","..","..","..","..","..","..","..","..","..","..","..","..","..","..","..","..","..","..","0.02","0.07","0.05","0.05","0.15","0.16","0.14","0.14","0.05","0.09","0.22","0.19","0.12","0.04","0.16","0.14","0.1","0.08","0.05","..","0.18","0.1","0.28","0.21","1.25","0.23","1.62","0.22","0.43","0.05","1.57","0.01",".."
"Eritrea","","..","..","..","..","..","..","..","..","..","..","..","..","..","..","..","..","..","..","..","..","..","..","..","..","..","..","..","..","..","..","..","..","..","0.84","4.46","1.15","3.59","1.38","0.8","0.95","1.78","1.39","1.1","2.59","5.15","4.24","0.84","1.4","0.05","0.56","0.01","0.75","2.17","0.04"
"Ethiopia","","..","..","..","..","..","..","..","0.01","0.07","0.04","0.06","0.1","0.24","0.62","5.93","2.62","0.33","0.43","0.64","1.17","2.45","8.03","8.21","16.7","20.82","34.73","19.13","25.91","25.73","18.86","28.25","31.98","21.09","19.6","15.01","4.55","13.8","13.38","10.85","14.81","10.94","12.38","6.88","38.02","59.48","64.93","62.48","90.52","152.55","87.18","140.38","118.64","123.37","131.84"
"Falkland Islands","","..","..","..","..","..","..","..","..","..","..","..","..","..","..","..","..","..","..","..","..","..","..","..","..","..","..","..","..","..","..","..","..","..","..","..","..","..","..","..","..","..","..","..","..","..","..","..","..","..","..","..","..","..",".."
"Fiji","","..","..","0.01","..","..","..","0.01","..","..","..","..","..","..","0.03","0.04","0.03","..","..","..","..","..","0.1","0.14","0.47","0.15","0.43","0.29","0.22","0.15","0.14","0.07","0.02","0.08","0.04","0.01","..","..","..","..","..","..","0.01","0.04","0.33","0.26","0.34","0.1","0.5","0.47","0.13","0.08","..","..","0.18"
"Former Yugoslav Republic of Macedonia (FYROM)","","..","..","..","..","..","..","..","..","..","..","..","..","..","..","..","..","..","..","..","..","..","..","..","..","..","..","..","..","..","..","..","..","..","..","..","0.35","..","..","0.42","0.67","0.67","10.83","1.99","1.2","0.72","0.29","0.09","0.24","..","..","..","..","..",".."
"French Polynesia","","..","..","..","..","..","..","..","..","..","..","..","..","..","..","..","..","..","..","..","..","..","..","..","..","..","..","..","..","..","..","..","..","..","..","..","..","..","..","..","..","..","..","..","..","..","..","..","..","..","..","..","..","..",".."
"Gabon","","..","..","..","..","..","..","0.03","0.04","0.05","0.06","0.15","0.22","0.37","0.44","0.74","1.14","1.02","1","0.5","0.35","0.14","0.28","0.75","0.58","1.07","1.68","3.39","2.65","3.7","5.03","7.27","7.87","2.56","3.31","1.94","0.77","3.62","3.85","1.69","1.27","1.28","0.88","0.92","1.23","1.74","2.55","1.34","1.66","0.65","0.98","0.07","1.58","0.05","0.07"
"Gambia","","..","..","0.02","..","0.02","0.02","0.03","0.03","0.05","0.05","0.03","..","..","..","..","..","..","1.96","1.09","0.02","0.05","0.17","0.61","1.24","0.64","0.92","0.18","1.19","0.33","0.73","0.2","0.16","0.49","0.35","0.18","0.41","0.27","0.23","0.26","0.54","0.18","0.27","0.57","0.71","0.93","2.5","1.17","1.54","0.77","1.23","0.46","2.96","0.46","1.23"
"Georgia","","..","..","..","..","..","..","..","..","..","..","..","..","..","..","..","..","..","..","..","..","..","..","..","..","..","..","..","..","..","..","..","..","0.42","0.78","1.46","0.02","..","0.04","0.15","0.52","0.31","0.55","0.7","2.95","2.48","3.52","0.81","4.16","3.75","0.77","0.03","0.06","0.01","0.14"
"Ghana","","0.12","0.26","0.48","0.08","1.38","1.55","3.92","3.83","4.06","4.07","6.09","7.68","11.63","6.71","11.78","18.42","12.21","13.47","15.56","15.45","13.86","7.92","8.36","5.94","36.66","17.5","16.45","18.3","20.92","39.78","28.44","39.9","38.68","29.21","16.71","22.68","20.99","14.07","17.01","12.77","16.21","11.23","12.39","20.64","48.54","51.73","53.85","78.57","74.01","99.8","114.2","70.72","100.87","99.72"
"Gibraltar","","..","..","..","..","..","..","..","..","..","..","..","..","..","..","..","..","..","..","..","..","..","..","..","..","..","..","..","..","..","..","..","..","..","..","..","..","..","..","..","..","..","..","..","..","..","..","..","..","..","..","..","..","..",".."
"Grenada","","..","..","..","..","..","..","..","..","..","..","..","..","..","..","0.31","0.97","1.2","1.38","0.24","0.08","0.06","0.15","1.15","1.6","1.86","4.43","4.34","5.2","4.9","2.11","1.28","0.93","1.11","0.38","0.03","0.03","0.03","0.03","0.06","0.11","0.04","0.02","0.15","0.5","3.3","6.04","0.15","3.51","0.44","2.38","0.09","0.11","0.23","0.24"
"Guatemala","","..","..","..","..","..","..","..","..","..","..","..","..","0.13","0.04","0.02","0.05","4.3","1.54","3.96","2.31","1.65","1.32","1.31","2.91","1.47","1.59","0.9","1.07","1.25","0.98","0.75","2","2.74","2.72","3.68","3.21","2.52","5.88","4.05","4.35","4.35","5.03","10.2","9.69","7.56","8.13","10.22","11.18","15.02","7.08","10.27","10.59","20.6","9.99"
"Guinea","","..","..","..","..","0.01","0.08","0.49","0.29","0.02","0.02","0.04","0.04","0.01","0.01","0.48","0.04","0.73","0.1","0.19","0.03","0.03","0.05","0.59","0.58","9.83","11.18","2.79","4.78","6.57","6.69","3.92","6.47","9.14","8.57","6.61","4.27","9.05","9.8","10.7","5.58","6.68","7.7","4.31","8.86","7.97","11.53","7.19","7.06","6.54","5.22","2.22","2.55","1.81","1.18"
"Guinea-Bissau","","..","..","..","..","..","..","..","..","..","..","..","..","..","..","..","..","..","..","0.02","0.04","0.07","0.06","0.14","0.31","0.31","0.6","0.1","0.33","0.3","0.39","0.13","0.39","0.62","0.21","0.48","0.53","0.39","0.17","0.35","0.33","0.16","0.13","0.32","0.31","0.72","1.96","0.67","0.95","0.46","1.17","0.49","0.84","0.05","0.24"
"Guyana","","0.01","0.02","0.06","0.02","0.1","0.21","0.85","1.87","2.26","2.27","4.36","2.07","2.13","2.36","4.24","2.03","2.43","1.39","2.79","5.49","4.08","3.66","2.74","3.17","1.57","1.13","1.14","4.81","6.17","8.54","15.72","14.74","11.83","10.34","6.73","3.53","4.81","9.31","3.09","4.15","3.51","4.73","4.17","7.09","7.54","8.85","6.36","7.04","2.7","5.6","3.73","4.03","2.37","1.72"
"Haiti","","..","..","..","..","..","..","..","..","..","..","..","..","..","0.04","1.12","2.51","3.54","4.72","8.28","7.97","5.37","7.62","9.2","11.42","8","6.04","4.72","8.9","5.89","9.14","10.39","12.77","9.4","14.63","14.91","18.4","24.42","31.14","22.39","25.83","19.71","13.07","10.17","15.84","37.35","81.7","97.45","119.22","147.57","119.72","458.87","242.04","167.2","105.95"
"Honduras","","..","..","..","..","..","..","..","..","..","..","..","0.07","0.55","0.28","1.2","1.54","1.28","1.04","7.45","3.57","4.09","3.48","4.53","5.15","10.16","9.62","0.97","3.44","3.25","9.33","7.22","9.11","11.28","11.5","7.69","5.58","4.45","4.92","7.63","23.84","6.98","5.96","7.06","12.73","9.37","28.62","15.1","13.11","14.17","24.14","17.58","34.58","37.51","23.36"
"Hong Kong, China","","0.01","0.01","0.02","0.01","0.03","0.05","0.05","0.05","0.04","0.03","0.02","0.02","0.01","..","..","..","..","..","..","..","..","..","..","0.04","0.05","0.1","0.03","0.05","0.01","0.04","..","0.02","0.01","..","..","..","..","..","..","..","..","..","..","..","..","..","..","..","..","..","..","..","..",".."
"India","","26.6","21.31","9.8","25.13","40.71","27.15","101.98","93.42","67.49","69.77","105.82","104.82","70.41","54.78","112.56","109.3","66.92","36.76","46.33","17.42","35.79","51.85","33.71","40.61","64.86","42.31","46.48","38.5","49.19","24.31","22.56","25.06","12.49","38.42","34.64","20.11","29.42","16.83","14.16","4.76","6.79","13.4","16.03","-281.45","33.56","34.01","25.46","21.43","13.28","11.54","7.91","10.78","8.9","10.8"
"Indonesia","","1.12","0.6","0.5","0.45","0.44","0.08","0.1","0.5","0.9","2.47","3.12","2.08","12.99","17.45","25.82","34.1","22.35","11.77","14.41","8.81","14.44","21.19","26.79","10.58","25.97","34.12","52.07","42.97","40.12","33.43","48.43","42.66","33.61","33.93","23.87","15.72","18","18.74","18.46","26.31","26.45","18.78","11.55","21.63","9.25","95.89","37.28","53.44","82.41","20.02","10.86","13.65","10.53","12.33"
"Iran","","..","..","..","..","..","..","..","..","..","..","..","0.02","..","..","..","..","..","..","..","..","..","..","0.01","..","0.31","..","..","..","0.33","..","0.94","2.01","..","..","..","0.29","..","0.14","..","..","..","..","..","0.9","0.43","..","..","0.05","0.19","3.31","0.09","0.52","0.87","2.53"
"Iraq","","..","..","..","..","..","..","..","..","..","..","..","..","..","..","..","..","..","..","..","..","..","..","..","0.32","0.01","..","..","..","..","..","..","1.75","3.14","0.77","1.83","1.53","1.54","0.72","..","..","0.67","..","0.32","47.86","71.99","385.53","17.72","43.04","152","12.11","6.32","2.69","2.98","15.83"
"Israel","","..","..","..","0.35","1.69","-0.1","-0.19","-0.19","..","..","..","..","..","..","..","..","..","..","..","..","..","..","..","..","0.01","0.11","0.22","0.28","0.34","0.49","1.8","1.24","1.46","..","0.11","..","..","..","..","..","..","..","..","..","..","..","..","..","..","..","..","..","..",".."
"Jamaica","","..","..","..","..","0.16","0.28","0.64","1.59","2.88","2.67","2.34","4.17","3.63","4.24","2.74","3.67","2.9","3.93","10.97","7.52","7.67","11.21","11.13","16.13","18.2","15.19","25.49","24.38","43.17","39.59","27.98","27.9","19.32","14.43","10.95","7.11","3.71","3.39","4.39","5.16","5.45","19.77","6.89","8.56","9.23","7.61","3.3","6.77","3.41","5.88","4.08","5.16","5.07","2.94"
"Jordan","","..","..","..","..","..","..","..","..","..","..","..","..","..","..","..","..","..","..","..","..","..","0.02","0.68","0.45","0.3","0.69","0.65","3.38","10.66","10.05","17.95","25.64","3.99","2.92","8.64","7.91","6.05","2.52","2.33","2.31","1.89","1.73","3.67","3.31","6.98","7.91","5.51","8.8","7.68","10.97","7.05","7.09","15.61","60.85"
"Kazakstan","","..","..","..","..","..","..","..","..","..","..","..","..","..","..","..","..","..","..","..","..","..","..","..","..","..","..","..","..","..","..","..","..","..","0.13","0.38","0.43","1.21","0.16","0.44","1.53","0.71","1.31","0.66","0.84","0.51","1.18","0.07","0.63","0.18","0.08","0.05","0.04","0.06","0.08"
"Kenya","","0.01","0.04","0.1","0.29","0.35","0.7","1.01","1.07","1.37","1.57","2","2.56","2.34","4.44","4.61","6.67","10.17","7.64","5.71","9.09","9.57","36.02","39.64","21.33","28.51","22.99","25.28","19.55","23.98","22.12","19.53","14.76","14.14","12.59","7.8","6.53","5.55","7.96","6.74","7.27","5.4","3.81","7.25","7.98","18.1","21.55","24.21","22.44","26.17","31.69","25.93","41.6","46.07","46.74"
"Kiribati","","..","..","..","..","..","..","..","..","..","..","..","..","..","..","..","..","..","..","..","..","..","..","..","0.11","0.09","0.04","0.07","0.01","0.01","..","..","..","..","..","..","..","..","..","..","..","..","..","..","..","..","..","..","0.34","0.03","0.1","..","0.72","..",".."
"Korea","","..","..","..","..","0.01","0.05","0.05","0.07","0.47","0.49","2.52","0.06","0.03","0.01","-0.02","-0.04","0.04","-0.04","-0.03","-0.02","-0.04","0.22","0.35","0.38","0.63","0.04","-0.04","-0.02","0.24","0.1","0.12","0.07","0.1","0.11","-0.02","-0.02","0.72","-0.02","0.77","..","..","..","..","..","..","..","..","..","..","..","..","..","..",".."
"Korea, Dem. Rep.","","..","..","..","..","..","..","..","..","..","..","..","..","..","..","..","..","..","..","..","..","..","..","..","..","..","0.31","0.04","0.08","-0.04","-0.04","..","0.02","..","..","..","..","0.07","2.47","4.54","0.18","2.36","1.51","0.19","5","2.4","1.57","0.26","2.12","2.41","3.6","..","2.53","8.2","0.99"
"Kosovo","","..","..","..","..","..","..","..","..","..","..","..","..","..","..","..","..","..","..","..","..","..","..","..","..","..","..","..","..","..","..","..","..","..","..","..","..","..","..","..","..","..","..","..","..","..","..","..","..","..","..","..","..","-0.01","0.23"
"Kuwait","","..","..","..","..","..","..","..","..","..","..","..","..","..","..","..","..","..","..","..","..","..","..","..","..","..","..","..","..","..","..","..","..","..","..","..","..","..","..","..","..","..","..","..","..","..","..","..","..","..","..","..","..","..",".."
"Kyrgyz Republic","","..","..","..","..","..","..","..","..","..","..","..","..","..","..","..","..","..","..","..","..","..","..","..","..","..","..","..","..","..","..","..","..","..","0.05","0.12","0.03","..","0.03","0.33","0.21","0.59","0.79","0.66","0.43","0.34","0.68","0.12","0.65","0.26","0.14","1.98","0.39","0.41","1.59"
"Laos","","0.02","0.02","..","0.09","0.12","0.12","0.2","0.27","0.26","1.3","0.42","0.17","0.2","0.16","0.18","0.19","0.13","2.38","..","..","..","..","0.01","..","..","..","..","0.02","0.03","0.02","0.11","0.32","1.03","0.62","0.58","0.83","1.04","1.17","0.33","0.65","0.35","0.58","1.45","1.73","2.47","3.65","2.88","4.68","1.71","1.76","0.58","2.69","1.45","0.72"
"Lebanon","","..","..","..","..","..","..","..","..","..","..","..","..","..","..","..","..","..","..","..","..","..","0.38","3.07","1.83","1.03","1.62","0.94","2.23","4.68","1.33","0.36","0.96","0.97","0.48","1.66","1.82","3.24","2.32","1.71","1.92","2.1","1.49","1.31","2.13","2.65","3.36","16.41","10.33","16.22","13.89","5.28","2.8","4.94","41.88"
"Lesotho","","..","0.01","0.05","..","0.07","0.1","0.16","0.13","0.13","0.17","0.25","..","0.08","0.15","0.29","1.32","3.83","4.97","4","4.07","5.78","1.87","4.07","2.84","2.49","5.14","1.75","2.49","2.26","2.47","2.22","2.23","1.94","1.22","0.7","0.49","0.25","0.22","0.17","0.25","0.1","0.16","0.23","0.67","0.46","3.71","0.91","1.39","0.7","0.99","0.41","1.39","0.21","0.27"
"Liberia","","..","..","..","0.26","0.81","0.26","-0.06","-0.07","..","..","..","..","..","..","..","..","..","..","..","..","..","..","0.15","0.2","0.29","0.15","0.04","0.2","0.57","1.75","0.17","3.35","1.77","1.28","0.99","1.8","1.52","..","0.34","0.1","0.19","0.3","0.34","1.77","1.04","2.93","1.59","2.91","1.95","2.2","1.1","7.78","2.55","3.1"
"Libya","","..","..","..","..","..","..","..","..","..","..","..","..","..","..","..","..","..","..","..","..","..","..","..","..","..","..","..","..","..","..","..","..","..","..","..","..","..","..","..","..","..","..","..","..","..","..","..","..","..","0.09","..","4.28","5.91","1.31"
"Macao","","..","..","..","..","..","..","..","..","..","..","..","..","..","..","..","..","..","..","..","..","..","..","..","..","..","..","..","..","..","..","..","..","..","..","..","..","..","..","..","..","..","..","..","..","..","..","..","..","..","..","..","..","..",".."
"Madagascar","","..","..","..","..","0.01","0.01","0.04","0.06","0.1","0.2","0.42","0.54","0.61","0.5","0.47","1.08","0.67","1.47","2.74","2.05","9.69","3.9","2.81","1.15","0.85","0.51","2.56","8.18","1.77","0.9","1.13","0.77","0.96","0.81","1.1","1.45","0.73","0.25","0.13","0.33","0.24","0.15","1.22","1.75","17.62","2.16","1.67","3.17","3.07","2.12","1.91","1.94","1.01","0.86"
"Malawi","","..","..","..","..","0.02","0.2","0.39","0.4","0.29","0.14","0.08","0.35","0.41","0.92","1.83","13.34","10.39","14.75","12.71","13.29","8.96","10.02","6.61","7.78","3.32","4.31","1.43","7.5","5.68","10.36","7.84","9.88","9.92","4.47","7.99","8.31","8.04","5.69","6.94","5.78","6.69","10.96","8.54","16.66","16.02","17.03","12.46","16.04","16.34","19.47","16.54","12.46","30.4","24.19"
"Malaysia","","0.28","1.08","1.01","1.3","1.76","1.82","4.08","2.19","1.79","1.48","2.13","3.32","2.94","2.44","1.58","1.69","1.67","2.68","2.28","1.35","0.99","1.57","0.45","0.64","0.95","3.03","2.49","3.79","4.58","6.29","5.62","8.47","8.43","7.67","5.69","4.52","3.44","2.21","3.84","1.54","2.2","0.56","0.69","0.47","0.29","1.46","0.15","0.96","0.26","0.11","-0.01","-0.03","-0.04","0.22"
"Maldives","","..","..","..","..","..","0.01","0.01","0.01","0.01","0.01","..","..","..","..","..","..","..","..","..","..","..","..","..","..","0.08","..","0.01","0.08","0.07","0.09","0.26","0.2","0.31","0.04","0.01","0.03","0.08","0.16","0.07","0.19","0.18","0.14","0.13","0.23","0.23","5.77","1.92","2.93","0.85","0.63","0.09","0.55","0.28","0.02"
"Mali","","..","..","0.01","..","0.05","0.07","0.08","0.06","0.06","0.05","0.1","0.7","0.76","2.44","6.02","4.91","2.12","3.64","4.36","8","12.81","11.24","9.44","7.55","7.01","15.06","13.46","21.57","12.54","21.18","20.86","20.26","22.9","17.07","20.31","16.33","14.25","9.26","11.04","18.34","12.67","8.97","13.62","25.2","44.14","35.5","27.34","55.92","99.12","83.46","96.04","116.17","93.85","64.82"
"Malta","","0.01","..","..","..","0.01","0.01","0.02","0.03","0.02","0.01","0.01","..","..","0.01","..","..","0.47","..","0.1","0.35","0.02","..","..","..","-0.01","-0.02","-0.02","-0.02","..","-0.02","-0.02","-0.02","-0.02","-0.02","-0.02","-0.02","-0.02","0.03","0.04","0.04","0.04","0.03","0.04","..","..","..","..","..","..","..","..","..","..",".."
"Marshall Islands","","..","..","..","..","..","..","..","..","..","..","..","..","..","..","..","..","..","..","..","..","..","..","..","..","..","..","..","..","..","..","..","..","..","..","..","..","..","..","..","..","..","..","..","..","..","..","..","0.34","0.01","0.01","..","0.1","..","0.04"
"Mauritania","","..","..","..","..","..","..","0.01","0.01","0.07","0.14","0.03","0.07","0.58","1.44","2.55","1.21","2.19","5.76","1.17","0.83","0.88","1.08","2.02","2.26","5.77","4.66","0.2","1.66","3.36","0.61","0.6","0.26","0.48","0.79","0.75","1.45","1.3","1.58","0.88","0.49","2.1","0.96","2.18","2.17","2.12","3.37","2.28","1.69","1.5","1.31","0.51","0.55","3.82","0.52"
"Mauritius","","..","0.02","0.02","..","0.1","0.11","0.12","0.1","0.01","0.06","0.05","0.03","0.03","0.16","0.12","0.1","0.02","0.21","0.21","0.21","0.13","0.13","0.17","0.13","0.11","0.22","0.25","0.27","0.27","0.33","0.29","0.18","0.18","0.1","0.3","0.18","0.52","0.14","0.09","0.14","0.2","0.14","0.24","0.28","0.31","1.56","0.35","0.58","0.31","0.25","0.03","..","0.07","0.09"
"Mayotte","","..","..","..","..","..","..","..","..","..","..","..","..","..","..","..","..","..","..","..","..","..","..","..","..","..","..","..","..","..","..","..","..","..","..","..","..","..","..","..","..","..","..","..","..","..","..","..","..","..","..","..","..","..",".."
"Mekong Delta Project","","..","..","..","..","..","..","..","..","..","..","..","..","..","..","..","..","..","..","..","..","..","..","..","..","..","..","..","..","..","..","..","..","..","..","..","..","..","..","..","..","..","..","..","..","..","..","..","..","..","..","..","..","..",".."
"Mexico","","..","..","11.28","13.77","23.86","3.87","1.39","-1.39","..","..","0.02","0.08","..","0.01","..","..","..","..","..","..","..","0.25","1.2","1.05","1.46","1.74","2.78","1.67","1.67","1.93","2.4","1.7","4.54","4.14","4.5","3.69","3.48","2.39","2.53","2.14","1.55","1.48","3.91","4.95","5.14","5.79","6.79","6.7","5.93","4.42","1.4","2.29","10.34","3.06"
"Micronesia","","..","..","..","..","..","..","..","..","..","..","..","..","..","..","..","..","..","..","..","..","..","..","..","..","..","..","..","..","..","..","..","..","..","..","..","..","..","..","..","..","..","..","..","..","..","0.2","..","0.31","0.02","0.01","0.01","..","..","0.04"
"Moldova","","..","..","..","..","..","..","..","..","..","..","..","..","..","..","..","..","..","..","..","..","..","..","..","..","..","..","..","..","..","..","..","..","..","..","..","..","..","..","0.19","0.15","0.12","0.05","0.32","0.5","0.58","0.62","0.23","0.35","0.16","0.01","0.16","..","..",".."
"Mongolia","","..","..","..","..","..","..","..","..","..","..","..","..","..","..","..","..","..","..","..","..","..","..","..","..","..","..","..","..","..","..","..","..","..","..","0.02","..","0.04","0.21","0.17","0.3","0.33","0.8","0.92","1.22","1.29","1.49","1.32","2.09","1.75","2.66","8.26","0.93","0.43","1.38"
"Montenegro","","..","..","..","..","..","..","..","..","..","..","..","..","..","..","..","..","..","..","..","..","..","..","..","..","..","..","..","..","..","..","..","..","..","..","..","..","..","..","..","..","..","..","..","..","..","..","..","1.06","0.67","0.23","..","0.14","..","0.05"
"Montserrat","","..","..","..","..","..","..","..","..","..","..","..","..","..","..","0.66","0.68","0.22","0.15","0.31","0.12","0.24","0.35","0.1","0.13","0.07","0.11","0.31","0.17","0.18","0.13","0.26","0.11","0.19","0.05","0.02","0.01","..","0.04","0.01","0.02","0.03","0.01","0.01","0.11","0.06","1.66","0.05","2.49","..","1.32","..","..","..",".."
"Morocco","","..","..","..","0.01","0.04","0.09","0.12","1.52","0.19","0.4","3.05","5.33","4.28","5.52","5.12","3.1","3.28","4.7","4.58","1.49","4.34","2.96","6.9","3.71","6.26","3.28","5.19","5.89","35.54","29.08","30.28","18.45","9.15","11.11","6.49","7.02","5.01","4.64","4.36","4.26","5.19","3.18","2.39","4.69","4.56","4.48","7.18","8.91","10.25","8.38","3.1","2.91","4.85","7.21"
"Mozambique","","..","..","..","..","..","..","..","..","..","..","..","..","..","..","..","..","2.8","0.05","1.84","2.22","1.26","1.81","6.16","3.1","11.35","4.77","5.29","24.18","29.75","27.37","34.31","29.76","28.61","29.18","17.38","5.76","13.39","9.11","12.87","11.66","7.99","13.88","9.02","26.7","27.34","56.19","49.36","57.34","77.23","75.15","82","129.81","123.43","107.74"
"Myanmar (Burma)","","0.33","0.97","0.59","0.66","0.61","0.22","0.89","0.1","0.06","0.75","1.94","2.16","0.55","1.87","1.3","0.54","1.75","6.18","2.72","4.38","3.66","2.61","1.93","1.76","1.51","2.29","1.06","0.95","2.4","0.66","1.7","0.07","0.13","0.28","2.63","0.07","0.24","0.07","0.06","0.22","0.16","1.3","1.32","1.41","0.63","0.53","0.14","0.39","22.32","2.51","0.61","4.13","2.67","6.55"
"Namibia","","..","..","..","..","..","..","..","..","..","..","..","..","0.02","..","..","..","..","..","..","..","..","..","..","..","..","-1.15","0.05","0.05","0.15","1.97","1.18","1.21","3.58","1.87","1.82","0.93","0.43","0.27","0.31","0.62","0.27","0.23","0.67","0.58","0.72","1.54","1.37","1.9","1.14","0.68","0.5","1.33","0.1","0.63"
"Nauru","","..","..","..","..","..","..","..","..","..","..","..","..","..","..","..","..","..","..","..","..","..","..","..","..","..","..","..","..","..","..","..","..","..","..","..","..","..","..","..","..","..","..","..","..","..","..","..","0.34","0.01","0.04","..","..","..",".."
"Nepal","","..","..","..","..","0.01","0.01","0.01","0.01","0.01","..","..","1.19","0.37","1.46","0.09","0.13","0.34","1.95","2.42","5.17","4.26","6.23","6.78","6.76","7.31","7.74","6.33","7.83","12.54","10.61","8.36","8.35","9.91","7.5","4.09","3.82","5.38","4.71","5.84","4.66","4.15","4.34","4.15","6.08","7.73","10.18","11.07","14.75","9.42","5.46","11.84","11.85","15.39","6.35"
"Netherlands Antilles","","..","..","..","..","..","..","..","..","..","..","..","..","..","..","..","..","..","..","..","..","..","..","..","0.01","..","..","..","..","..","..","0.06","..","..","..","..","..","..","..","..","..","..","..","..","..","..","..","..","..","..","..","..","..","..",".."
"New Caledonia","","..","..","..","..","..","..","..","..","..","..","..","..","..","..","..","..","..","..","..","..","..","..","..","0.03","..","..","..","..","..","0.02","..","..","..","..","..","..","..","..","..","..","..","..","..","..","..","..","..","..","..","..","..","..","..",".."
"Nicaragua","","..","..","..","..","..","..","..","..","..","..","..","..","0.01","1.29","1.15","0.15","0.29","0.56","0.07","..","0.25","5.55","2.25","6.19","8.77","5.79","4.32","1.06","13.85","4.62","4.69","19.82","6","8.73","9.11","8.11","12.91","8.24","12.93","6.68","2.8","6.45","7.65","8.45","8.95","8.98","11.24","22.23","16.83","13.56","12.53","17.83","10.88","13.63"
"Niger","","..","..","..","0.01","..","0.02","0.06","0.1","1.3","0.5","1.99","7.52","7.09","7.94","12.58","20.25","13.7","2.79","3.18","2.51","3.74","3.58","6.02","6.36","7.64","16.2","17.23","28.35","14.52","18.94","13.34","12.56","11.22","8.82","3.92","8.67","2.8","2.62","1.99","3.13","2.58","2.3","5.27","6.76","7.55","17.03","6.77","14.53","15.28","9.75","53.7","11.2","28.62","20.7"
"Nigeria","","0.04","0.43","0.83","0.76","1.27","2.67","3.64","2.62","3.57","5.1","5.99","13.42","11.98","10.34","10.64","8.93","14.7","3.3","1.29","0.7","0.32","0.8","1.31","0.63","1.52","1.4","1.07","1.19","2.55","2.76","2.47","1.1","2.26","2.34","1.01","0.99","1.29","0.95","0.86","0.83","1.82","4.47","18.06","12.37","15.17","19.22","15.66","20.9","26.67","17.5","12.61","28.2","39.5","37.06"
"Niue","","..","..","..","..","..","..","..","..","..","..","..","..","..","..","..","..","..","..","..","..","..","..","..","..","..","..","..","..","..","..","..","..","..","..","..","..","..","..","..","..","..","..","..","..","..","0.2","..","0.3","0.01","0.01","..","..","..",".."
"Northern Marianas","","..","..","..","..","..","..","..","..","..","..","..","..","..","..","..","..","..","..","..","..","..","..","..","..","..","..","..","1.67","..","..","..","..","..","..","2.07","..","..","..","..","..","..","..","..","..","..","..","..","..","..","..","..","..","..",".."
"Oman","","..","..","..","..","..","..","..","..","..","..","..","..","..","..","..","..","..","..","..","..","..","..","..","..","..","..","..","..","..","..","..","..","..","..","..","..","..","..","..","..","..","..","..","..","..","..","..","..","..","..","..","..","..",".."
"Pakistan","","11.71","13.44","9.48","20.22","22.66","13.59","31.68","29.29","16.57","22.39","44.9","34.73","14.46","18.83","31.41","64.56","35.72","67.53","73.23","55.69","28.41","51.56","48.48","55.02","53.69","58.44","44.36","37.99","64.4","35.31","28.43","39.35","21.99","10.08","4.55","3.25","9.65","18.01","16.09","12.08","13.07","13.92","7.77","13.25","15.53","51.08","43.44","44.71","41.56","41.88","101.85","87.49","38.72","67.09"
"Palau","","..","..","..","..","..","..","..","..","..","..","..","..","..","..","..","..","..","..","..","..","..","..","..","..","..","..","..","..","..","..","..","..","..","..","2.07","..","..","..","..","..","..","..","..","..","..","..","..","0.34","0.01","0.01","..","..","0.17","0.05"
"Panama","","..","..","..","..","..","..","..","..","..","..","..","..","..","..","..","..","..","..","..","..","..","0.36","0.74","0.68","0.53","0.51","0.3","0.54","0.4","0.65","0.36","0.48","0.23","0.23","0.2","0.49","0.47","1.36","0.69","0.46","0.96","0.73","0.84","1.09","0.68","1.1","0.87","1.2","0.56","0.79","0.53","1.74","0.94","0.82"
"Papua New Guinea","","..","..","..","..","..","..","..","..","..","..","..","..","..","..","..","0.03","0.05","0.04","0.03","0.02","0.22","0.23","0.1","0.4","0.65","0.52","0.22","0.15","0.12","0.32","0.13","0.09","0.06","0.03","..","0.03","0.04","0.09","0.14","..","0.03","..","0.02","0.35","0.55","0.38","0.49","1.17","0.7","0.24","0.09","1.09","0.93","0.16"
"Paraguay","","..","..","..","..","..","..","..","..","0.41","0.18","0.17","..","..","..","..","..","..","-0.02","-0.02","-0.02","-0.02","0.05","0.29","0.35","0.3","0.19","0.07","0.29","0.25","0.38","0.25","0.4","0.16","0.19","0.45","0.15","0.3","0.23","0.19","0.18","0.02","0.23","0.89","1.56","2.05","3.15","0.88","3.33","0.95","2.2","0.48","1.51","0.11","0.51"
"Peru","","..","..","..","..","..","0.08","..","..","..","0.04","..","0.04","0.1","0.39","1.3","1.73","3.17","7.74","3.72","3.71","2","5.09","5.36","6.84","14.48","13.1","17.08","15.38","22.54","22.4","23.19","10.3","30.78","19.58","13.68","24.08","18.69","17.33","15.59","7.7","8.75","9.47","7.86","11.05","14.24","15.38","14.48","20.09","15.58","17.91","22.15","22.22","30.12","28.3"
"Philippines","","0.07","0.04","0.06","0.1","0.09","9.81","1.71","-0.57","0.06","0.11","0.06","0.05","0.02","0.01","0.01","0.07","1.01","1.38","1.67","0.23","0.2","0.86","3.26","5.08","8.08","4.92","6.11","16.35","25","23.22","28.67","22.49","28.42","24.41","24.12","19.54","16.43","16.52","14.53","11.16","9.92","14.44","15.64","15.6","12.36","19.37","19.85","22.45","15.5","16.97","16.65","11.88","10.7","71.08"
"Qatar","","..","..","..","..","..","..","..","..","..","..","..","..","..","..","..","..","..","..","..","..","..","..","..","..","..","..","..","..","..","..","..","..","..","..","..","..","..","..","..","..","..","..","..","..","..","..","..","..","..","..","..","..","..",".."
"Rwanda","","..","..","..","..","0.13","0.73","0.73","0.77","0.69","0.74","1.25","1.29","1.82","1.43","3.03","4.1","6.62","6.6","7.13","4.78","5.72","5.43","7.02","10.91","11.94","10.66","4.74","6.04","7.61","12.66","13.77","21.15","13.61","11.2","18.2","16.76","20.37","21.41","10.1","6.24","6.67","6.68","5.58","10.82","6.05","10.03","6.24","9.65","14.26","13.7","58.7","11.85","17.04","6.55"
"Samoa","","..","..","..","..","..","0.01","0.02","0.02","0.02","..","..","0.02","0.03","0.02","..","..","..","..","..","..","..","..","..","0.22","..","0.05","0.08","..","0.03","..","..","..","0.02","..","..","..","..","..","0.01","0.02","0.02","0.02","0.11","0.12","0.03","0.21","..","0.38","0.16","0.36","0.07","0.52","..","0.04"
"Sao Tome & Principe","","..","..","..","..","..","..","..","..","..","..","..","..","..","..","..","..","..","..","..","..","..","..","0.04","0.1","..","0.03","..","..","0.12","0.09","0.11","0.12","0.11","0.08","0.16","0.22","0.15","0.09","0.08","0.07","..","0.11","0.06","0.04","0.26","1.18","0.26","1.54","0.25","0.31","..","0.5","0.01","0.01"
"Saudi Arabia","","..","..","..","..","..","..","..","..","..","..","..","..","..","..","..","..","..","..","..","..","..","..","..","..","..","..","..","..","..","0.65","0.26","0.21","..","..","..","..","..","..","..","..","..","..","0.01","..","0.01","..","..","..","..","..","..","..","..",".."
"Senegal","","..","..","..","0.01","..","0.14","0.28","1.03","0.93","1.62","2.77","4.12","5.57","6.98","4.28","6.18","6.18","6.39","10.45","9.17","6.8","13.74","15.32","20.1","24.51","13.86","18.01","25.86","24.42","28.99","30.88","18.54","21.97","18.39","17.01","14.09","15.99","15.49","12.27","17.5","11.31","8.63","9.78","17.61","24.56","23.54","17.08","47.91","73.31","54.49","56.71","61.83","47.8","63.73"
"Serbia","","..","..","..","..","..","..","..","..","..","..","..","..","..","..","..","..","..","..","..","..","..","..","..","..","..","..","..","..","..","..","..","..","..","..","..","8.74","..","0.16","1.51","30.31","..","0.28","..","10.54","10.42","9.2","49.92","7.96","4.51","4.79","0.77","0.64","..","0.1"
"Seychelles","","..","..","..","..","..","..","0.01","0.01","0.01","0.01","..","..","..","..","..","..","..","0.05","0.06","0.08","0.04","0.06","0.12","0.17","0.2","0.23","0.06","0.2","0.11","0.27","0.16","0.38","0.22","0.21","0.17","0.3","0.48","0.02","0.03","0.05","0.05","0.02","0.07","0.08","0.25","0.78","0.23","0.51","0.24","0.21","..","..","..",".."
"Sierra Leone","","0.01","0.04","0.1","0.01","0.14","0.16","0.23","0.18","0.1","0.04","..","..","..","0.13","0.41","0.07","0.07","0.01","0.16","0.32","0.29","0.6","0.72","0.88","0.76","0.94","0.46","0.33","0.19","0.3","0.3","0.68","0.53","0.5","0.13","0.26","0.45","5.18","0.58","2.15","3.84","2.77","3.29","2.81","3.17","6.94","5.22","5.71","4.17","8.88","33.02","6.69","5.53","5.12"
"Singapore","","0.04","0.07","0.11","0.25","..","0.5","0.5","0.71","0.6","0.53","0.52","0.4","0.5","0.49","0.39","0.14","0.07","..","..","..","..","0.06","0.96","0.72","0.88","0.99","0.42","0.58","0.45","0.63","0.62","0.4","0.77","0.6","0.82","0.59","..","..","..","..","..","..","..","..","..","..","..","..","..","..","..","..","..",".."
"Slovenia","","..","..","..","..","..","..","..","..","..","..","..","..","..","..","..","..","..","..","..","..","..","..","..","..","..","..","..","..","..","..","..","..","..","..","..","0.02","..","0.01","0.01","0.02","..","1","0.01","..","..","..","..","..","..","..","..","..","..",".."
"Solomon Islands","","..","..","..","..","..","..","..","..","..","..","..","..","..","..","..","..","..","..","..","..","..","..","0.01","0.14","0.09","0.07","0.08","0.03","0.04","0.03","0.05","0.02","-0.01","..","..","..","..","0.01","..","..","..","..","..","0.29","0.33","0.37","0.24","0.78","0.44","0.22","0.05","0.41","..","0.09"
"Somalia","","..","..","..","..","..","..","..","..","..","..","..","..","..","..","..","1.36","3.92","0.18","0.01","..","2.41","1.6","7.67","0.77","1.02","0.9","0.59","0.41","0.52","0.76","0.92","1.82","15.83","6.14","1.48","1.29","0.16","0.29","0.22","0.37","0.47","0.53","0.17","0.96","1.75","5.98","7.14","12.89","21.81","25.73","4.38","24.05","32.6","22.68"
"South Africa","","..","..","..","..","..","..","..","..","..","..","..","..","..","..","..","..","..","..","..","..","..","..","..","..","..","..","..","..","..","..","..","..","..","6.88","10.78","8.77","11","10.9","10.42","11.61","10.71","7.51","9.49","13.08","12.01","14.55","11.14","13.96","14.65","12.99","16.48","11.77","11.76","10.09"
"South Sudan","","..","..","..","..","..","..","..","..","..","..","..","..","..","..","..","..","..","..","..","..","..","..","..","..","..","..","..","..","..","..","..","..","..","..","..","..","..","..","..","..","..","..","..","..","..","..","..","..","..","..","..","48.95","65.55","66.05"
"Sri Lanka","","1.85","2.38","1.83","1.86","2.32","4.84","5.15","7.6","3.36","2.8","8.44","5.66","7.63","4.77","7.06","9.43","13.06","16.21","25.24","17.26","29.28","32.8","33.35","36.09","30.44","21.93","21.56","21.77","28.25","15.44","4.31","9.78","7.59","5.94","4.91","4.04","4.04","3.62","2.17","2.53","1.37","2.75","3.54","5.82","5.45","45.69","15.36","30.73","42.05","25","11.47","11.72","5.19","3.62"
"St. Helena","","..","..","..","..","..","..","..","..","..","..","..","..","..","..","..","..","..","..","..","..","..","..","..","..","..","..","..","..","..","..","..","..","..","..","..","..","0","..","..","..","..","..","..","..","..","..","..","..","..","..","..","..","..",".."
"St. Kitts-Nevis","","..","..","..","..","..","..","..","..","..","..","..","..","..","..","0.24","0.22","0.15","0.08","0.22","0.27","1.12","1.2","0.5","0.36","0.43","1.17","0.48","1.71","3.66","2.29","1.41","0.54","0.65","0.27","0.05","0.03","..","0.02","0.02","0.05","0.02","0.03","0.06","0.11","0.06","1.63","0.02","3.49","0.19","2.42","0.03","0.14","0.03","0.16"
"St. Lucia","","..","..","..","..","..","..","..","..","..","..","..","..","..","..","2.68","1.74","1.18","1.91","0.51","0.19","0.16","0.54","0.96","0.94","2.42","0.85","0.87","3.78","4.41","2.78","2.34","4.16","2.77","4.99","6.28","4.99","0.75","0.24","0.23","0.21","0.06","0.19","0.43","0.77","0.46","2.08","0.2","3.51","0.38","2.46","0.14","0.09","0.03","0.19"
"St.Vincent & Grenadines","","..","..","..","..","..","..","..","..","..","..","..","..","..","..","0.5","1","1.04","0.81","0.35","0.1","0.05","0.54","0.48","0.57","0.39","0.77","5.12","1.4","1.32","0.69","1.05","2.09","3.37","1.23","0.5","0.01","..","0.02","0.01","0.03","0.03","0.03","0.12","0.33","0.34","1.94","0.23","3.73","0.32","2.33","0.29","0.13","0.03","0.07"
"Sts Ex-Yugo. Unspec.","","..","..","..","..","..","..","..","..","..","..","..","..","..","..","..","..","..","..","..","..","..","..","..","..","0.04","..","..","..","..","..","..","0.01","0.02","25.17","9.68","..","27.02","..","..","1.02","35.61","14.86","110.8","..","..","..","..","..","..","..","..","..","..",".."
"Sudan","","..","..","..","..","..","..","..","..","..","..","..","..","..","..","..","0.01","..","0.25","0.88","1.75","1.71","5.25","9.91","13.22","13.16","22.51","15.8","12.06","14.97","11.87","10.22","20.52","11.59","7.92","8.26","4.6","3.17","2.46","7.46","4.07","2.41","4.68","4.9","6.29","26.31","21.76","79.3","70.78","83.91","105.04","108.27","52.34","29.33","21.46"
"Suriname","","..","..","..","..","..","..","..","..","..","..","..","..","..","..","..","..","..","..","0.02","..","0.01","0.02","0.17","0.04","0.02","0.01","..","..","..","0.08","0.07","0.1","0.04","0.06","..","0.04","0.15","0.17","..","0.21","0.01","0.23","0.21","0.48","0.51","0.79","0.32","1.27","0.25","1.45","0.13","1.2","0","0.35"
"Swaziland","","..","..","..","..","0.01","0.01","0.03","..","0.03","0.06","0.05","0.04","0.06","0.12","0.43","0.67","0.95","2.16","1.54","1.29","1.42","1.03","1.04","2.1","1.16","4.39","1.52","1.74","1.74","1.87","1.94","2.55","2.37","1.53","0.96","0.72","0.44","0.41","0.12","0.28","0.27","0.1","0.22","0.43","0.61","3.77","0.96","1.36","0.63","0.9","0.75","1.61","1.33","1.2"
"Syria","","..","..","..","..","..","..","..","..","..","..","..","..","..","..","..","..","..","..","..","..","..","..","..","0.61","0.12","..","0.33","0.71","0.69","0.43","0.23","0.19","0.18","0.28","0.62","0.07","0.03","0.23","0.15","0.09","0.26","0.11","0.23","0.01","1.55","1.87","0.08","0.52","1.92","0.87","0.14","1.01","11.31","63.78"
"Tajikistan","","..","..","..","..","..","..","..","..","..","..","..","..","..","..","..","..","..","..","..","..","..","..","..","..","..","..","..","..","..","..","..","..","..","..","..","0.75","..","0.01","0.15","1.81","0.44","0.82","1.46","2.46","6.93","6.51","0.35","5.76","5.74","2.48","0.7","0.67","1.82","2.7"
"Tanzania","","..","0.02","0.11","0.16","0.59","0.9","1.39","2.51","2.77","1.88","2.73","5.12","6.12","11.08","31.62","31.99","20.33","9.71","29.01","28.6","19.37","27.17","35.18","33.94","24.65","30.39","27.18","36.03","30.36","37.12","34.69","29.09","31.74","20.16","10.71","25.37","9.2","7.81","7","13.3","11.64","8.38","8.25","34.33","32.71","33.01","41.66","56.73","44.74","93.98","111.55","94.68","112.8","163.68"
"Thailand","","0.06","0.08","0.11","0.11","0.11","0.15","0.7","0.85","1.48","1.19","1.07","0.75","0.35","0.32","0.32","0.21","0.25","0.25","0.9","5.29","8","6.39","8.13","9.9","17.06","14.07","17.16","26.27","29.16","24.04","26.65","27.37","21.03","16.49","14.17","14.51","10.73","9.85","5.55","4.12","2.12","2.64","1.65","3.08","3.96","7.78","2.55","5.18","1.15","2.83","-0.63","2.15","-0.59","0.28"
"Timor-Leste","","..","..","..","..","..","..","..","..","..","..","..","..","..","..","..","..","..","..","..","..","..","..","..","0.12","..","..","..","..","0.02","..","..","..","..","..","..","..","..","..","..","..","0.52","2.78","3.09","4.99","2.77","3.49","1.81","3.24","1.75","2.02","1.13","1.3","0.29","0.3"
"Togo","","..","..","0.02","..","0.05","0.11","0.18","0.23","0.35","0.37","0.63","2.55","2.2","1.41","1.13","1.99","1.49","1.54","4.56","7.97","0.58","0.33","0.25","0.48","1.72","8.64","5.16","1.28","1.95","1.02","1.4","0.82","0.94","0.59","0.34","0.56","0.51","0.4","0.28","0.41","0.18","0.16","1.01","1.81","5.96","3.26","2","2.32","2.61","2.5","23.05","1.41","5.67","1.9"
"Tokelau","","..","..","..","..","..","..","..","..","..","..","..","..","..","..","..","..","..","..","..","..","..","..","..","..","..","..","..","..","..","..","..","..","..","..","..","..","..","..","..","..","..","..","..","..","..","..","..","..","..","..","..","..","..",".."
"Tonga","","..","..","..","..","..","..","..","..","..","..","..","..","..","..","..","..","..","..","..","..","..","..","0.21","0.23","..","0.04","0.07","..","..","..","..","..","..","..","..","..","..","..","0.01","0.05","0.06","0.04","0.06","0.04","0.04","0.25","0.04","0.39","0.18","0.06","0.07","0.12","..",".."
"Trinidad & Tobago","","..","..","..","..","0.36","0.44","1.82","2.16","1.53","1.38","2.25","1.12","0.56","0.92","0.54","1.67","0.88","0.02","0.33","-0.13","-0.27","0.66","0.6","0.73","0.5","-0.08","-0.05","0.16","-0.02","3.25","2.07","1.21","0.91","0.75","0.19","0.94","0.28","0.32","0.27","0.42","0.19","0.51","1.27","0.96","0.98","1.76","0.7","1.5","0.65","1.82","0.33","..","..",".."
"Tunisia","","..","..","..","..","..","0.17","0.58","0.89","3.51","7.17","4.96","6.08","13.56","11.54","12.31","12.94","15.62","9.51","18.37","10.49","8.03","7.85","12.79","6.07","6.08","0.01","0.89","8.13","10.52","11.81","1.2","6.78","4.51","1.77","2.89","0.93","2.28","1.11","1.75","2.64","1.76","0.12","0.78","1.86","0.47","0.96","0.73","-0.84","2.5","2.14","-2.85","1.06","-2.87","-2.23"
"Turkey","","..","..","..","..","..","..","..","0.05","0.92","0.45","3.28","5.32","0.52","5.28","4.13","4.77","..","..","..","..","1.28","18.29","6.21","0.07","0.17","-1.55","-1.28","-0.81","-0.91","-1.77","1.64","0.14","-0.23","0.16","0.3","0.32","4.58","-1.22","-1.31","0.07","5.13","-0.01","1.12","-2.74","-2.4","-2.42","-2.25","-1.73","-2.32","-2.3","-2.62","-2.04","0.11","2.44"
"Turkmenistan","","..","..","..","..","..","..","..","..","..","..","..","..","..","..","..","..","..","..","..","..","..","..","..","..","..","..","..","..","..","..","..","..","..","..","..","..","..","..","0.12","0.11","0.03","0.03","0.36","0.38","0.06","0.05","0.02","0.31","..","..","..","..","..",".."
"Turks & Caicos Islands","","..","..","..","..","..","..","..","..","..","..","..","..","..","..","..","..","..","0.01","..","0.01","..","0.02","0.15","0.01","0.08","0.08","0.05","0.3","0.15","0.09","0.12","0.09","0.02","0.01","0.16","0.01","..","..","..","..","0.03","0.18","0.15","0.08","0.11","1.2","0.01","2.16","..","..","..","..","..",".."
"Tuvalu","","..","..","..","..","..","..","..","..","..","..","..","..","..","..","..","..","..","..","..","..","..","..","..","0.03","0.03","0.04","0.07","..","..","..","..","..","..","..","..","..","..","0.01","0.02","0.02","0.02","0.01","..","..","0.46","0.2","..","0.34","0.02","0.12","..","0.48","..",".."
"Uganda","","0.01","0.04","0.06","0.02","0.37","0.58","0.87","0.74","0.86","0.88","1.72","1.62","1.77","1.36","0.28","0.79","0.53","0.53","0.33","0.08","0.94","3.34","4.94","1.95","6.53","2.58","1.66","2.14","11.61","6.56","7.12","5.26","9.12","3.69","4.71","1.55","1.67","3.16","3.46","2.62","1.61","2.6","6.43","6.74","10.16","12.83","14.11","19.99","21.2","16.85","5.73","6.4","13.59","12.36"
"Ukraine","","..","..","..","..","..","..","..","..","..","..","..","..","..","..","..","..","..","..","..","..","..","..","..","..","..","..","..","..","..","..","..","..","..","..","..","..","..","..","..","..","..","..","..","..","..","18.62","15.77","15.96","18.71","17.97","20.2","26.79","65.59","17.83"
"United Arab Emirates","","..","..","..","..","..","..","..","..","..","..","..","..","..","..","..","..","..","..","..","..","..","..","..","..","..","..","..","..","..","..","..","..","..","..","..","..","..","..","..","..","..","..","..","..","..","..","..","..","..","..","..","..","..",".."
"Uruguay","","..","..","..","..","..","..","..","..","..","..","..","..","..","..","..","..","..","..","..","..","..","0.06","0.17","0.24","0.31","0.33","0.29","0.98","1.32","1.42","1.25","1.73","1.41","1.4","0.99","1.21","1.2","1.64","0.79","1.33","0.15","0.19","0.66","1.33","1.43","2.13","1.05","2.04","1.06","1.31","0.45","0.54","0.45","0.67"
"Uzbekistan","","..","..","..","..","..","..","..","..","..","..","..","..","..","..","..","..","..","..","..","..","..","..","..","..","..","..","..","..","..","..","..","..","..","..","..","..","..","0.01","0.14","0.11","0.17","0.33","0.51","0.47","0.76","0.86","0.03","0.45","0.01","0.01","..","..","..",".."
"Vanuatu","","..","..","..","..","..","..","..","..","..","..","..","..","..","..","..","..","..","..","..","..","..","..","..","0.31","0.1","0.13","0.12","0.06","0.07","0.03","0.09","0.01","-0.01","0.05","..","..","..","0.01","0.01","..","..","..","..","0.27","..","0.57","0.56","0.92","0.82","0.42","0.21","1.64","..","0.08"
"Venezuela","","..","..","..","..","..","..","..","..","..","..","..","..","..","..","..","..","..","..","..","..","..","..","0.06","0.08","0.15","0.02","0.12","0.09","0.46","0.81","0.7","0.16","2.46","2.44","1.37","0.99","0.91","0.86","0.83","0.9","0.53","0.61","1.38","2.1","0.89","1.8","0.57","1.64","0.62","0.53","0.42","0.39","0.16","0.48"
"Vietnam","","0.47","0.24","0.28","0.29","0.45","0.58","0.83","1.09","2.84","1.76","2.17","2.21","2.16","2.25","1.8","2.46","0.32","..","5.5","0.03","..","..","..","..","..","0.04","..","..","..","..","0.03","0.19","3.4","5.3","7.09","6.14","9.14","15.79","9.16","11.33","14.56","11.76","20","23.23","25.29","28.38","34.36","28.93","37.59","35.32","25","32.65","27.85","22.12"
"Virgin Islands (UK)","","..","..","..","..","..","..","..","1.9","..","..","..","..","..","..","..","..","..","..","0.01","..","0.01","0.04","0.12","0.05","0.11","..","0.07","0.09","0.1","0.12","0.04","0.08","0.04","0.03","0.03","..","..","..","0.02","0.03","..","..","..","..","..","..","..","..","..","..","..","..","..",".."
"Wallis & Futuna","","..","..","..","..","..","..","..","..","..","..","..","..","..","..","..","..","..","..","..","..","..","..","..","..","..","..","..","..","..","..","..","..","..","..","..","..","..","..","..","..","..","..","..","0.05","..","..","..","..","..","..","..","..","..",".."
"West Bank & Gaza Strip","","..","..","..","..","..","..","..","..","..","..","..","..","..","..","..","..","..","..","..","..","..","..","..","..","..","..","..","..","..","..","..","..","..","1.19","0.79","0.64","3.7","5.78","0.27","0.48","0.38","0.52","8.94","8.8","22.41","15.89","34.55","42.3","44.28","41.2","65.05","77.71","60.4","50.38"
"Yemen","","..","..","..","..","..","..","..","..","..","..","..","..","..","..","..","..","..","..","..","..","..","0.2","0.34","0.47","0.29","0.5","0.18","0.36","0.39","0.42","0.43","0.13","0.58","0.56","0.57","0.54","0.39","3.83","0.18","0.17","0.13","0.35","0.46","0.53","0.58","1.05","1.5","1.59","1.27","2.54","2.55","5.58","14.78","14.09"
"Zambia","","..","..","..","..","0.01","0.11","0.42","0.44","0.6","0.55","0.56","1.39","1.7","2.59","3.91","6.32","6","11.54","15.94","3.47","15.96","6.14","16.99","10.83","18.83","10.91","13.35","25.66","30.39","15.9","13.95","23.23","25.96","13.58","10.13","18.74","9.53","11.76","7.83","9.32","8.41","8.94","12.21","17.53","24.98","49.7","10.62","23.83","14.25","12.95","8.69","7.53","6.35","5.69"
"Zimbabwe","","..","..","..","..","0.1","0.16","0.14","0.08","0.1","0.09","0.08","0.02","0.1","0.07","0.08","..","..","0.04","0.05","0.02","0.03","8.17","12.11","4.88","9.63","17.33","11.17","10.12","15.69","24.76","24","20.17","27.2","14.69","13.37","12.54","9.39","4.28","4.64","3.65","8.95","2.98","6.52","7.06","11.9","13.54","6.84","13.01","21.12","28.31","9.25","13.8","21.62","11.77"
"North of Sahara, regional","","..","..","..","..","..","..","..","..","..","..","..","..","..","..","..","..","..","..","..","0.06","..","..","..","..","..","0.21","..","..","..","..","..","..","0.02","0.02","..","0.59","0.39","0.01","..","0.03","0.09","2.83","0.17","0.35","0.41","3.65","2.18","1.18","13.41","2.54","10.84","3.76","4.43","6.37"
"South of Sahara, regional","","0.01","0.02","0.06","0.01","..","-0.01","..","..","..","..","0.01","0.34","0.78","0.9","1.21","0.82","0.72","1.13","17.39","15.84","22.68","12.81","9.55","15.84","28.19","5.12","17.58","7.57","5.25","18.87","23.92","19.03","22.54","5.65","11.4","18.21","16.1","28.23","27.04","8.5","2.23","20.7","9.51","28.95","26.31","4.42","83.03","8.59","328.3","141.13","274.44","375.87","424.22","338.62"
"Africa, regional","","..","..","..","..","..","..","0.07","0.08","0.08","0.01","..","0.34","0.35","1.51","3.62","4.89","3.61","3.33","2.37","..","..","11.31","5.49","4.72","5.2","16.97","10.74","4.16","10.12","3.48","7.73","23.74","45.95","48.17","34.63","34.03","22.56","26.33","28.68","15.74","20.17","19.25","17.63","32.77","48.25","312.85","209.45","381.9","60.92","191.01","134.62","127.91","128.18","96.71"
"N. & C. America, regional","","..","..","..","..","0.01","..","..","..","..","..","0.04","..","..","1.42","3.77","..","..","6.39","4.93","1.16","..","7.39","1.23","11.29","7.56","17.47","5.32","3.62","5.18","8.45","8.33","2.67","1.92","1.47","0.04","1.06","2.15","3.99","8.13","1.29","1.88","5","6.08","11.81","19.88","2.47","19.7","1.55","23.15","0.54","21.14","7.61","88.37","4.26"
"South America, regional","","..","..","..","..","..","..","..","..","..","..","0.01","0.52","0.36","0.92","0.86","0.52","..","..","2.41","0.37","1.65","5.95","0.85","1.4","2.11","3.73","1.66","2.52","3.97","5.28","6.38","6.14","0.32","3.95","4.03","5.72","8.25","13.47","10.09","8.26","7.37","7.98","5.22","7.05","7.7","1.71","13.6","6.45","31.98","20.7","45.37","29.36","156.25","24.63"
"America, regional","","..","..","..","..","..","..","0.02","0.04","0.04","..","..","..","0.39","..","..","..","1.63","1.3","..","..","..","0.49","1.81","2.39","3.24","3.4","2.78","0.46","0.63","2.17","1.46","5.44","20.18","13.16","5.05","2.41","1.83","2.51","1.35","3.24","6.03","6.09","3.11","1.49","3.65","106.61","107.39","119.81","93.1","124.46","105.25","134.5","134.23","106.42"
"Middle East, regional","","..","..","..","..","..","..","..","..","..","..","..","..","..","..","..","..","..","..","..","..","..","0.08","0.98","1.63","1.02","0.87","0.57","1.2","4.29","1.16","4.1","15.58","1.23","1.26","2.11","7.95","5.11","2.64","7.32","2.01","4.88","9.71","0.68","1.76","2.13","2.39","3.06","1.7","14.8","7.13","17.36","22.13","32.42","16.72"
"Central Asia, regional","","..","..","..","..","..","..","..","..","..","..","..","..","..","..","..","..","..","..","..","..","..","..","..","..","..","..","..","..","..","..","..","..","..","..","..","..","..","..","..","..","..","..","..","..","..","..","9.18","..","0.01","0.06","15.29","0.14","0.19","0.01"
"South Asia, regional","","..","..","..","..","..","..","..","..","..","..","..","..","..","..","..","..","..","..","..","..","..","..","..","..","..","..","..","..","..","..","..","..","..","..","..","..","..","..","..","..","..","..","..","..","..","..","1.28","2.06","2.8","2.78","11.43","3.24","3.77","4.87"
"South & C.Asia, regional","","..","..","0.01","..","-0.01","-0.01","..","..","..","..","..","..","..","..","..","..","..","..","..","..","..","2.47","0.59","0.1","0.14","0.47","0.37","0.36","0.54","0.36","0.17","0.06","0.3","0.26","0.04","0.14","..","0.19","0.9","2.73","1.48","4.35","2.49","5.04","18.47","6.09","10.87","0.9","55.3","1.94","2.45","7.97","9.64","4.18"
"Far East Asia, regional","","0.32","..","0.24","0.06","..","..","0.03","..","..","..","0.05","0.08","..","0.33","2.99","..","..","..","..","3.41","2.48","4.61","1.18","1.09","1.35","2.12","2.48","3.17","2.59","2.1","1.72","3.03","5.92","6.36","5.11","5.55","3.99","3.67","1.7","1.03","0.41","..","0.49","0.1","0.12","0.06","0.03","..","43.92","13.12","36.51","10.15","8.17","11.95"
"Asia, regional","","..","..","..","..","..","0.03","0.02","0.06","0.01","0.03","..","0.68","0.39","..","..","0.97","3.47","2.05","1.85","..","..","0.86","0.72","1.65","4.68","6.95","6.52","3.37","3.41","8.35","10.44","14.73","19.5","21.17","16.51","18.5","10.17","14.24","10.24","12.24","12.99","9.6","6.29","10.64","4.79","206.36","187.78","309.65","195.15","251.34","235.17","307.67","248.8","351.39"
"Europe, regional","","..","..","0.01","..","..","..","..","..","..","..","..","..","..","..","..","..","..","7.05","3.94","2.37","..","0.41","0.01","..","..","..","0.1","..","..","0.01","0.21","0.33","0.48","0.25","..","..","..","14.54","..","..","1.62","6.31","13.92","9.05","5.43","23.48","23","31.53","27.47","18.2","30.32","32.32","23.51","19.23"
"Oceania, regional","","..","..","..","..","..","0.01","..","..","..","..","..","..","..","..","..","..","..","..","0.04","0.05","0.21","0.11","0.6","0.23","..","0.02","0.01","..","1.53","3.18","4.66","5.42","8.39","2.61","..","2.42","3.37","2.94","2.86","3.99","2.41","2.92","3.45","3.34","4.14","0.82","0.62","1.08","0.56","21.47","1.57","1.66","1.57","2.5"
"West Indies, regional","","3.2","2.75","0.64","1.76","1.57","1.08","0.97","..","1.91","4.34","9.49","4.75","6.85","3.92","..","5.12","5.46","..","..","1.61","3.7","4.29","3.19","2.1","6.66","1.22","19.14","12.26","16.58","11.82","14.88","14.11","16.8","12.15","12.17","12.4","10.96","10.72","7.89","5.4","6.55","13.37","10.39","12.21","6.53","..","2.69","1.11","32.88","2.07","39.76","54.51","109.16","38.15"
"Developing Countries, Unspecified","","..","0.04","-4.96","2.73","0.12","20.35","4.13","1.75","2.97","6.46","11.57","17.6","48","38.96","48.41","63.38","70.86","66.14","99.22","136.15","180.98","141.62","145.49","183.74","192.25","199.95","300.29","365.4","470.21","571.48","612.83","669.63","613.3","722.08","637.51","599.02","542.77","516.31","488.79","540.85","587.5","592.85","608.41","559.09","701.94","259.26","275.91","290.13","304.17","429.21","556.88","901.79","536.12","460.24"
"MADCT Unallocated","","..","..","..","..","..","..","..","..","..","..","..","..","..","..","..","..","..","..","..","..","..","..","..","..","..","..","..","..","..","..","..","..","..","..","..","..","..","..","..","..","..","..","..","..","..","..","..","..","..","..","..","..","..",".."
"AfDB (African Dev.Bank)","","..","..","..","..","..","..","..","..","..","..","..","..","..","5.56","..","..","1.29","2.93","0.29","..","..","0.1","0.4","10.18","9.53","9.32","9.39","-0.09","6.04","5.68","5.53","4.99","4.89","0.3","-0.03","-0.01","-0.16","-0.18","-0.08","-0.08","29.08","35.12","46.32","49.8","54.17","82.83","82.64","106.55","125.88","8.21","-0.12","27.76","56.75","28.37"
"AfDF (African Dev.Fund)","","..","..","..","..","..","..","..","..","..","..","..","..","..","..","5.6","13.89","16.68","16.71","16.42","23.01","25.82","25.02","..","56.64","25.61","42.89","84.31","..","100.21","104.17","105.68","..","90.08","84.4","79.72","..","..","70.31","47.51","..","..","..","..","..","..","..","..","..","..","196.68","97.85","109.73","108.63","105.36"
"African Solidarity Fund","","..","..","..","..","..","..","..","..","..","..","..","..","..","..","..","..","..","..","..","..","..","..","..","..","..","..","..","..","..","..","..","..","..","..","..","..","..","..","..","..","..","..","..","..","..","..","..","..","..","..","..","..","..",".."
"AsDB (Asian Dev.Bank)","","..","..","..","..","..","..","..","..","1.25","2.5","2.43","..","0.01","5.55","4","14.64","61.73","62.64","32.49","13.27","7.92","7.58","0.73","5.65","4.97","4.6","4.56","4.74","0.05","..","..","..","..","0.01","0.01","0.02","5.63","5.56","5.37","9.26","29","35.16","31.81","34.69","38.57","53.73","51.07","63.31","70.79","23.55","..","71.56","..","79.4"
"AsDB Special Funds","","..","..","..","..","..","..","..","..","..","..","..","..","..","..","..","..","..","..","..","32.44","35.92","47.31","..","115.45","66.06","62.66","61.58","79.13","85.26","88.62","17.31","73.93","73.29","70.16","63.45","64.53","..","31.09","29.03","28.99","..","..","..","..","..","..","..","..","..","41.8","46.29","48.22","47.73",".."
"CarDB (Carribean Dev. Bank)","","..","..","..","..","..","..","..","..","..","..","1.04","0.73","0.97","2.91","5.33","0.94","6.91","5.25","4.87","0.64","3.82","5.73","3.3","0.85","5.59","0.47","0.36","0.9","0.12","0.11","0.05","0.84","0.82","0.83","1.5","0.98","3.61","..","2.19","8.98","2.74","..","12.31","8.33","7.43","13.48","13.54","16.24","18.37","20.96","17.07","21.11","21.9","29.75"
"CABEI","","..","..","..","..","..","..","..","..","..","..","..","..","..","..","..","..","..","1","0.85","-0.02","-0.02","-0.02","-0.02","-0.03","-0.02","-0.03","-0.02","-0.02","-0.04","-0.06","-0.12","-0.1","-0.19","-0.09","-0.06","..","..","..","..","8.15","..","..","..","..","..","..","..","..","..","..","..","..","..",".."
"EC","","..","..","..","..","..","..","..","..","..","..","..","..","..","..","..","..","..","..","..","..","..","..","..","..","..","..","..","..","..","..","..","..","..","..","..","..","..","..","..","..","..","..","..","..","..","..","..","..","..","..","..","..","..",".."
"EDF","","..","..","..","..","..","..","..","..","..","..","..","..","..","..","..","..","..","..","..","..","..","..","..","..","..","..","..","..","..","..","..","..","..","..","..","..","..","..","..","..","..","..","..","..","..","..","..","..","..","..","..","..","..",".."
"EIB","","..","..","..","..","..","..","..","..","..","..","..","..","..","..","..","..","..","..","..","..","..","..","..","..","..","..","..","..","..","..","..","..","..","..","..","..","..","..","..","..","..","..","..","..","..","..","..","..","..","..","..","..","..",".."
"Other EU Institutions","","..","..","..","..","..","..","..","..","..","..","..","..","..","..","..","..","..","..","..","..","..","..","..","..","..","..","..","..","..","..","..","..","..","..","..","..","..","..","..","..","..","..","..","..","..","..","..","..","..","..","..","..","..",".."
"IBRD","","..","..","..","..","..","..","..","..","..","..","..","..","16.5","..","..","..","20.29","21.1","..","..","..","..","23.5","30.02","39.55","14.69","7.69","..","12.36","8.44","14.92","15.93","15.88","21.08","12.89","9.65","10.9","..","..","..","..","..","..","..","31.93","..","0.73","2.38","3.56","3.69","..","..","57.17","40.53"
"IDA","","..","..","..","..","..","..","..","..","6.85","25","23.87","49.64","54.04","61.6","74.69","73.09","73.9","198.67","128.32","160.07","141.63","146.89","115.91","99.72","149.8","244.16","191.65","244.95","188.84","169.39","236.58","275.9","228.5","214.18","202.31","201.29","..","297.13","131.55","136.21","136.24","..","128.87","164.37","176.88","189.92","280.59","329.71","653.36","..","373.01","388.51","441.97","428.67"
"IDA-MDRI","","..","..","..","..","..","..","..","..","..","..","..","..","..","..","..","..","..","..","..","..","..","..","..","..","..","..","..","..","..","..","..","..","..","..","..","..","..","..","..","..","..","..","..","..","..","..","..","..","31.9","36.32","49.7","51.76","51.24","49.7"
"IDB","","..","..","..","..","..","..","..","..","..","..","..","..","14.35","36.3","47.79","0.78","24.84","6.45","33.01","15.58","5.86","5.85","..","13.19","7.46","7.32","7.31","..","..","..","8.34","7.18","..","17.34","28.04","9.99","10.46","6.57","2.25","1.35","1.74","0.83","0.66","0.83","0.93","30.84","14.33","49.32","69.55","71.37","6.06","3.14","26.78","-0.07"
"IDB Spec. Fund","","..","..","..","..","..","..","..","..","..","..","..","..","..","..","..","..","..","..","..","24.67","16.33","16.19","1.67","26.21","11.02","8.77","8.62","..","..","..","2.83","2.88","4.64","5.12","..","..","16.71","4.12","..","8.18","..","..","..","..","0.86","0.83","0.72","8.81","0.86","0.68","0.79","0.87","0.86","0.95"
"IFAD","","..","..","..","..","..","..","..","..","..","..","..","..","..","..","..","..","..","10.34","9.64","9.39","..","..","11.35","11.36","10.81","0.02","5.09","10.67","..","0.16","11.88","11.76","..","..","0.11","3.64","..","6.57","6.13","3.82","6.12","14.75","3.17","12.66","12.94","..","..","23.13","11.56","..","60.67","12.64","37.53","24.27"
"IFC","","..","..","..","..","..","..","..","..","..","..","..","..","..","..","..","..","..","3.47","..","3.47","3.43","3.47","3.47","..","..","..","4.97","10.27","..","5","4.92","..","..","6.97","6.85","7.3","7.17","6.89","..","..","..","..","..","..","..","1.28","0.66","..","..","..","..","..","..",".."
"IMF","","..","..","..","..","..","..","..","..","..","..","..","..","..","..","..","..","..","..","..","..","..","..","..","..","..","..","..","..","..","26.18","37.45","26.28","16.38","41.04","105.16","83.17","148.53","149.56","58.24","117.3","28.81","23.69","9.45","17.66","6.01","4.49","40.43","1.31","6.2","2.02","38.83","..","..",".."
"IMF Trust Fund","","..","..","..","..","..","..","..","..","..","..","..","..","..","..","..","..","..","..","..","..","..","..","..","..","..","..","..","..","..","..","..","..","..","..","..","..","..","..","..","..","..","..","..","..","..","..","..","..","..","..","..","..","..",".."
"MIGA","","..","..","..","..","..","..","..","..","..","..","..","..","..","..","..","..","..","..","..","..","..","..","..","..","..","..","..","..","6.35","..","..","..","..","..","..","..","..","..","..","..","..","..","..","..","..","..","..","..","..","..","..","..","..",".."
"UNDP","","..","..","..","..","..","..","..","..","9.94","12.49","14.62","16.07","17.87","20.28","22.7","24.18","29.41","34.79","34.19","35","35.06","37.53","41.34","49.5","49.42","43.21","46.06","52.14","60.07","59.97","61.78","63.15","56.25","42.32","38.8","31.52","31.73","29.78","27.84","27.8","28.48","27.32","26.31","30.93","43.99","48.47","49.81","55.13","52.54","43.82","48.53","50.55","..","92.22"
"UNFPA","","..","..","..","..","..","..","..","..","..","..","..","..","..","..","..","..","5.08","6.58","7.01","6.83","5.99","6.42","7.7","8.32","8.69","7.51","10.26","9.24","10.64","10.43","11.31","12.61","11.25","8.99","10.18","6.9","13.36","6.53","6.13","6.13","6.13","5.88","5.8","9.64","10.07","13.74","14.55","16.34","16.14","13.01","16.84","17.54","17.36","16"
"UNHCR","","..","..","..","..","..","..","..","..","..","0.37","0.38","0.4","..","..","1.02","1.04","9","1.83","1.32","1.71","4.15","3.34","3.73","4.06","4.25","4.03","4.68","4.71","6.09","6.41","6.86","7.42","7.69","6.98","10.25","10.2","8.8","7.94","7.41","7.4","7.41","7.1","7.39","10","11.14","12.38","12.7","13.03","13.02","12.27","13.59","14.15","14.01","12.91"
"UNICEF","","..","..","..","..","..","..","..","..","0.93","1.11","1.34","1.48","1.72","1.9","2.97","4.39","6.42","8.13","6.57","6.83","7.7","8.34","9.73","11.5","12.16","9.7","11.87","11.69","13.41","12.92","14.22","15.18","14.39","13.49","12.74","10.34","10.41","4.88","11.96","9.09","9.09","8.72","43.01","21.43","10.59","33.98","24.35","20.87","16.74","15.78","17.47","18.2","18.01","16.6"
"UNRWA","","..","..","..","..","..","..","..","..","0.46","1.11","1.77","1.34","1.56","1.53","2.61","3.03","3.6","1.82","6.17","4.26","4.35","6.1","6.35","3.62","5.02","6.22","6.12","6.6","6.42","9.38","8.57","9.16","9.1","8.53","8.05","8.01","8.07","7.22","6.74","10.1","9.43","6.46","6.37","7.14","7.69","8.25","8.82","15.82","13.95","..","..","..","..",".."
"WFP","","..","..","..","..","..","..","..","..","2.29","11.45","17.61","15.98","13.49","19.88","18.06","87.87","57.55","91.91","94.05","82.56","83.11","82.41","104.49","87.68","133.44","113.34","110.16","121.15","181.39","145.56","135.01","196.54","159.5","136.99","142.01","94.77","68.05","14.52","31.38","54.03","38.49","34.71","39.1","32.85","26.9","20.64","28.21","17.69","17.67","16.65","18.44","25.28","25.02","24.27"
"Other UN","","..","..","..","..","..","..","..","..","10.86","0.14","1.18","2.65","2.23","4.52","11.13","13.99","8.12","9.56","8.98","13.38","8.07","10.7","15.84","14.5","18.04","18.88","21.51","27.89","37.29","28.94","32.58","29.15","41.09","24.96","33.01","27.87","41.87","23.61","47.11","28.92","25.28","34.24","43.05","61.23","45.66","161.25","175.99","61.03","87","107.97","105.59","141.37","80.81","132.25"
"Other World Bank (AMCs)","","..","..","..","..","..","..","..","..","..","..","..","..","..","..","..","..","..","..","..","..","..","..","..","..","..","..","..","..","..","..","..","..","..","..","..","..","..","..","..","..","..","..","..","..","..","..","..","..","..","..","..","..","24.46","16.5"
"Other Regional Banks","","..","..","..","..","..","..","..","..","..","..","..","1.01","..","..","5.11","..","..","..","..","..","..","..","..","..","-0.05","..","..","..","..","..","..","..","..","..","..","0.01","0.04","14.61","5.85","4.98","25.89","8","5.45","7.98","-0.1","30.77","0.04","-0.12","-0.06","-0.11","-0.12","-0.13","-0.13","-0.12"
"Other Multilateral","","..","..","..","..","..","..","..","..","0.05","0.75","4.77","5.79","6.97","5.47","18.19","29.88","33.02","32.79","27.56","29.12","28.64","29.57","20.53","32.01","24.8","36.2","44.75","41.89","48.92","58.07","63.89","53.75","75.31","74.13","71.89","111.51","53.97","94.66","57.54","63.79","199.41","91.39","94.55","213.44","122.48","216.59","350.14","126.92","219.03","244.43","377.22","345.07","591.91","338.15"
