"Sector(s):","Total Bilateral Aid To All Sectors","","Flow(s):","ODA","","Donor(s):","Denmark","","Flow Type(s):","Disbursement","","Amount:","Current Prices (USD millions)","",

"","Time Period","1960","1961","1962","1963","1964","1965","1966","1967","1968","1969","1970","1971","1972","1973","1974","1975","1976","1977","1978","1979","1980","1981","1982","1983","1984","1985","1986","1987","1988","1989","1990","1991","1992","1993","1994","1995","1996","1997","1998","1999","2000","2001","2002","2003","2004","2005","2006","2007","2008","2009","2010","2011","2012","2013",
"Recipient(s)",
"All Recipients","","0.66","2.09","0.66","0.6","2.2","4.52","10.48","12.46","28.73","54.7","59.15","74.35","95.54","131.61","168.16","205.33","214.05","257.52","387.94","460.28","480.2","402.93","413.77","394.15","448.77","439.54","695.02","859.25","921.66","937.07","1171.16","1200.22","1392.1","1339.93","1446.29","1622.67","1772.41","1636.61","1704.32","1733.32","1664.14","1634.42","1643.24","1748.16","2037.13","2108.92","2236.12","2562.23","2803.28","2809.88","2870.99","2931.1","2692.59","2927.46"
"All Developing Countries","","0.66","2.09","0.66","0.6","2.2","4.52","10.48","12.46","15.84","31.24","37.47","36.38","45.98","71.68","93.27","110.82","117.13","147.1","217.6","259.62","265.98","202.66","215.02","236.52","222.68","228.44","362.2","459.01","477.71","522.33","695.03","686.31","756.89","754.51","802.68","894.63","1057.78","1009.86","1014.41","1025.74","1023.47","1034.6","1038.29","1031.59","1202.05","1357.48","1463.91","1650.52","1828.33","1905.45","2108.74","2144.32","1921.51","2134.52"
"All Multilateral Recipients","","..","..","..","..","..","..","..","..","12.89","23.46","21.68","37.97","49.56","59.93","74.89","94.51","96.92","110.42","170.34","200.66","214.22","200.27","198.75","157.63","226.09","211.1","332.82","400.24","443.95","414.74","476.13","513.91","635.21","585.42","643.61","728.04","714.63","626.75","689.91","707.58","640.67","599.82","604.95","716.57","835.08","751.44","772.21","911.71","974.95","904.43","762.25","786.78","771.08","792.94"
"Afghanistan","","..","..","..","..","..","..","..","0.01","0.02","0.02","0.02","0.02","0.05","0.12","0.05","0.93","2.57","0.06","0.41","-0.04","1.83","0.69","0.96","0.1","0.18","0.02","-0.27","-0.14","-0.16","1.63","1.58","2.71","3.15","4.32","1.98","5.62","3.85","2.84","2.68","2.72","0.32","2.41","7.75","17.91","14.18","23.64","29.63","40.74","50.38","86.01","76.84","90.15","81.48","59.44"
"Albania","","..","..","..","..","..","..","..","..","..","..","..","..","..","..","..","..","..","..","..","..","..","..","..","..","..","..","..","..","..","..","..","..","..","..","0.56","2.42","2.8","1.49","1.68","2.21","3.41","3.92","3.31","2.08","0.03","0.35","0.26","0.29","2.29","0.68","1.49","1.42","1.58","1.03"
"Algeria","","..","..","..","..","..","..","..","..","..","0.01","..","0.07","0.01","0.04","0.51","2.57","0.3","0.08","0.03","0.05","-0.02","-0.15","-0.13","-0.12","-0.1","-0.11","0.19","-0.15","-0.16","-0.08","-0.27","-0.09","-0.27","-0.17","..","..","..","..","..","-0.01","-0.01","-0.02","-0.01","0.05","-0.05","-0.06","-0.55","..","..","..","5.31","..","..","0.11"
"Angola","","..","..","..","..","..","..","..","..","..","..","..","..","..","..","..","0.14","1.64","0.13","1.96","1.34","2.33","5.26","5.97","2.15","1.3","0.9","4.48","6.03","4.25","0.08","0.05","2.52","1.41","0.01","..","0.02","1.4","0.83","1.6","1.84","7.67","2.98","0.97","0.61","0.12","4.22","7","6.43","5.98","3.79","1.23","1.17","0.01","2.84"
"Anguilla","","..","..","..","..","..","..","..","..","..","..","..","..","..","..","..","..","..","..","..","..","..","..","..","..","..","..","..","..","..","..","..","..","..","..","..","..","..","..","..","..","..","..","..","..","..","..","..","..","..","..","..","..","..",".."
"Antigua & Barbuda","","..","..","..","..","..","..","..","..","..","..","..","..","..","..","..","..","..","..","..","..","..","..","..","..","..","..","..","..","..","..","..","..","..","..","..","..","..","..","..","..","..","..","..","..","..","..","..","..","..","..","..","..","..",".."
"Argentina","","..","..","..","..","..","..","..","..","..","..","..","..","0.01","0.01","0.01","0.02","0.04","0.06","0.46","0.05","0.05","0.02","0.01","0.01","..","..","..","..","..","..","..","..","0.7","..","..","-0.93","0.7","0.1","..","-0.31","-0.61","0.02","0.01","..","..","..","..","-0.69","-0.21","..","..","-4.19","..",".."
"Armenia","","..","..","..","..","..","..","..","..","..","..","..","..","..","..","..","..","..","..","..","..","..","..","..","..","..","..","..","..","..","..","..","..","0.01","..","..","..","..","0.29","0.09","0.43","0.14","0.25","0.22","0.41","0.06","0.16","0.94","2.14","2.09","2.74","1.78","4.16","1.57","2.86"
"Aruba","","..","..","..","..","..","..","..","..","..","..","..","..","..","..","..","..","..","..","..","..","..","..","..","..","..","..","..","..","..","..","..","..","..","..","..","..","..","..","..","..","..","..","..","..","..","..","..","..","..","..","..","..","..",".."
"Azerbaijan","","..","..","..","..","..","..","..","..","..","..","..","..","..","..","..","..","..","..","..","..","..","..","..","..","..","..","..","..","..","..","..","..","0.03","..","..","..","..","..","..","..","..","..","..","..","..","..","..","..","..","..","0.02","0.08","..","0.02"
"Bahamas","","..","..","..","..","..","..","..","..","..","..","..","..","..","..","..","..","..","..","..","..","..","..","..","..","..","..","..","..","..","..","..","..","..","..","..","..","..","..","..","..","..","..","..","..","..","..","..","..","..","..","..","..","..",".."
"Bahrain","","..","..","..","..","..","..","..","..","..","..","..","..","..","..","..","..","..","..","..","..","..","..","..","..","..","..","..","..","0.02","0.05","..","..","..","..","..","..","..","..","..","..","..","..","..","..","..","..","..","..","..","..","..","..","..",".."
"Bangladesh","","..","..","..","..","..","..","..","..","..","..","..","..","2.13","5.43","9.75","9.38","6.19","9.6","23.58","20.33","28.88","21.03","24.59","20.57","22.28","40.61","30.04","27.49","33.79","38.73","54.1","57.48","37.12","28.85","33.33","32.63","36.9","39.01","46.08","42","33.67","41.81","37.33","45.27","45.67","50.36","44.05","41.96","47.2","47.41","84.1","58.36","61.09","32.32"
"Barbados","","..","..","..","..","..","..","..","..","..","..","..","..","..","..","..","..","..","..","..","..","..","..","..","..","..","..","..","..","..","..","..","..","..","..","..","..","..","..","..","..","..","..","..","..","..","..","..","..","..","..","..","..","..",".."
"Belarus","","..","..","..","..","..","..","..","..","..","..","..","..","..","..","..","..","..","..","..","..","..","..","..","..","..","..","..","..","..","..","..","..","..","..","..","..","..","..","..","..","..","..","..","..","..","0.79","0.61","0.88","1.19","1.58","2.11","1.71","2.04","0.86"
"Belize","","..","..","..","..","..","..","..","..","..","..","..","..","..","..","..","..","..","..","..","..","..","..","..","..","..","..","..","..","..","..","..","..","0.11","0.11","0.34","0.13","-0.01","..","..","..","..","..","..","-0.01","..","..","..","..","..","..","..","..","..",".."
"Benin","","..","..","..","..","..","..","..","..","..","..","..","0.13","0.24","1.63","0.23","2.21","0.67","0.5","1.66","5.28","1.59","0.42","0.02","1.41","0.28","4.74","..","0.29","0.26","0.11","0.09","7.4","1.19","4","7.52","13.18","14.62","18.95","14.61","9.05","19.52","22.93","23.61","21.39","32.2","35.87","32.85","44.64","48.15","51.36","39.11","36.23","31.74","16.7"
"Bermuda","","..","..","..","..","..","..","..","..","..","..","..","..","..","..","..","..","..","..","..","..","..","..","..","..","..","..","..","..","..","..","..","..","..","..","..","..","..","..","..","..","..","..","..","..","..","..","..","..","..","..","..","..","..",".."
"Bhutan","","..","..","..","..","..","..","..","..","..","..","..","..","..","..","..","..","..","..","0.1","0.23","0.1","0.11","..","..","..","0.5","0.94","0.61","1.42","1.63","2.76","2.62","8.16","9.12","9.07","9.65","10.84","9.76","12.47","13.51","8.42","12.24","10.19","14.92","18.4","17.93","13.78","12.55","13.77","12.23","13.08","12.66","11.8","10.14"
"Bolivia","","..","..","..","..","..","..","..","..","..","..","1.3","..","0.02","0.42","0.47","2.27","1.23","4.67","1.81","0.2","3.11","0.43","1.79","2.5","1.1","4.79","0.83","2.34","2.3","1.41","0.96","1.97","4.38","4.85","4.5","6.76","15.21","14.67","18.54","21.37","20.88","26.42","30.55","28.68","28.48","26.16","25.87","34","36.22","34.32","40.5","39.45","29.2","19.48"
"Bosnia-Herzegovina","","..","..","..","..","..","..","..","..","..","..","..","..","..","..","..","..","..","..","..","..","..","..","..","..","..","..","..","..","..","..","..","..","..","..","..","..","..","3.95","2.49","2.13","2.72","7.88","0.43","1.91","2.72","1.14","0.72","0.76","0.55","4.42","1.32","0.06","0.29","0.4"
"Botswana","","..","..","..","..","..","..","..","0.08","0.22","0.35","0.32","0.23","0.49","2.43","1.73","2.5","4.38","3.45","1.38","5.61","3.93","1.6","1.13","0.25","0.99","2.2","6.7","18.58","7","6.7","5.99","3.34","2.09","2.56","1.57","0.38","0.9","0.75","1.61","2.14","1.15","1.02","0.77","1.4","1.26","1.36","0.62","0.13","0.57","0.06","0.54","..","..","-0.01"
"Brazil","","..","..","..","..","..","..","0.01","0.37","..","2.3","-0.17","-0.23","-0.23","-0.2","-0.26","-0.26","-0.22","-0.27","-0.28","-0.26","-0.25","-0.1","0.02","..","..","..","..","..","0.39","..","..","0.83","-1.53","..","..","0.09","5.59","-2.39","0.2","..","0.02","1.55","0.42","-0.03","-0.03","-0.03","..","0.3","-0.01","0.01","..","0","..","-0.08"
"Brunei","","..","..","..","..","..","..","..","..","..","..","..","..","..","..","..","..","..","..","..","..","..","..","..","..","..","..","..","..","..","..","..","..","..","..","..","..","..","..","..","..","..","..","..","..","..","..","..","..","..","..","..","..","..",".."
"Burkina Faso","","..","..","..","..","..","..","..","..","..","..","..","..","..","..","..","0.94","2.67","0.09","0.31","0.64","3.36","0.48","3.56","0.52","1.04","2.78","8.9","1.18","0.51","7.78","10.25","11.01","7.6","19.67","18.13","16.31","22.8","25.93","30.34","34.64","24.45","28.83","22.97","27.35","32.84","48.79","34.6","42.38","44.41","36.05","33.33","42.57","43.9","46.47"
"Burundi","","..","..","..","..","..","..","0.01","0.03","..","..","0.01","0.01","0.02","0.02","0.03","0.09","..","..","0.06","0.38","0.35","0.14","..","0.06","0.05","0.01","..","..","0.27","0.34","0.03","0.61","0.4","0.49","0.44","0.48","0.42","0.03","..","..","..","..","..","..","0.09","5.24","2.99","5.14","3.8","7.73","3.47","1.98","0.97","0.04"
"Cambodia","","..","..","..","..","..","..","..","..","..","..","0.77","1.73","1.63","..","..","..","..","..","..","0.95","1.42","0.84","0.93","..","0.21","-0.1","..","..","..","..","0.45","0.31","0.68","1.7","1.3","2.03","0.9","2.4","0.68","2.48","1.97","4.87","6.64","6.33","10.46","9.22","11.43","12.94","13.64","16.45","18.04","9.65","7.26","1.43"
"Cameroon","","..","..","..","..","..","..","..","..","..","0.01","..","..","..","..","..","..","..","..","3.62","..","..","0.01","7.2","0.01","11.96","0.04","17.89","0.4","-0.08","-0.08","..","1.6","0.4","0.22","0.15","0.02","..","0.8","0.23","1.63","0.98","11.97","17.04","..","17.58","9.81","12.04","17.02","0.12","0.24","0.21","0.11","..","0.59"
"Cape Verde","","..","..","..","..","..","..","..","..","..","..","..","..","..","..","..","0.01","..","0.03","..","..","..","..","0.56","0.43","0.34","..","0.01","0.18","0.66","0.14","0.14","0.5","0.62","2.12","4.57","0.15","0.5","0.22","0.06","0.07","0.02","-0.29","0.05","..","-0.01","..","..","..","..","..","..","..","..",".."
"Cayman Islands","","..","..","..","..","..","..","..","..","..","..","..","..","..","..","..","..","..","..","..","..","..","..","..","..","..","..","..","..","..","..","..","..","..","..","..","..","..","..","..","..","..","..","..","..","..","..","..","..","..","..","..","..","..",".."
"Central African Rep.","","..","..","..","..","..","..","..","..","..","..","..","..","..","..","..","..","..","..","..","..","..","..","0.06","0.06","..","0.05","0.54","1.17","6.73","2.82","0.74","0.51","0.26","..","0.05","0.1","7.29","0.07","0.03","..","..","..","..","0.01","..","..","..","..","0.39","0.04","..","..","..","4.45"
"Chad","","..","..","..","..","..","..","..","..","..","0.05","0.05","0.07","..","0.62","0.4","0.22","0.13","0.1","0.05","-0.09","0.09","..","0.12","0.12","..","..","..","..","..","..","..","..","0.02","0.09","0.07","0.13","0.19","-0.04","..","..","..","..","..","..","..","1.17","..","1.75","1.55","1.38","0.67","0.76","-0.03",".."
"Chile","","0.01","..","..","..","..","0.76","0.79","0.61","0.13","0.13","0.7","0.24","0.25","0.33","0.35","0.21","0.2","0.11","..","0.06","0.11","0.16","0.28","0.16","..","..","..","0.07","0.04","0.16","4.99","5.28","1.35","2.81","0.62","1.02","0.35","0.07","..","0.17","0.75","0.02","0.02","0.03","..","0.02","..","..","..","..","..","..","1.04","0.36"
"China","","..","..","..","..","..","..","..","..","..","..","..","..","..","..","..","..","..","..","..","..","0.02","0.06","8.49","5.19","2.17","8.32","19.22","23.19","19.48","10.99","10.97","6.78","14.82","3.72","-0.31","10.07","20.92","13.72","-3.85","0.06","-1.71","10.23","6.31","-18.52","16.16","4.76","5.48","-2.55","0.35","14.73","0.75","12.08","5.65","-5.72"
"Chinese Taipei","","..","..","..","..","..","..","..","..","..","..","..","..","..","..","..","..","..","..","..","..","..","..","..","..","..","..","..","..","..","..","..","..","..","..","..","..","..","..","..","..","..","..","..","..","..","..","..","..","..","..","..","..","..",".."
"Colombia","","..","..","..","..","..","0.04","0.04","0.02","0.04","0.03","1.28","0.26","0.1","0.01","..","-0.09","-0.09","-0.09","-0.07","-0.1","-0.09","-0.07","-0.06","-0.06","-0.05","-0.05","-0.06","-0.06","-0.08","-0.08","-0.09","-0.09","0.18","0.18","-0.01","-3.62","2","0.13","0.03","0.01","0.11","0.04","0.19","0.12","0.16","0.1","0.29","0.26","0.27","0.27","0.32","0.08","..","0.8"
"Comoros","","..","..","..","..","..","..","..","..","..","..","..","..","..","..","..","..","..","..","..","0.06","..","..","..","..","..","..","..","..","..","..","..","..","..","..","..","..","..","..","..","..","-0.02","..","..","..","..","..","..","..","..","..","..","..","..",".."
"Democratic Republic of the Congo","","0.1","..","..","..","..","0.67","0.69","..","0.94","1.89","1.95","2.04","1.75","1.41","1.08","1.09","1.29","2.05","1.29","1.29","0.86","0.27","0.03","0.03","..","..","..","..","..","..","0.01","..","..","..","..","..","0.01","0.1","0.01","..","..","0.17","..","..","..","3.08","6.18","4.47","6.73","5.42","6.21","2.87","0.53","0.11"
"Congo","","..","..","..","..","..","..","..","0.79","..","..","..","..","0.02","..","1.49","0.42","0.56","0.01","..","..","..","-0.05","-0.05","-0.06","-0.05","-0.05","..","..","..","..","..","..","..","..","..","..","..","-0.25","..","..","-0.05","..","..","..","..","..","..","..","..","0.08","0.1","0.02","0.08","3.56"
"Cook Islands","","..","..","..","..","..","..","..","..","..","..","..","..","..","..","..","..","..","..","..","..","..","..","..","..","..","..","..","..","..","..","..","..","..","..","..","..","..","..","..","..","..","..","..","..","..","..","..","..","..","..","..","..","..",".."
"Costa Rica","","..","..","..","..","..","..","..","..","..","..","..","..","..","0.01","0.01","0.03","0.01","..","..","..","0.01","..","0.16","0.05","..","..","..","..","0.1","0.09","0.42","1.14","4.1","1.4","1","1.57","1.03","3.28","7.68","1.19","0.72","0.15","0.03","..","..","..","..","..","..","..","..","..","..",".."
"Cote d'Ivoire","","..","..","..","..","..","..","..","..","..","..","0.53","1.19","0.31","..","..","-0.07","-0.14","-0.14","-0.16","-0.14","-0.13","-0.08","-0.03","0.02","0.17","0.02","0.13","0.09","0.14","0.15","0.73","3.66","0.85","0.23","0.48","-1.35","..","0.98","..","0.99","..","..","0.69","-0.62","-0.12","-0.11","-0.16","-1.61","1.27","4","0.01","5.92","0.09","-0.09"
"Croatia","","..","..","..","..","..","..","..","..","..","..","..","..","..","..","..","..","..","..","..","..","..","..","..","..","..","..","..","..","..","..","..","..","..","..","..","..","..","0.11","1.15","..","..","..","0.09","0.07","0.26","0.35","0.58","1.05","0.84","1.18","0.51","..","..",".."
"Cuba","","..","..","..","..","..","..","..","..","..","..","..","0.01","..","0.08","..","..","0.75","..","0.05","0.25","0.07","0.17","..","..","..","..","..","..","..","..","..","..","..","..","..","..","..","..","0.16","0.04","..","0.11","..","..","..","..","0.01","0.02","0.05","0.01","0.02","..","..",".."
"Cyprus","","..","..","..","..","..","..","..","..","..","..","..","..","..","..","0.23","0.09","-0.01","-0.01","..","..","..","..","..","..","..","..","..","..","..","..","..","..","..","..","..","..","..","..","..","..","..","..","..","..","..","..","..","..","..","..","..","..","..",".."
"Djibouti","","..","..","..","..","..","..","..","..","..","..","..","..","..","..","..","..","..","..","..","..","..","..","0.08","0.08","..","..","..","0.01","0.08","0.12","0.04","0.04","0.06","..","..","-0.11","..","..","..","..","..","..","..","..","..","..","..","0.01","0.01","..","0.01","..","..",".."
"Dominica","","..","..","..","..","..","..","..","..","..","..","..","..","..","..","..","..","..","..","..","..","0.02","..","..","..","..","..","..","..","..","..","..","..","..","..","..","0.03","0.03","..","..","..","..","..","..","..","..","..","..","..","..","..","..","..","..",".."
"Dominican Republic","","..","..","..","..","..","..","..","..","..","..","..","..","..","..","..","..","..","0.01","0.01","..","..","..","..","..","..","..","..","..","..","..","..","..","0.01","0.03","0.02","0.02","0.15","0.14","0.2","0.24","0.16","0.28","0.44","0.51","0.03","2.25","3.25","0.04","0.03","0.04","0.07","..","-0.91",".."
"East African Community","","..","..","..","..","..","..","..","..","0.07","0.03","0.12","0.25","0.66","0.73","0.07","0.08","0.02","..","..","..","..","..","..","..","..","..","..","..","..","..","..","..","..","..","..","..","..","..","..","..","..","..","..","..","..","..","..","..","..","..","..","..","..",".."
"Ecuador","","..","..","..","..","..","..","..","..","..","..","..","..","0.38","0.65","0.42","0.11","..","..","-0.09","-0.09","0.01","-0.04","-0.01","0.07","0.12","-0.03","-0.1","..","-0.05","0.09","-0.04","0.26","3.62","0.04","-0.1","1.25","0.58","0.08","2.82","2.94","6.59","0.86","4.83","2.5","0.73","0.45","0.76","0.61","0.31","0.94","0.89","0.16","..",".."
"Egypt","","..","..","..","..","..","0.04","0.02","0.06","..","0.45","4.28","1.38","0.05","4.14","0.95","4.8","5.16","5.88","7.15","10.39","3.5","11.26","5.71","1.03","4.59","1.67","0.11","38.11","3.66","2.43","19.65","20.73","22.97","26.16","25.13","27.2","32.71","30.68","32.08","40.35","42.43","25.17","16.07","41.15","22.13","7.94","29.4","30.33","47.42","16.49","18.45","12","13.83","3.84"
"El Salvador","","..","..","..","..","..","..","..","..","..","..","..","..","..","..","..","..","..","..","..","..","0.07","0.63","0.48","0.33","0.19","..","..","0.07","..","0.66","0.08","0.34","2.48","2.89","2.29","1.75","1.8","1.25","1.63","1.27","2.43","1.16","1.33","1.09","0.58","0.91","0.21","0.04","..","0.01","..","..","0.41",".."
"Equatorial Guinea","","..","..","..","..","..","..","..","..","..","..","..","..","..","..","..","..","..","..","..","..","..","..","..","..","..","..","..","..","..","..","..","..","..","..","..","..","..","..","..","..","..","..","..","..","..","..","..","..","..","..","..","..","..",".."
"Eritrea","","..","..","..","..","..","..","..","..","..","..","..","..","..","..","..","..","..","..","..","..","..","..","..","..","..","..","..","..","..","..","..","..","..","0.66","0.77","6.88","4.38","4.64","11.32","9.3","11.03","13.85","10.18","11.46","7.17","3.14","1.48","1.11","0.78","0.56","0.91","0.31","0.06",".."
"Ethiopia","","..","..","..","..","..","..","0.01","0.03","0.02","0.07","0.05","0.05","0.04","0.26","0.48","0.07","0.08","0.19","0.25","0.07","0.06","0.1","0.61","4.07","0.47","2.23","0.01","0.67","5.1","4.29","0.94","1.23","6.83","16.37","3.94","4.32","4.53","3.52","3.11","4.09","2.56","2.75","2.68","2.97","2.62","4.06","5.74","6.43","7.52","15.37","7.76","21.89","8.3","12.12"
"Falkland Islands","","..","..","..","..","..","..","..","..","..","..","..","..","..","..","..","..","..","..","..","..","..","..","..","..","..","..","..","..","..","..","..","..","..","..","..","..","..","..","..","..","..","..","..","..","..","..","..","..","..","..","..","..","..",".."
"Fiji","","..","..","..","..","..","..","..","..","..","..","..","..","0.01","0.01","0.01","0.02","0.02","0.02","..","..","..","..","..","..","..","..","..","..","..","..","..","..","..","..","..","0.01","0.02","0.05","0.02","0.02","..","..","..","..","..","..","..","..","..","..","..","..","..",".."
"Former Yugoslav Republic of Macedonia (FYROM)","","..","..","..","..","..","..","..","..","..","..","..","..","..","..","..","..","..","..","..","..","..","..","..","..","..","..","..","..","..","..","..","..","..","..","..","..","..","0.27","1.16","0.25","1.27","0.39","0.96","2.62","0.53","0.22","0.18","0.39","..","0.01","0.03","0.01","0.01","0.01"
"French Polynesia","","..","..","..","..","..","..","..","..","..","..","..","..","..","..","..","..","..","..","..","..","..","..","..","..","..","..","..","..","..","..","..","..","..","..","..","..","..","..","..","..","..","..","..","..","..","..","..","..","..","..","..","..","..",".."
"Gabon","","..","..","..","..","..","..","..","..","..","..","..","..","..","..","..","..","..","..","..","..","..","..","..","..","..","..","..","..","..","..","..","..","..","..","..","..","..","..","..","..","..","..","..","..","..","..","..","..","..","..","..","..","..",".."
"Gambia","","..","..","..","..","..","..","..","..","..","..","..","..","..","..","..","..","0.16","0.07","0.41","0.08","0.6","2.36","0.03","0.42","0.16","0.39","0.12","0.13","4","10.35","3.34","1.53","3.17","0.85","0.63","0.42","0.25","0.18","0.5","0.12","0.02","0.06","0.16","0.13","0.03","..","0.26","0.3","0.26","0.34","0.36","0.3","..",".."
"Georgia","","..","..","..","..","..","..","..","..","..","..","..","..","..","..","..","..","..","..","..","..","..","..","..","..","..","..","..","..","..","..","..","..","..","..","..","..","..","..","..","..","..","0.08","0.32","0.21","0.15","0.44","0.28","1.88","1.84","2.62","2.48","4.54","1.05","3.15"
"Ghana","","..","0.02","..","..","..","..","..","..","0.19","1.98","0.39","0.25","0.34","1.39","2.29","0.41","-0.08","-0.13","0.13","-0.66","-0.43","-0.29","-0.32","0.01","-0.24","-0.15","-0.23","-0.06","10.91","3.7","3.19","3.46","6.14","13.24","16.69","35.27","42.25","38.98","35.27","38.02","37.16","39.73","51.48","56.7","59.72","56.07","64.34","72.13","77.85","88.14","101.17","71.7","88.18","80.71"
"Gibraltar","","..","..","..","..","..","..","..","..","..","..","..","..","..","..","..","..","..","..","..","..","..","..","..","..","..","..","..","..","..","..","..","..","..","..","..","..","..","..","..","..","..","..","..","..","..","..","..","..","..","..","..","..","..",".."
"Grenada","","..","..","..","..","..","..","..","..","..","..","..","..","..","..","..","..","..","..","..","0.04","0.05","..","..","..","..","..","..","..","..","..","..","..","..","..","..","..","..","..","..","..","..","..","..","..","..","..","..","..","..","..","..","..","..",".."
"Guatemala","","..","..","..","..","..","..","..","..","..","..","..","..","..","..","..","..","0.04","0.05","0.04","..","..","0.08","0.24","0.11","..","..","..","..","..","..","0.12","0.21","0.96","1.05","1.06","1.66","1.95","10.63","6.94","5.99","5.43","2","1.91","4.44","3.67","2.24","3.69","2.41","1.93","1.52","2.58","2.71","2.65","0.02"
"Guinea","","..","..","..","..","..","..","..","..","..","..","..","..","..","..","..","..","..","0.33","..","..","..","0.04","0.02","0.5","3.42","0.66","3.6","2.92","1.07","2.15","1.01","3.87","7","2.89","1.94","3.23","3.82","2.02","0.2","..","..","..","..","..","..","..","..","0.04","0.01","..","0.01","0.1","..",".."
"Guinea-Bissau","","..","..","..","..","..","..","..","..","..","..","..","..","..","..","..","0.26","0.08","1.98","2.95","2.11","1.33","0.75","0.37","1.46","0.36","0.17","0.32","1.42","1.1","1","1.75","1.59","1.84","1.82","1.45","1.67","1.53","1.13","0.7","0.28","0.31","0.17","0.33","0.15","..","..","0.2","0.39","0.88","0.29","0.74","0","0.22","-0.01"
"Guyana","","..","..","..","..","..","..","..","..","..","..","..","..","..","..","..","..","..","..","..","0.06","..","0.08","..","0.02","..","..","..","..","..","..","..","..","..","0.03","0.01","0.01","0.02","2.92","..","..","0.38","..","1.14","..","..","..","..","..","..","..","..","..","..",".."
"Haiti","","..","..","..","..","..","..","..","..","..","..","..","..","..","..","..","..","..","..","..","..","..","..","..","..","..","..","..","..","1.19","..","..","..","..","0.06","0.11","0.01","0.02","0.01","0.03","..","0.07","0.07","0.07","..","..","..","..","..","..","..","24.98","-0.02","0","-0.09"
"Honduras","","..","..","..","..","..","..","0.01","..","0.02","0.01","..","..","..","..","0.02","..","..","..","0.09","..","0.07","0.03","0.02","..","..","..","..","0.24","0.24","0.1","0.3","0.9","0.73","0.34","0.51","0.82","0.98","1.37","1.74","4.88","3","3.35","12.74","3.93","-0.02","10.91","3.68","3.61","2.52","2.74","3.42","3.04","1.87","0.21"
"Hong Kong, China","","..","..","..","..","..","..","..","..","..","..","..","..","..","..","..","..","..","..","..","..","..","..","..","..","..","..","..","..","..","..","..","..","..","..","..","..","..","..","..","..","..","..","..","..","..","..","..","..","..","..","..","..","..",".."
"India","","0.02","0.01","..","..","0.9","..","4.59","3.65","2.21","4.06","2.62","3.68","3.66","4","5.17","5.56","7.91","13.99","22.29","17.91","25.84","13.96","22.64","44.13","30.98","24.21","38.69","42.11","34","48.2","37.07","39.11","29.89","28.32","34.54","26.41","37.57","34.35","37.66","25.13","20.85","19.03","8.49","-64.14","0.95","6.22","-8.54","-0.23","8.59","7.37","10.14","4.24","-0.13","-0.13"
"Indonesia","","..","..","..","..","..","..","..","..","0.16","0.61","0.64","1.02","1.67","0.29","0.82","3.9","0.32","-0.38","-0.17","0.15","0.1","6.14","0.05","0.13","0.08","-0.24","-0.16","0.34","0.64","11.12","4.86","2.24","3.74","3.99","6.18","2.21","0.76","1.71","1.51","1.88","1.4","3.65","1.89","2.74","3.02","32.24","6.42","7.06","7.16","10.37","12.46","22.53","13.84","7.87"
"Iran","","..","..","..","..","..","0.03","0.08","0.13","1.94","0.84","0.06","0.15","0.01","0.01","-0.08","-0.19","-0.19","-0.19","-0.21","-0.2","-0.18","-0.09","-0.02","0.1","-0.11","-0.11","-0.14","-0.17","-0.17","-0.16","-0.18","-0.18","-0.11","..","..","..","..","..","0.01","0.05","0.06","0.06","..","0.52","0.47","0.18","0.05","..","..","0.14","0.04","0.56","0.43","0.08"
"Iraq","","..","..","..","..","..","..","..","..","..","..","0.02","0.01","..","..","..","0.01","0.01","..","0.03","0.02","0.03","..","..","..","..","..","..","..","..","..","..","..","..","..","..","..","..","..","..","..","..","..","..","2.08","4.12","21.5","27.82","40.53","36.43","15.43","33.2","8.11","14.97","3.99"
"Israel","","..","0.93","..","-0.5","-0.5","..","..","..","..","0.01","0.01","..","..","..","..","..","..","..","..","..","..","..","..","..","..","..","..","..","..","..","..","..","..","0.12","..","..","..","..","..","..","..","..","..","..","..","..","..","..","..","..","..","..","..",".."
"Jamaica","","..","..","..","..","..","..","..","..","..","..","..","..","..","..","..","..","..","..","..","0.01","0.01","..","..","..","..","..","..","..","..","..","..","..","..","..","..","..","..","..","..","..","..","..","..","..","..","..","..","..","..","..","..","..","..",".."
"Jordan","","..","..","..","..","..","..","..","0.01","0.05","0.72","0.72","0.02","-0.1","-0.11","1.52","2.16","0.11","-0.09","-0.03","0.55","3.22","3.45","-0.32","-0.24","-0.21","-0.45","-0.52","..","-0.61","..","..","..","..","..","..","..","0.01","1.05","0.65","0.04","6.93","3.01","0.09","0.02","0.69","1.41","1.4","-5.9","2.95","1.35","5.27","4.06","1.13","1.43"
"Kazakstan","","..","..","..","..","..","..","..","..","..","..","..","..","..","..","..","..","..","..","..","..","..","..","..","..","..","..","..","..","..","..","..","..","0.38","..","..","..","0.18","0.01","0.21","0.1","0.05","0.1","0.42","0.15","0.33","0.18","0.24","0.36","0.01","0.25","0.65","-0.02","..",".."
"Kenya","","..","..","..","..","..","0.22","0.12","0.27","0.73","1.14","1.38","3.29","5.51","4.16","5.14","8.98","9.52","12.11","14.62","16.84","18.13","15.85","21.22","16.49","19.58","24.56","25.94","27.07","35.42","33.94","36.77","32.17","18.79","18.92","21.42","21.47","20","16.53","10.55","11.56","8.42","12.3","9.67","12.62","25.81","32.69","43.66","46.9","59.31","59.79","64.64","71.27","55.98","48.18"
"Kiribati","","..","..","..","..","..","..","..","..","..","..","..","..","..","..","..","..","..","..","..","..","..","..","..","..","..","..","..","..","..","..","..","..","..","..","..","..","..","..","..","..","..","..","..","..","..","..","..","..","..","..","..","..","..",".."
"Korea","","0.52","0.51","0.56","..","..","0.57","0.11","0.42","0.36","0.26","0.03","0.79","1.25","0.96","0.05","0.05","-0.01","-0.14","-0.04","0.01","0.04","0.03","-0.1","-0.11","-0.07","0.1","-0.12","-0.14","-0.16","0.07","-0.18","2.64","-0.18","-0.17","-0.07","..","..","..","0.01","..","..","..","..","..","..","..","..","..","..","..","..","..","..",".."
"Korea, Dem. Rep.","","..","..","..","..","..","..","..","..","..","..","..","..","..","..","..","..","..","..","..","..","..","..","..","..","..","..","..","..","..","-0.15","..","..","..","..","..","..","..","..","..","..","..","..","..","0.01","..","0.81","1.51","0.92","1.74","..","..","0.14","..",".."
"Kosovo","","..","..","..","..","..","..","..","..","..","..","..","..","..","..","..","..","..","..","..","..","..","..","..","..","..","..","..","..","..","..","..","..","..","..","..","..","..","..","..","..","..","..","..","..","..","..","..","..","..","6.22","4.74","5.12","4.99","7"
"Kuwait","","..","..","..","..","..","..","..","..","..","..","..","..","..","..","..","..","..","..","..","..","..","..","..","..","..","..","..","-0.61","..","..","..","..","..","..","..","..","..","..","..","..","..","..","..","..","..","..","..","..","..","..","..","..","..",".."
"Kyrgyz Republic","","..","..","..","..","..","..","..","..","..","..","..","..","..","..","..","..","..","..","..","..","..","..","..","..","..","..","..","..","..","..","..","..","0.09","0.05","2.71","2.96","2.98","2.64","2.64","1.97","0.33","0.74","0.56","0.05","0.56","3.59","0.45","0.43","..","0.84","1.13","1.36","0.89","0.73"
"Laos","","..","..","..","..","..","..","..","..","..","..","..","..","..","..","..","..","..","..","0.91","..","-0.01","..","..","..","..","..","..","..","..","..","..","..","0.01","0.01","0.01","0.04","..","0.78","2.19","2.82","2.09","3.23","4.96","3.17","1.8","1.96","1.53","0.76","1.13","1.01","1.06","0.57","0.59",".."
"Lebanon","","..","..","..","..","..","..","..","..","0.02","0.03","0.18","0.04","..","0.05","..","0.05","0.89","0.17","0.37","0.06","0.06","0.11","4.24","4.54","0.19","..","..","..","..","..","..","..","..","..","..","..","..","..","..","..","..","..","..","0.01","..","..","5.61","3.65","2","2.39","2.61","0.69","0.01","6.21"
"Lesotho","","..","..","..","..","..","..","..","..","..","0.01","0.01","..","0.01","0.09","0.28","0.72","1.63","1.31","1.27","4.08","1.1","1.48","1.89","1.96","1.36","1.72","1.84","1.61","4.67","3.28","8.16","4.08","3.43","2.82","2.07","1.87","0.74","1.07","1.41","2.16","1.71","3.18","0.81","0.49","0.75","0.27","0.34","0.07","..","0.13","0.32","0.12","..",".."
"Liberia","","..","..","..","..","..","0.04","0.01","..","..","0.01","..","..","..","..","..","..","..","..","0.02","0.03","0.02","..","..","0.06","1.56","0.2","0.15","4.51","5.12","1.14","0.64","0.56","0.47","-0.43","..","-0.02","..","0.14","0.41","0.29","0.09","0.03","0.06","0.25","0.09","3.81","5.67","6.45","12.3","8.81","9.87","11.7","3.33","0.18"
"Libya","","..","..","..","..","..","..","..","..","..","0.03","..","..","..","0.01","..","..","..","..","..","..","..","..","..","0.02","..","0.07","5.76","..","..","..","..","..","..","..","..","..","..","..","..","..","..","..","..","..","..","..","..","..","0.05","..","..","3","5.7","0.93"
"Macao","","..","..","..","..","..","..","..","..","..","..","..","..","..","..","..","..","..","..","..","..","..","..","..","..","..","..","..","..","..","..","..","..","..","..","..","..","..","..","..","..","..","..","..","..","..","..","..","..","..","..","..","..","..",".."
"Madagascar","","..","..","..","..","..","..","..","..","..","..","..","..","..","..","..","..","..","..","..","0.05","0.04","0.03","0.05","0.02","0.16","0.06","0.01","0.02","0.58","2.07","0.06","..","..","0.06","0.01","..","0.04","0.78","1.12","0.19","0.16","0.09","0.01","..","0.1","..","0.03","..","0.01","0.05","0.05","0.06","..",".."
"Malawi","","..","..","..","..","..","..","0.24","0.77","1.42","1.15","1.2","0.8","1.36","2.45","4.26","4.73","4.02","3.96","1.46","2.17","5.98","1.62","3.33","0.94","3.02","5.12","3.48","11.67","4.54","7.51","6.28","4.31","3.58","1.41","1.59","0.53","15.16","17.7","22.63","28.36","24.86","21.55","7.78","4.17","4.72","3.38","5.04","5.06","5.85","7.36","6.45","7.24","4.47","-0.04"
"Malaysia","","..","..","..","..","..","..","0.01","0.03","0.09","0.08","0.04","2.36","1.32","0.25","0.33","-0.08","-0.22","-0.12","-0.25","-0.3","-0.12","0.72","0.17","0.16","0.03","-0.16","-0.2","-0.24","-0.22","-0.18","-0.27","0.63","2.5","..","..","4.42","8.36","9.89","7.74","11.44","13.54","10.78","25.97","10.11","18.64","8.85","7.18","-21.17","5.6","5.09","2.31","0.24","-19.55",".."
"Maldives","","..","..","..","..","..","..","..","..","..","..","..","..","..","..","..","..","..","..","..","0.07","0.04","..","0.08","0.09","..","..","0.15","0.46","1.14","4.19","1.87","0.99","0.42","0.88","0.45","4.49","2.73","0.17","1.04","3.39","1.63","0.02","0.12","0.14","1.52","..","..","0.16","..","-3.1","11.4","9.39","0.07",".."
"Mali","","..","..","..","..","..","..","..","..","..","..","..","..","..","0.34","..","..","..","..","..","..","..","0.01","..","0.02","3.13","0.96","0.61","0.24","3.74","2.19","2.94","2.27","3.08","6.39","4.42","6.55","4.63","3.51","0.75","0.49","0.06","0.05","0.06","0.05","0.02","..","0.79","8.61","12.54","18.36","30.58","31.79","14.6","40.54"
"Malta","","..","..","..","..","..","..","..","..","..","..","..","..","..","..","0.01","0.03","0.04","0.03","..","0.02","0.02","..","..","..","..","..","..","..","..","..","..","..","..","..","..","..","..","..","..","..","..","..","..","..","..","..","..","..","..","..","..","..","..",".."
"Marshall Islands","","..","..","..","..","..","..","..","..","..","..","..","..","..","..","..","..","..","..","..","..","..","..","..","..","..","..","..","..","..","..","..","..","..","..","..","..","..","..","..","..","..","..","..","..","..","..","..","..","..","..","..","..","..",".."
"Mauritania","","..","..","..","..","..","..","..","..","..","..","..","..","..","..","..","..","..","..","..","..","..","..","0.83","1.21","0.38","0.4","0.49","10.56","2.19","2.22","1.66","1.02","0.55","1.49","1.44","1.01","1","0.92","..","..","..","..","..","..","..","..","..","..","..","..","..","..","..",".."
"Mauritius","","..","..","..","..","..","0.02","..","..","0.01","0.01","0.03","0.02","0.05","0.1","0.11","0.14","0.11","0.06","0.09","..","0.04","0.04","0.03","..","..","..","..","..","..","..","..","..","..","..","..","..","..","..","..","..","..","..","..","..","..","..","..","..","..","..","..","..","..",".."
"Mayotte","","..","..","..","..","..","..","..","..","..","..","..","..","..","..","..","..","..","..","..","..","..","..","..","..","..","..","..","..","..","..","..","..","..","..","..","..","..","..","..","..","..","..","..","..","..","..","..","..","..","..","..","..","..",".."
"Mekong Delta Project","","..","..","..","..","..","..","..","..","..","..","..","..","..","..","..","..","..","..","..","..","..","..","..","..","..","..","..","..","..","..","..","..","..","..","..","..","..","..","..","..","..","..","..","..","..","..","..","..","..","..","..","..","..",".."
"Mexico","","..","..","..","..","..","..","..","..","..","..","0.01","0.01","0.01","0.02","0.04","0.05","0.05","0.03","0.04","0.71","0.06","0.01","0.01","0.02","..","..","..","..","0.02","0.07","..","-3.69","..","..","..","1.01","0.82","1.41","0.01","-0.13","-0.2","-0.44","-0.24","-1.2","-0.13","-0.26","-0.08","..","0.06","..","..","..","..",".."
"Micronesia","","..","..","..","..","..","..","..","..","..","..","..","..","..","..","..","..","..","..","..","..","..","..","..","..","..","..","..","..","..","..","..","..","..","..","..","..","..","..","..","..","..","..","..","..","..","..","..","..","..","..","..","..","..",".."
"Moldova","","..","..","..","..","..","..","..","..","..","..","..","..","..","..","..","..","..","..","..","..","..","..","..","..","..","..","..","..","..","..","..","..","..","..","..","..","..","..","0.81","0.14","..","..","1.47","..","1.94","0.9","0.41","0.08","0.21","0.34","2.69","1.8","3.97","2.99"
"Mongolia","","..","..","..","..","..","..","..","..","..","..","..","..","..","..","..","..","..","..","..","..","..","..","..","..","..","..","..","..","..","..","..","1.9","3.02","3.11","4.91","5.68","3.5","6.63","2.18","1.86","1","1.12","0.94","2.07","0.65","0.28","0.49","0.42","0.81","0.6","1.09","2.78","0.3","-0.02"
"Montenegro","","..","..","..","..","..","..","..","..","..","..","..","..","..","..","..","..","..","..","..","..","..","..","..","..","..","..","..","..","..","..","..","..","..","..","..","..","..","..","..","..","..","..","..","..","..","..","0.05","..","..","0.29","0.71","0.8","0.76","0.05"
"Montserrat","","..","..","..","..","..","..","..","..","..","..","..","..","..","..","..","..","..","..","..","..","..","..","..","..","..","..","..","..","..","..","..","..","..","..","..","..","..","..","..","..","..","..","..","..","..","..","..","..","..","..","..","..","..",".."
"Morocco","","..","..","..","..","..","..","..","0.08","0.14","0.18","0.5","0.3","0.11","0.33","0.64","0.34","-0.11","-0.12","-0.01","0.07","0.02","-0.07","-0.08","-0.07","-0.01","-0.06","15.83","-0.09","-0.09","10.62","12.65","0.7","3.59","1.65","-0.61","-0.9","-1.16","-0.62","-1.09","-1.03","-0.91","-0.65","-0.87","-1.17","-1.12","-0.13","0.53","0.25","0.83","-0.03","0.33","2.16","0.32","0.01"
"Mozambique","","..","..","..","..","..","..","..","..","..","..","0.07","0.08","..","..","..","0.69","1.24","8.57","7.86","11.95","11.42","9.43","5.12","8.24","8.96","6.05","13.74","14.85","16","15.48","23.95","21.88","26.55","31.94","36.35","45.49","46.81","30.07","47.61","51.53","46.85","48.32","51.93","66.43","67.42","64.87","71.07","92.39","87.28","104.54","85.3","113.25","78.8","88.63"
"Myanmar (Burma)","","..","..","..","..","..","..","..","..","..","..","..","..","..","..","..","..","0.16","0.07","5.63","9.94","11.74","5.56","0.93","0.68","2.97","4.67","2.76","0.24","0.34","-0.21","..","..","..","..","..","0.16","0.18","0.26","0.27","0.42","..","1","0.88","1.59","0.85","3.05","2.84","7.89","19.08","9.78","10.9","11.07","19.37","23.39"
"Namibia","","..","..","..","..","..","..","..","..","..","..","..","..","..","..","..","..","..","..","..","..","..","..","..","..","..","..","..","3","..","0.18","1.65","6.81","7.37","8.22","9.29","8.49","6.56","6.3","8.34","2.3","3.71","2.81","1.87","2.4","2.3","2.32","1.08","1.23","0.81","..","-0.08","..","..",".."
"Nauru","","..","..","..","..","..","..","..","..","..","..","..","..","..","..","..","..","..","..","..","..","..","..","..","..","..","..","..","..","..","..","..","..","..","..","..","..","..","..","..","..","..","..","..","..","..","..","..","..","..","..","..","..","..",".."
"Nepal","","..","..","..","..","..","..","..","..","..","..","..","..","..","0.22","0.92","0.4","0.07","1.34","0.26","0.26","0.68","0.19","0.32","0.54","0.28","0.91","5.8","7.96","9.21","8.1","7.75","9.4","9.29","16.32","27.03","23.66","23.01","17.96","22.92","23.8","24.95","26.05","25.37","40.05","34.25","27.54","32.69","49.48","46.34","43.07","38.12","33.17","41.41","27.31"
"Netherlands Antilles","","..","..","..","..","..","..","..","..","..","..","..","..","..","..","..","..","..","..","..","..","..","..","..","..","..","..","..","..","..","..","..","..","..","..","..","..","..","..","..","..","..","..","..","..","..","..","..","..","..","..","..","..","..",".."
"New Caledonia","","..","..","..","..","..","..","..","..","..","..","..","..","..","..","..","..","..","..","..","..","..","..","..","..","..","..","..","..","..","..","..","..","..","..","..","..","..","..","..","..","..","..","..","..","..","..","..","..","..","..","..","..","..",".."
"Nicaragua","","..","..","..","..","..","..","..","..","..","..","..","..","0.01","0.08","..","..","..","..","0.04","0.9","0.08","1.42","0.29","1.57","0.75","0.91","3.22","11.37","10.36","7.81","14.46","22.99","17.52","22.18","20.59","26.76","33.56","25.76","28.47","24.42","27.17","27.97","24.99","32.04","37.7","36.67","42.67","43.53","37.95","27.01","31.79","35","7.48","-24.87"
"Niger","","..","..","..","..","..","..","..","..","..","..","..","..","..","..","0.01","0.03","1.1","0.58","1.52","0.31","0.22","2.07","1.26","1.64","3.6","0.73","2.71","..","13.01","5.77","7.43","4.36","15.6","7.8","2.31","4.67","1.79","2.91","3.46","5.62","4.86","5.61","6.79","7.95","9.4","10.67","12.86","13.26","13.79","11.59","12.96","8.79","15.18","12.91"
"Nigeria","","..","..","..","..","..","..","0.03","0.1","0.84","1.75","0.22","0.23","0.1","0.47","1.35","1.4","0.17","0.39","-0.17","-0.14","0.29","0.28","-0.06","-0.05","0.18","-0.15","..","..","0.02","0.01","0.04","0.31","2.14","1.77","1.8","1.03","1.89","-0.27","0.28","3.32","3.2","-3.53","0.03","0.01","-1.09","..","85.23","95.64","81.56","31.24","19","0.42","3.34","-21.99"
"Niue","","..","..","..","..","..","..","..","..","..","..","..","..","..","..","..","..","..","..","..","..","..","..","..","..","..","..","..","..","..","..","..","..","..","..","..","..","..","..","..","..","..","..","..","..","..","..","..","..","..","..","..","..","..",".."
"Northern Marianas","","..","..","..","..","..","..","..","..","..","..","..","..","..","..","..","..","..","..","..","..","..","..","..","..","..","..","..","..","..","..","..","..","..","..","..","..","..","..","..","..","..","..","..","..","..","..","..","..","..","..","..","..","..",".."
"Oman","","..","..","..","..","..","..","..","..","..","..","..","..","..","..","..","..","0.03","..","..","..","..","..","..","..","..","..","..","..","..","..","..","..","..","..","..","0.06","0.06","0.02","..","..","..","..","..","..","..","..","..","..","..","..","..","..","..",".."
"Pakistan","","..","..","..","..","..","0.08","0.07","0.25","0.39","1.03","1","1.75","0.81","2.95","1.11","1.32","0.34","1.82","2.88","25.09","2.67","3.49","1.48","0.11","..","-0.25","-0.26","-0.25","-0.28","-0.94","-0.8","0.25","-1.68","-1.03","-0.58","3.31","3.23","-2.65","-0.17","-1.5","-0.14","-0.76","-1.19","-7.9","-0.45","4.21","-4.52","-0.44","0.01","4.76","29.96","17.83","14.78","9.11"
"Palau","","..","..","..","..","..","..","..","..","..","..","..","..","..","..","..","..","..","..","..","..","..","..","..","..","..","..","..","..","..","..","..","..","..","..","..","..","..","..","..","..","..","..","..","..","..","..","..","..","..","..","..","..","..",".."
"Panama","","..","..","..","..","..","..","..","..","..","..","..","..","..","..","..","..","..","..","..","..","..","..","..","..","..","..","..","..","..","..","..","..","..","..","..","..","..","0.19","0.22","0.19","0.05","1.67","1.96","0.4","0.07","0.3","0.19","0.17","-0.15","-0.37","..","-0.57","-0.25","-0.98"
"Papua New Guinea","","..","..","..","..","..","..","..","..","..","..","..","..","..","..","..","..","..","..","..","..","..","..","..","..","..","..","..","..","..","..","..","..","..","0.01","0.01","0.09","..","..","..","..","..","..","..","..","0.04","..","..","..","..","..","0.01","..","..",".."
"Paraguay","","..","..","..","..","..","..","..","..","..","..","0.02","0.3","..","..","..","..","..","..","..","..","0.01","..","..","..","..","..","..","..","..","..","..","0.89","0.58","..","..","..","-0.5","..","..","..","..","..","..","..","0.11","..","0.01","0.13","0.09","0.16","0.15","..","..",".."
"Peru","","..","..","..","..","..","0.08","0.11","0.07","0.1","0.63","2.26","..","-0.02","0.14","-0.18","-0.18","0.36","0.15","1.06","1.04","0.86","0.43","-0.03","0.07","0.36","0.01","0.08","0.02","0.13","0.59","1.87","0.85","0.15","1.77","2.08","3.47","1.91","2.23","3.14","4.16","1.94","1.85","2.12","-0.04","-1.21","0.95","0.28","-0.44","0.3","0.54","1.4","0.62","4.06","0.12"
"Philippines","","..","..","..","..","..","..","..","..","..","0.01","0.01","0.01","1.13","1.76","3.24","1.73","0.87","1.18","3.51","0.17","2.45","9.55","-0.37","-0.11","0.02","1.44","2.5","2.69","4.37","0.77","3.31","3.62","3.16","2.2","1.32","1.71","5.16","3.89","-3.56","4.21","6.88","5.53","2.16","0.93","11.12","-0.31","-0.45","3.65","2.09","-0.2","2.27","1.98","0.26","5.47"
"Qatar","","..","..","..","..","..","..","..","..","..","..","..","..","..","..","..","..","..","..","..","..","..","..","..","..","..","..","..","..","..","..","..","..","..","..","..","..","..","..","..","..","..","..","..","..","..","..","..","..","..","..","..","..","..",".."
"Rwanda","","..","..","..","..","..","..","..","..","0.02","0.01","0.02","0.02","0.05","0.08","0.05","..","..","0.22","0.26","..","..","..","0.06","0.04","0.02","0.07","0.07","0.03","0.61","0.95","1.8","1.71","1.53","0.76","0.34","0.89","0.42","1.75","2.08","1.43","1.2","2.68","0.49","1.78","1.81","..","1.53","1.26","2.46","2.28","2.27","2.55","0.69","-0.44"
"Samoa","","..","..","..","..","..","..","..","..","..","0.01","..","..","..","..","..","..","0.14","0.26","..","0.05","0.05","0.08","0.04","0.05","0.05","..","..","..","..","..","..","..","..","..","..","..","..","..","..","..","..","..","..","..","..","..","..","..","..","..","..","..","..",".."
"Sao Tome & Principe","","..","..","..","..","..","..","..","..","..","..","..","..","..","..","..","..","..","..","..","..","..","..","..","..","..","..","..","..","..","..","..","..","..","..","..","..","..","..","..","..","..","..","..","..","..","..","..","..","..","..","..","..","..",".."
"Saudi Arabia","","..","..","..","..","..","..","..","..","..","..","..","..","..","..","..","..","..","..","..","..","..","..","..","..","..","..","..","..","..","..","..","..","..","..","..","..","..","..","..","..","..","..","..","..","..","..","..","..","..","..","..","..","..",".."
"Senegal","","..","..","..","..","..","..","..","..","..","..","0.02","0.09","0.42","3.81","1.31","-0.02","1.73","1.07","0.01","0.02","-0.01","0.41","6.39","0.42","9.13","0.6","13.26","5.84","0.99","1.34","1.46","2.19","2.36","2.03","1.29","-2.49","2.35","-1.36","5.21","-0.72","-0.64","1.39","0.91","1.33","1.09","0.74","0.91","0.26","0.28","-5.15","0.24","0.14","0.64",".."
"Serbia","","..","..","..","..","..","..","..","..","..","..","..","..","..","..","..","..","..","..","..","..","..","..","..","..","..","..","..","..","..","..","..","..","..","..","..","..","..","0.11","0.38","0.02","..","0.85","8.04","1.18","17.76","8.02","0.85","3.4","0.91","0.31","0.37","2.24","-32.1","1.16"
"Seychelles","","..","..","..","..","..","..","..","..","..","..","..","..","..","..","..","..","..","..","0.01","0.05","0.05","..","..","..","..","..","..","..","..","..","..","..","..","..","..","..","..","..","..","..","..","..","..","..","..","..","..","..","..","..","..","-0.29","..",".."
"Sierra Leone","","..","..","..","..","..","..","..","..","..","..","..","..","..","..","0.01","0.04","0.02","0.02","0.08","0.46","2.41","0.27","0.85","0.22","0.14","0.09","6.2","6.89","1.29","0.52","2.4","2.19","1.75","1.18","0.4","0.04","0.28","0.06","0.07","0.03","0.03","0.19","0.4","0.23","-0.02","1.26","0.41","1.71","2.34","3.01","4.78","3.76","3.43","0.15"
"Singapore","","..","..","..","..","..","..","..","0.02","0.06","0.04","..","..","..","0.02","..","..","0.01","..","..","..","..","..","..","..","..","..","..","..","..","..","..","..","..","..","..","..","..","..","..","..","..","..","..","..","..","..","..","..","..","..","..","..","..",".."
"Slovenia","","..","..","..","..","..","..","..","..","..","..","..","..","..","..","..","..","..","..","..","..","..","..","..","..","..","..","..","..","..","..","..","..","..","..","..","..","..","0.11","0.06","0.07","..","..","..","..","..","..","..","..","..","..","..","..","..",".."
"Solomon Islands","","..","..","..","..","..","..","..","..","..","..","..","..","..","..","..","..","..","0.02","0.01","..","..","..","..","..","..","..","..","..","..","..","..","..","..","..","..","0.04","0.15","0.21","-0.15","0.13","..","0.16","0.12","0.05","..","..","..","..","..","..","..","..","..",".."
"Somalia","","..","..","..","..","..","..","..","..","..","0.01","..","0.01","0.01","0.01","..","0.25","-0.01","0.01","..","0.01","0.01","2.37","0.94","1.34","1.5","2.34","2.43","9.91","8.38","6.5","2.11","0.04","0.1","-1.06","1.14","-0.01","..","0.09","1.73","3.06","3.21","0.35","1.38","1.36","0.32","5.05","6.58","9.76","17.27","21.61","17.48","37.11","40.53","26.33"
"South Africa","","..","..","..","..","..","..","..","..","..","..","..","..","..","..","..","..","..","..","..","..","..","..","..","..","..","..","..","..","..","..","..","..","..","1.08","14.32","22.86","29.97","35.68","31.99","17.2","16.97","15.27","18.75","20.57","21.54","18.44","25.42","20.91","27.97","20.13","21.43","10.9","5.19","1.46"
"South Sudan","","..","..","..","..","..","..","..","..","..","..","..","..","..","..","..","..","..","..","..","..","..","..","..","..","..","..","..","..","..","..","..","..","..","..","..","..","..","..","..","..","..","..","..","..","..","..","..","..","..","..","..","35.76","37.39","33.68"
"Sri Lanka","","..","..","..","..","..","..","0.01","..","..","1.87","0.4","0.38","0.59","1.75","0.4","0.16","0.71","0.89","1.99","0.02","5.23","2.92","0.69","2.42","1.76","3.04","3.42","4.58","7.7","9.1","6.42","4.18","1.56","0.68","0.4","0.5","-0.83","1.46","0.73","1.43","-0.57","-0.53","0.21","1.05","12.41","23.88","38.18","8.81","21.12","36.3","-2.12","1.29","0.82","-0.44"
"St. Helena","","..","..","..","..","..","..","..","..","..","..","..","..","..","..","..","..","..","..","..","..","..","..","..","..","..","..","..","..","..","..","..","..","..","..","..","..","..","..","..","..","..","..","..","..","..","..","..","..","..","..","..","..","..",".."
"St. Kitts-Nevis","","..","..","..","..","..","..","..","..","..","..","..","..","..","..","..","..","..","..","..","..","..","..","..","..","..","..","..","..","..","..","..","..","..","..","..","..","..","..","..","..","..","..","..","..","..","..","..","..","..","..","..","..","..",".."
"St. Lucia","","..","..","..","..","..","..","..","..","..","..","..","..","..","..","..","..","..","..","..","..","..","..","..","..","..","..","..","..","..","..","..","..","..","..","..","..","..","..","..","..","..","..","..","..","..","..","..","..","..","..","..","..","..",".."
"St.Vincent & Grenadines","","..","..","..","..","..","..","..","..","..","..","..","..","..","..","..","..","..","..","..","..","..","..","..","..","..","..","..","..","..","..","..","..","..","..","..","..","..","..","..","..","..","..","..","..","..","..","..","..","..","..","..","..","..",".."
"Sts Ex-Yugo. Unspec.","","..","..","..","..","..","..","..","..","..","..","..","..","..","..","..","..","..","..","..","0.05","..","..","..","..","..","..","..","..","..","..","..","..","..","..","..","..","..","0.01","0.28","..","21.85","27.22","32.03","11.33","7.59","7.4","11.2","8.59","11.84","..","..","..","..",".."
"Sudan","","..","..","..","..","..","..","..","..","..","0.01","..","..","0.64","1.15","0.39","0.52","3.37","1.29","1.11","2.42","22.39","4.76","0.6","16.34","0.82","0.45","2.37","9.15","8.09","18.56","13.44","7.35","4.84","3.05","2.98","0.5","1.54","0.88","1.16","0.6","0.61","1.53","0.56","1.31","3.44","23.75","33.66","43.39","37.8","35.55","35.99","7.59","10.86","12.47"
"Suriname","","..","..","..","..","..","..","..","..","..","..","..","..","..","..","..","..","..","..","..","..","..","..","..","..","..","..","..","..","..","..","..","..","..","..","..","..","..","..","..","..","..","..","..","..","..","..","..","..","..","..","..","..","..",".."
"Swaziland","","..","..","..","..","..","..","..","..","0.01","..","0.04","0.03","1.1","1.32","0.61","0.51","0.77","1.83","0.68","0.7","0.43","0.11","0.22","-0.03","..","-0.01","2.73","6.42","3.9","3.25","4.87","1.8","-0.3","-0.37","-0.73","0.87","-2.06","-0.1","-0.85","2.03","0.32","0.41","-0.23","-0.69","-1.8","-1","-1.03","-1.58","-1.01","-1.35","-0.67","0.51","..",".."
"Syria","","..","..","..","..","..","0.04","0.06","0.05","0.02","0.01","0.02","0.02","..","..","..","..","..","..","..","..","0.01","..","..","..","..","..","..","0.05","0.06","..","..","..","..","..","..","..","..","..","..","..","..","..","..","0.01","..","..","..","0.09","2.54","2.74","4.86","2.43","12.8","47.69"
"Tajikistan","","..","..","..","..","..","..","..","..","..","..","..","..","..","..","..","..","..","..","..","..","..","..","..","..","..","..","..","..","..","..","..","..","..","..","..","..","..","..","..","0.18","0.07","0.23","0.06","..","..","0.09","0.17","0.39","..","0.03","0.49","2.56","0.68","1.38"
"Tanzania","","..","..","..","..","..","0.46","0.73","0.76","1.31","2.48","3.24","4.15","4.63","7.4","18.17","23.71","19.59","35.01","37.59","39.66","32.17","32.76","39.84","40.4","31.61","37.02","54.9","49.19","77.81","78.72","78.55","89.14","94.78","80.86","76.55","59.57","91.2","63.96","69.63","80.85","68.75","66.63","69.89","85.48","93.93","84.73","95.31","90.07","119.24","106.85","129.39","126.16","111.19","88.63"
"Thailand","","..","0.05","..","..","..","0.15","0.15","0.09","0.25","0.32","0.47","0.55","0.88","1.08","1.17","1.67","1.2","1.41","0.84","12.29","0.68","0.59","3.23","3.89","0.71","5.7","8.24","6.77","1.85","1.01","3","3.48","6.94","4.4","13.46","15.28","18.99","28.93","12.32","30.32","-1.52","11.83","8.46","7.7","11.06","17.18","11.51","6.64","6.65","2.91","1.29","0.04","0.62","-0.1"
"Timor-Leste","","..","..","..","..","..","..","..","..","..","..","..","..","..","..","..","..","0.02","..","..","..","..","..","..","..","..","..","..","..","..","..","..","..","..","..","..","..","..","0.05","0.07","0.06","..","0.33","0.25","0.09","0.71","0.08","0.27","0.21","..","..","..","..","..","0.17"
"Togo","","..","..","..","..","..","..","..","..","..","..","..","..","..","..","..","..","..","0.79","1.61","8.86","7.1","..","0.06","0.02","-0.07","0.7","0.85","5.75","4.77","1.26","1.24","0.33","0.36","..","..","-0.04","2.81","..","..","..","..","..","0.13","0.32","0.32","0.53","0.67","0.92","0.69","1.25","1.27","0.99","0.99","0.35"
"Tokelau","","..","..","..","..","..","..","..","..","..","..","..","..","..","..","..","..","..","..","..","..","..","..","..","..","..","..","..","..","..","..","..","..","..","..","..","..","..","..","..","..","..","..","..","..","..","..","..","..","..","..","..","..","..",".."
"Tonga","","..","..","..","..","..","..","..","..","..","..","..","..","..","..","..","..","..","..","..","..","..","..","..","0.08","..","..","..","..","..","0.04","0.04","..","..","..","..","..","..","..","..","..","..","..","..","..","..","..","0.1","0.14","..","..","..","..","..",".."
"Trinidad & Tobago","","..","..","..","..","..","..","..","..","..","..","..","..","..","..","..","..","..","..","..","0.04","..","..","..","..","..","..","..","..","..","..","..","..","..","..","..","..","..","..","..","..","..","..","..","..","..","..","..","..","..","..","..","..","..",".."
"Tunisia","","..","..","..","..","..","0.19","0.52","0.39","0.29","1.03","1.39","1.04","0.15","0.97","0.14","0.02","0.16","..","-0.31","0.84","-0.25","-0.32","-0.59","-0.27","-0.27","-0.26","-0.34","-0.4","-0.41","-0.38","-0.45","..","-0.46","-0.36","-0.22","-0.2","-0.23","..","..","0.02","0.01","..","..","..","..","..","..","..","..","..","..","0.81","3.49","3.55"
"Turkey","","..","0.46","-0.12","-0.1","-0.3","0.42","0.25","0.37","0.1","-0.03","0.33","0.35","-0.12","-0.13","-0.01","..","0.12","1.79","0.83","0.11","0.02","..","0.01","0.13","-0.18","-0.2","-0.26","-0.31","..","-0.15","..","-0.02","-0.32","0.08","-0.17","1.35","-0.41","-0.18","-0.16","-2.39","-1.73","0.02","0.02","0.2","0.51","1.29","0.19","1.48","1.33","1.43","1","0.83","0.74","0"
"Turkmenistan","","..","..","..","..","..","..","..","..","..","..","..","..","..","..","..","..","..","..","..","..","..","..","..","..","..","..","..","..","..","..","..","..","..","..","..","..","..","..","..","..","..","..","..","..","..","..","..","..","..","..","..","0.03","..",".."
"Turks & Caicos Islands","","..","..","..","..","..","..","..","..","..","..","..","..","..","..","..","..","..","..","..","..","..","..","..","..","..","..","..","..","..","..","..","..","..","..","..","..","..","..","..","..","..","..","..","..","..","..","..","..","..","..","..","..","..",".."
"Tuvalu","","..","..","..","..","..","..","..","..","..","..","..","..","..","..","..","..","..","..","..","..","..","..","..","..","..","..","..","..","..","..","..","..","..","..","..","..","..","..","..","..","..","..","..","..","..","..","..","..","..","..","..","..","..",".."
"Uganda","","..","..","..","..","..","0.01","0.02","0.05","0.11","1.24","2.04","1.67","3.11","0.77","0.53","0.07","0.11","-0.32","0.03","1.4","1.69","1.22","1.26","2.33","2.61","0.76","2.81","4.92","11.59","15.78","25.43","32.39","37.14","45.35","52.96","60.09","67.97","58.36","70.78","58.9","59.81","58.68","43.09","53.01","61.31","63.72","78.5","109.85","82.58","93.47","77.01","68.18","62.9","55.24"
"Ukraine","","..","..","..","..","..","..","..","..","..","..","..","..","..","..","..","..","..","..","..","..","..","..","..","..","..","..","..","..","..","..","..","..","..","..","..","..","..","..","..","..","..","..","..","..","..","1.57","2.17","4.6","5.7","3.05","3.58","9.55","6.73","6.41"
"United Arab Emirates","","..","..","..","..","..","..","..","..","..","..","..","..","..","..","..","..","..","..","..","..","..","..","..","..","..","..","..","..","..","..","..","..","..","..","..","..","..","..","..","..","..","..","..","..","..","..","..","..","..","..","..","..","..",".."
"Uruguay","","..","..","..","..","..","..","..","..","..","..","..","..","..","..","..","..","0.01","0.01","..","0.01","0.01","0.05","0.06","..","..","..","..","..","..","..","..","0.03","0.3","..","..","..","..","..","..","..","..","..","..","..","..","..","..","..","..","..","..","..","..",".."
"Uzbekistan","","..","..","..","..","..","..","..","..","..","..","..","..","..","..","..","..","..","..","..","..","..","..","..","..","..","..","..","..","..","..","..","..","..","..","..","..","..","0.01","..","..","..","..","..","..","..","..","..","..","..","..","..","0.09","0.11","0.12"
"Vanuatu","","..","..","..","..","..","..","..","..","..","..","..","..","..","..","..","..","..","..","..","..","..","..","..","..","..","..","..","..","..","..","..","..","..","..","..","..","..","0.01","..","..","..","..","..","..","..","..","..","..","..","..","..","..","..",".."
"Venezuela","","..","..","..","..","..","..","..","..","..","..","..","..","..","..","..","..","..","..","..","..","..","..","..","0.1","0.04","..","..","..","..","..","..","..","-0.66","..","..","..","..","0.01","..","1.48","0.58","..","..","..","..","..","-4.1","..","..","..","..","..","..",".."
"Vietnam","","..","0.01","..","..","..","..","..","..","0.13","..","0.17","0.01","0.01","1","5.57","5.26","16.43","11.98","32.78","15.8","12.83","0.48","2.2","0.33","1.44","1.03","..","..","..","..","0.21","0.56","1.05","8.5","16.2","13.65","34.56","34.31","40.91","39.37","41.03","60.24","48.39","69.8","59.4","72.46","71.03","82.54","80.34","67.58","69.04","62.12","61.33","40.82"
"Virgin Islands (UK)","","..","..","..","..","..","..","..","..","..","..","..","..","..","..","..","..","..","..","..","..","..","..","..","..","..","..","..","..","..","..","..","..","..","..","..","..","..","..","..","..","..","..","..","..","..","..","..","..","..","..","..","..","..",".."
"Wallis & Futuna","","..","..","..","..","..","..","..","..","..","..","..","..","..","..","..","..","..","..","..","..","..","..","..","..","..","..","..","..","..","..","..","..","..","..","..","..","..","..","..","..","..","..","..","..","..","..","..","..","..","..","..","..","..",".."
"West Bank & Gaza Strip","","..","..","..","..","..","..","..","..","..","..","..","..","..","..","..","..","..","..","..","..","..","..","..","..","..","..","..","..","..","..","..","..","..","..","2.34","3.53","3.6","5.13","5.36","8.45","7.97","5.03","5.47","5.82","6.95","13.15","8.36","13.5","9.97","20.49","28.06","21.1","25.72","40.33"
"Yemen","","..","..","..","..","..","..","..","..","..","..","0.01","..","..","0.04","0.73","1.63","0.27","..","..","0.02","0.04","0.01","1.41","1.19","0.27","3.99","3.01","7.18","13.91","12.72","13.23","12.85","4.14","6.46","0.53","0.82","-0.5","..","5.32","3.04","0.1","0.08","..","0.06","0.81","2.65","2.47","3.59","4.12","3.26","3.49","3.02","6.05","15.88"
"Zambia","","..","..","..","..","..","..","0.12","0.13","0.34","1.66","2.13","1.06","1.46","1.76","2.79","1.88","1.24","1.57","2.31","2.84","3.98","2.76","3.37","6.43","2.21","6.16","9.67","3.5","8.28","6.41","17.38","17.34","17.65","15.6","17.68","25.58","25.75","24.01","17.94","25.73","23.07","22.6","32.19","30.21","45.1","48.43","48.66","49.85","35.08","47.82","24.93","41.79","34.01","28.39"
"Zimbabwe","","..","..","..","..","..","..","..","..","..","..","..","..","..","..","..","..","..","0.08","..","..","0.89","5.38","5.71","4.18","10.95","5.96","9.53","8.17","12.37","19.54","14.33","12.82","26.15","27.59","25.3","18.89","20.45","19.8","23.3","28.57","22.45","17.89","5.55","2","3.57","7.52","6.72","10.95","16.89","27.95","26.87","29.56","21.47","23.67"
"North of Sahara, regional","","..","..","..","..","..","..","..","..","..","..","..","..","..","..","..","..","..","..","..","..","..","..","..","..","..","..","..","-0.01","..","-0.14","..","-0.43","..","..","..","..","..","..","..","..","..","..","..","..","..","..","0.08","..","0.03","..","-0.02","3.5","5.03","3.86"
"South of Sahara, regional","","..","..","..","..","..","0.04","..","..","..","..","..","..","..","0.33","1.7","1.63","0.84","0.88","3.5","..","0.98","2.98","5.72","..","0.56","5.52","5.41","17.08","16.92","..","14.83","23.05","18.35","23.05","25.16","8.06","8.7","3.95","3.09","7.02","0.75","4","7.76","15.71","7.85","17.19","18.57","19.45","26.53","19.17","31.63","36.68","51.23","32.13"
"Africa, regional","","..","..","..","..","..","..","..","0.01","..","..","..","0.03","0.01","..","0.47","0.25","0.27","0.5","0.91","0.48","0.33","0.24","..","5.62","10.36","0.04","0.03","..","3.08","14.71","..","..","3.1","..","..","7.08","4.55","4.14","5.13","3.55","8.7","5.83","1.72","..","6.87","20.69","22.99","38.08","26.64","36.43","38.8","121.68","45.93","62.56"
"N. & C. America, regional","","..","..","..","..","..","..","..","..","..","..","..","..","0.31","0.46","0.29","0.51","0.75","..","..","0.14","..","..","..","..","..","..","0.02","..","0.18","0.64","4.7","2.03","..","..","..","10.11","11.58","5.17","6.91","7.53","7.12","7.79","7.53","6.76","6.83","12.2","8.56","15.82","23.69","20.96","17.49","12.15","10.11","3.26"
"South America, regional","","..","..","..","..","..","..","..","..","..","..","..","..","..","..","..","..","..","..","0.05","..","..","..","..","0.29","0.19","0.01","..","..","0.01","..","..","..","..","..","11.97","..","..","..","..","0.09","0.14","0.68","-0.54","0.1","1.43","1.41","1.47","1.34","..","3.19","0.34","0.53","0.15",".."
"America, regional","","..","..","..","..","..","..","..","..","..","..","0.02","0.01","0.01","..","..","..","..","..","1.18","..","..","0.36","..","..","..","..","..","..","..","..","..","..","8.84","11.58","..","..","..","..","..","..","..","0.41","..","..","..","..","..","..","..","3.18","2.15","3.04","5.65","0.44"
"Middle East, regional","","..","..","..","..","..","0.01","..","..","..","..","..","..","..","0.08","..","..","..","0.01","..","..","..","..","..","..","..","..","..","..","..","..","..","..","..","..","..","..","0.01","..","0.16","1.42","0.74","0.38","0.16","1.03","2.63","5.44","12.07","12.39","6.12","8.23","12.29","20.5","12.38","26.3"
"Central Asia, regional","","..","..","..","..","..","..","..","..","..","..","..","..","..","..","..","..","..","..","..","..","..","..","..","..","..","..","..","..","..","..","..","..","..","..","..","..","..","..","..","..","..","..","..","..","..","..","4.85","4.89","4.13","1.38","..","..","..",".."
"South Asia, regional","","..","..","..","..","..","..","..","..","..","..","..","..","..","..","..","..","..","..","..","..","..","..","..","..","..","..","..","..","..","..","..","..","..","..","..","..","..","..","..","..","..","..","..","..","..","..","..","..","..","0.31","0.77","0.63","2.23","0.02"
"South & C.Asia, regional","","..","..","..","..","..","..","..","..","..","..","..","..","..","..","..","..","..","..","..","..","..","..","..","..","..","..","..","..","..","..","..","4.77","..","..","..","..","..","..","..","0.68","28.79","..","0.45","4.26","1.52","3.32","..","..","..","..","1.05","0.19","0.61","0.33"
"Far East Asia, regional","","..","..","..","..","..","..","..","..","..","..","..","..","1.43","..","2.79","3.38","..","..","..","..","..","..","..","..","..","..","..","..","..","..","..","..","..","..","..","0.77","2.7","2.43","..","..","1.78","3.48","..","..","3.64","2.61","4.23","4.02","1.17","0.45","0.03","1.51","0.49","0.89"
"Asia, regional","","..","..","..","..","..","..","..","..","..","..","..","0.01","0.01","1.51","0.12","0.12","0.09","0.29","0.3","0.24","0.35","0.21","0.8","..","..","..","0.02","..","1.87","2.18","1.83","..","3.16","7.82","7.6","11.9","14.72","5.46","4.32","2.77","..","2.86","2.71","..","1.91","9.29","5.53","9.17","5.87","5.58","8.58","2.88","6.12","5.8"
"Europe, regional","","..","..","..","..","..","..","..","..","..","..","..","..","..","..","..","0.02","1.02","..","0.09","0.1","0.1","..","..","..","..","..","..","..","-0.31","..","..","..","..","..","..","..","..","..","..","..","2.04","..","..","..","..","..","8.39","2.83","8.64","5.86","4.8","2.3","1.62","2.43"
"Oceania, regional","","..","..","..","..","..","..","..","..","..","..","..","..","..","..","..","..","..","..","..","..","..","..","..","..","..","..","..","0.01","..","..","..","..","..","..","..","..","..","..","..","..","..","0.08","-0.02","..","..","..","..","..","..","..","-0.1","..","..",".."
"West Indies, regional","","..","..","..","..","..","..","..","..","..","..","..","..","..","..","..","..","..","0.35","..","..","..","..","..","..","..","..","..","..","..","0.03","..","..","..","..","..","0.2","..","..","..","..","..","..","..","..","..","..","..","..","..","..","..","..","..",".."
"Developing Countries, Unspecified","","0.01","0.1","0.22","1.2","2.1","0.65","1.67","2.81","3.09","2.69","4.54","4.39","6.11","10.16","10.98","8.92","12.2","13.59","21.56","33.15","36.73","23.07","16.35","27.34","20.7","15.12","22.1","52.29","46.62","68.59","191.94","164.15","226.96","203.72","214.1","256.86","254.3","294.4","266.93","247.53","270.94","252.21","289.04","316.31","278.32","283.29","250.19","285.58","369.72","472.75","611.43","622.6","676.62","1032.44"
"MADCT Unallocated","","..","..","..","..","..","..","..","..","..","..","..","..","..","..","..","..","..","..","..","..","..","..","..","..","..","..","..","..","..","..","..","..","..","..","..","..","..","..","..","..","..","..","..","..","..","..","..","..","..","..","..","..","..",".."
"AfDB (African Dev.Bank)","","..","..","..","..","..","..","..","..","..","..","..","..","..","1.92","..","..","..","..","..","..","..","..","..","1.47","1.3","1.27","2.07","1.96","..","1.6","0.67","1.59","..","..","0.79","0.09","0.1","0.17","19.56","1.68","0.84","1.5","1.95","2.78","2.22","13.17","10.63","11.98","10.45","5.77","7.29","15.32","15.72","17.3"
"AfDF (African Dev.Fund)","","..","..","..","..","..","..","..","..","..","..","..","..","..","..","1.9","1.92","1.71","1.65","5.27","9.94","9.27","7.34","11.17","10.18","8.98","12.58","16.48","19.5","27.46","25.23","30.2","0.11","33.52","31.32","31.82","..","..","33.54","16.54","..","49.08","23.78","34.87","28.89","22.29","16.68","16.83","20.01","23.88","23.07","23.6","30.56","34.54","49.85"
"African Solidarity Fund","","..","..","..","..","..","..","..","..","..","..","..","..","..","..","..","..","..","..","..","..","..","..","..","..","..","..","..","..","..","..","..","..","..","..","..","..","..","..","..","..","..","..","..","..","..","..","..","..","..","..","..","..","..",".."
"AsDB (Asian Dev.Bank)","","..","..","..","..","..","..","..","..","0.25","0.27","0.25","0.04","2.63","0.25","0.16","1.02","0.84","1.26","2.48","0.36","0.56","0.29","..","0.19","0.17","0.16","0.36","..","0.26","..","..","0.28","..","..","19.41","14.52","0.08","0.18","2.38","0.99","1.44","2.95","1.58","3","1.84","2.02","2.53","0.7","0.96","..","11.9","..","..","5.93"
"AsDB Special Funds","","..","..","..","..","..","..","..","..","..","..","..","..","..","..","..","..","..","..","..","4.34","4.05","3.2","2.74","6.17","5.45","5.33","6.97","10.14","10.3","9.49","..","0.08","21.7","..","..","..","..","5.16","5.09","4.89","4.22","..","11.86","7.1","7.8","7.63","7.7","8.41","8.85","4.68","4.45","4.66","4.32",".."
"CarDB (Carribean Dev. Bank)","","..","..","..","..","..","..","..","..","..","..","..","..","..","..","..","..","..","..","..","..","..","..","..","..","..","..","..","..","..","..","..","..","..","..","..","..","..","..","..","..","..","..","..","..","..","..","..","..","..","..","..","..","..",".."
"CABEI","","..","..","..","..","..","..","..","..","..","..","..","..","..","..","..","..","..","..","..","..","..","..","..","..","..","..","..","..","..","..","..","..","..","..","..","..","..","..","..","..","..","..","..","..","..","..","..","..","..","..","..","..","..",".."
"EC","","..","..","..","..","..","..","..","..","..","..","..","..","..","..","5","7.45","3.78","6.07","8.05","11.97","14.46","18.88","13.54","14.05","18.67","20.71","25.3","33.63","32.11","31.19","35.56","43.95","36.8","54.1","50.74","62.26","59.18","59.88","56.85","55.53","57.49","73.4","0.9","92.85","116.36","125.39","146.17","157.21","179.58","215","177.1","183.18","169.72","178.66"
"EDF","","..","..","..","..","..","..","..","..","..","..","..","..","..","1.69","..","..","3.74","8.33","4.27","16.31","21.13","14.8","15.9","15.28","14.22","12.51","16.7","21.24","29.16","30.82","32.91","38.84","44.5","39","43.88","44.01","24.77","28.08","53.02","35.63","35.12","14.46","108.5","53.21","62.21","70.18","71.71","80.55","90.97","98.61","101.81","89.76","71.54","75.18"
"EIB","","..","..","..","..","..","..","..","..","..","..","..","..","..","..","..","..","..","..","..","..","..","..","..","..","..","..","..","..","..","..","..","..","..","..","..","..","..","..","-0.22","-15.76","..","..","..","..","..","..","..","..","..","-42.93","-26.68","-0.4","-0.38","6.5"
"Other EU Institutions","","..","..","..","..","..","..","..","..","..","..","..","..","..","..","..","..","..","..","..","..","..","..","..","..","..","..","..","..","..","..","..","..","..","..","..","..","..","..","..","..","..","..","..","..","..","..","..","..","..","..","-0.35","..","..",".."
"IBRD","","..","..","..","..","..","..","..","..","..","..","..","0.44","1.5","1.99","1.85","..","3.09","..","4.95","2.54","..","19.17","..","..","..","7.47","..","..","15.76","..","0.92","6.7","4.22","6.2","4.72","16.59","20.47","13.01","15.51","37.58","21.55","12.08","4.82","14.65","30.66","17.46","18.8","40.86","46.84","35.83","2.54","..","30.22","2.23"
"IDA","","..","..","..","..","..","..","..","..","1.34","3.68","2.37","8.24","6.14","9.14","14.18","13.04","12.77","14.73","42.29","31.86","43.95","34.77","29.72","..","56.92","16.04","49.26","67.44","60.11","55.35","77.33","74.56","79.13","82","82.65","93.58","56.29","3.7","82.12","92.79","51.41","49.95","50.52","60.51","66.51","77.47","70.65","94.71","134.22","84.92","92.97","87.91","70.85","73.01"
"IDA-MDRI","","..","..","..","..","..","..","..","..","..","..","..","..","..","..","..","..","..","..","..","..","..","..","..","..","..","..","..","..","..","..","..","..","..","..","..","..","..","..","..","..","..","..","..","..","..","..","..","..","..","2.43","..","12.17","12.6","14.45"
"IDB","","..","..","..","..","..","..","..","..","..","..","..","..","..","..","..","..","2.02","0.3","1.84","..","0.39","0.54","0.18","..","..","..","0.16","..","..","..","..","0.42","..","..","..","2.02","3.86","1.1","1.9","2.31","1.16","1.16","0.46","0.76","0.67","0.91","1.09","..","..","..","..","..","-2.31",".."
"IDB Spec. Fund","","..","..","..","..","..","..","..","..","..","..","..","..","..","..","..","..","..","..","..","..","3.2","3.82","1.66","0.5","..","..","0.56","..","..","..","..","..","0.18","..","..","1.06","1.02","0.9","0.89","0.71","1.54","..","..","..","..","..","..","..","..","..","..","..","..",".."
"IFAD","","..","..","..","..","..","..","..","..","..","..","..","..","..","..","..","..","..","2.53","5.12","..","..","..","4.8","2.19","..","2.11","6.1","..","2.32","4.1","3.65","3.52","3.73","..","0.05","0.22","0.25","24.65","0.59","..","1.18","7.69","8.52","10.44","10.47","14.32","4.17","4.99","3.84","3.74","4.45","4.66","4.32",".."
"IFC","","..","..","..","..","..","..","..","..","..","..","..","..","..","..","..","..","..","..","..","..","..","..","..","..","..","6.06","1.38","..","..","1.58","1.66","0.42","1.97","2.3","2.84","3.55","2.67","1.59","1.13","0.83","1.47","2.46","8.84","1.52","2.42","1.41","0.99","1.65","2.42","2.62","2.67","3.02","1.58",".."
"IMF","","..","..","..","..","..","..","..","..","..","..","..","..","..","..","..","..","..","..","..","..","..","..","..","..","..","..","..","..","12.02","11.71","6.32","6.06","..","..","4.8","5.45","5.27","4.63","4.56","..","3.11","..","2.68","0.46","..","0.19","0.17","5.7","0.19","..","5.34","..","..","8.27"
"IMF Trust Fund","","..","..","..","..","..","..","..","..","..","..","..","..","..","..","..","..","..","..","..","..","..","..","..","..","..","..","..","..","..","..","..","..","..","..","..","..","..","..","..","..","..","..","..","..","..","..","..","..","..","..","..","..","..",".."
"MIGA","","..","..","..","..","..","..","..","..","..","..","..","..","..","..","..","..","..","..","..","..","..","..","..","..","..","..","..","..","0.75","..","..","..","..","..","..","..","..","..","..","..","1","..","..","..","0.07","..","..","..","..","..","..","..","..",".."
"UNDP","","..","..","..","..","..","..","..","..","6.93","10.14","10","17.13","23.64","29.41","29.04","48.18","41.86","43.14","56.39","62.35","58.2","46.05","39.37","35.88","39.25","36.43","52.9","69.44","76.51","72.94","89.39","82.94","91.25","89","92.64","105.99","115.84","89.75","92.84","68.12","59.12","60.44","51.62","74.57","85.82","85.57","88.52","88.59","74.22","61.93","62.91","67.66","61.93","59.8"
"UNFPA","","..","..","..","..","..","..","..","..","..","..","..","..","..","..","..","..","2.81","3.33","4.17","5.24","6.21","5.06","4.56","4.59","4.44","4.72","7.17","10.02","11.37","11.63","15.54","15.91","19.13","20.2","22.53","35.39","48.1","35.69","34.29","33.23","25.32","25.02","22.86","26.3","31.75","30.59","32.72","33.44","44.51","43.02","36.47","38.24","43.18","40.95"
"UNHCR","","..","..","..","..","..","..","..","..","..","0.39","0.74","0.47","1.43","..","0.74","1.1","1.01","1.46","5.36","5.7","5.64","3.36","9.73","8.53","9.17","12.93","18.7","22.6","18.57","25.25","25.47","34.93","37.59","35.2","34.21","42.2","55.59","42","42.12","35.04","36.29","36.53","33.74","41.02","46.75","22.16","22.81","25.89","27.87","24.31","23.12","24.25","27.63","28.49"
"UNICEF","","..","..","..","..","..","..","..","..","0.47","0.53","0.6","0.88","1","1.24","1.15","2","1.65","2.83","3.9","5.7","5.77","5.03","5.09","5.06","4.89","5.22","7.56","10.38","12.03","14.5","22.47","26.95","30.49","28.8","33.28","38.47","36.92","33.15","36.21","34.44","33.13","32.97","30.18","37.5","40.69","35.61","37.82","37.6","34.89","37.41","32.46","33.21","28.5","31.16"
"UNRWA","","..","..","..","..","..","..","..","..","0.62","0.59","0.67","0.78","0.91","0.98","0.89","1.02","2.25","1.26","2.6","2.1","2.48","3.21","2.42","2.91","3.29","3.12","4.9","5.5","6","3.09","4.48","6.31","6.46","7.4","8.65","6.8","12.14","7.4","8.21","8.6","8.57","9.45","7.84","9.94","10.55","10.26","10.43","11.18","13.55","13.09","12.45","13.06","15.54","16.02"
"WFP","","..","..","..","..","..","..","..","..","..","6.81","5.78","5.95","8","9.64","15.46","13.45","16.8","15.21","13.6","18.94","19.54","16.84","15.6","14.22","15.44","15.1","20.81","27.34","30.16","28.04","34.06","32.98","52.33","40.3","41.41","52.7","51.38","43.52","41.1","34.68","39.77","37.68","32.66","38.38","41.51","34.62","33.77","36.83","37.87","36.46","32.91","34.51","31.95","32.94"
"Other UN","","..","..","..","..","..","..","..","..","3.28","0.34","0.34","2.43","1.41","3.58","4.41","5.22","2.41","8.21","8.94","14.41","13.72","13.86","39.82","31.91","34.81","23.56","65.43","64.44","33.17","30.77","35.27","42.89","51.38","44.3","43.33","45.97","62.49","41.96","46.94","67.01","49.03","69.08","52.66","62.73","80.09","74.14","80.4","108.66","109.62","62.29","71.47","62.04","75.95","64.99"
"Other World Bank (AMCs)","","..","..","..","..","..","..","..","..","..","..","..","..","..","..","..","..","..","..","..","..","..","..","..","..","..","..","..","..","..","..","..","..","..","..","..","..","..","..","..","..","..","..","..","..","..","..","..","..","..","..","..","..","..",".."
"Other Regional Banks","","..","..","..","..","..","..","..","..","..","..","..","..","..","..","..","..","..","..","..","..","..","..","..","..","..","..","..","..","..","..","..","..","..","..","..","9.88","6.34","14.29","7.39","11.15","9.92","6.14","12.92","14.65","15.34","10.93","9.99","29.65","13.74","..","..","..","..",".."
"Other Multilateral","","..","..","..","..","..","..","..","..","..","0.71","0.93","1.61","2.9","0.09","0.11","0.11","0.54","0.48","1.11","9.3","6.05","4.43","3.63","5.32","9.09","25.78","30.01","36.61","65.89","57.45","60.23","94.47","120.83","105.3","125.86","147.29","151.87","142.4","120.89","198.13","148.91","133.08","124.97","135.31","159.06","100.73","104.31","113.1","116.48","192.18","83.37","82.97","73.69","87.22"
