"Sector(s):","Total Bilateral Aid To All Sectors","","Flow(s):","ODA","","Donor(s):","France","","Flow Type(s):","Disbursement","","Amount:","Current Prices (USD millions)","",

"","Time Period","1960","1961","1962","1963","1964","1965","1966","1967","1968","1969","1970","1971","1972","1973","1974","1975","1976","1977","1978","1979","1980","1981","1982","1983","1984","1985","1986","1987","1988","1989","1990","1991","1992","1993","1994","1995","1996","1997","1998","1999","2000","2001","2002","2003","2004","2005","2006","2007","2008","2009","2010","2011","2012","2013",
"Recipient(s)",
"All Recipients","","783.6","870","860.8","821.4","810.4","663.5","503.9","753.1","638.9","722.4","730.8","802.8","956.82","1059.47","1167.67","1478.41","1415.25","1447.7","1800.33","2409.77","2886.87","2963.61","3049.78","2903.62","3026.03","3133.52","4042.13","5249.56","5427.6","5801.75","7163.48","7385.54","8271.4","7915.17","8466.08","8443.34","7451.22","6305.76","5741.59","5639.3","4104.75","4198.04","5486.17","7252.77","8472.53","10026.27","10600.61","9883.54","10907.63","12601.59","12915.12","12997.23","12028.27","11338.67"
"All Developing Countries","","783.6","870","860.8","821.4","810.4","663.5","503.9","753.1","590.7","627.2","627.9","674.1","765.36","865.35","941.5","1173.89","1118.32","1110.86","1459.82","1841.74","2187.66","2331.54","2328","2238.92","2407.69","2400.74","3099.16","4051.05","4163.08","4486.93","5612.11","5771.75","6303.71","6153.73","6611.2","6428.72","5754.18","4775.74","4184.52","4127.51","2828.8","2595.79","3615","5213.39","5566.8","7239.19","7919.4","6258.44","6668.97","7186.79","8055.56","8494.69","7929.17","6800.51"
"All Multilateral Recipients","","..","..","..","..","..","..","..","..","48.2","95.2","102.9","128.7","191.46","194.12","226.17","304.52","296.93","336.84","340.51","568.03","699.21","632.07","721.78","664.7","618.34","732.78","942.97","1198.51","1264.52","1314.82","1551.37","1613.79","1967.69","1761.44","1854.88","2014.62","1697.04","1530.02","1557.07","1511.79","1275.95","1602.25","1871.17","2039.38","2905.73","2787.08","2681.21","3625.1","4238.66","5414.8","4859.56","4502.54","4099.1","4538.16"
"Afghanistan","","..","..","..","..","..","..","..","..","..","..","..","..","..","..","..","0.79","..","..","..","..","0.7","0.88","1.12","0.8","0.7","3.15","0.52","0.85","0.66","1.88","1.87","1.5","1.41","2.05","4.39","3.48","2.52","1.69","2.25","1.33","0.71","9.61","11.86","12.45","15.03","17.71","14.62","19.54","19.9","49.81","58.56","65.73","67.58","49.65"
"Albania","","..","..","..","..","..","..","..","..","..","..","..","..","..","..","..","..","..","..","..","..","..","..","..","..","..","..","..","..","..","..","..","0.49","1.57","1.97","5.54","1.06","3.07","2.19","1.84","2.56","1.81","2.01","2.95","3.45","6.59","7.29","4.49","5","4.38","4.24","4.25","4.2","4.21","4.67"
"Algeria","","354.1","435.9","357.6","239.4","182.4","135.1","97.7","92","110.2","110.4","99.2","89.6","84.77","77.53","64.82","80.31","69.87","64.5","65.87","75.41","75.3","61.46","44.66","38.96","38.95","36.78","45.89","58.3","55.69","55.24","122.18","171.22","223.11","199.51","209.26","183.87","241.11","136.69","115.85","74.32","57.3","63.51","89.58","125.04","172.93","231.83","173.42","185.18","121.75","94.49","69.78","73.29","57.92","72.07"
"Angola","","..","..","..","..","..","..","..","..","..","..","..","..","..","..","..","..","..","..","..","..","0.2","0.5","1.41","1.1","1.08","1.35","6.25","3.73","5.8","7.41","11.13","10.58","26.97","18.55","27.44","35.1","11.93","5.64","7.05","8.65","7.7","5.94","9.85","14.26","21.88","9.93","-97.09","3.24","2.92","4.15","4.09","4.24","5.31","5.27"
"Anguilla","","..","..","..","..","..","..","..","..","..","..","..","..","..","..","..","..","..","..","..","..","..","..","..","..","..","..","..","..","..","..","..","..","..","..","..","..","..","..","..","..","..","..","..","..","..","..","..","..","..","..","..","..","..",".."
"Antigua & Barbuda","","..","..","..","..","..","..","..","..","..","..","..","..","..","..","..","..","..","..","..","..","..","..","..","..","..","..","..","..","..","..","..","..","..","..","..","..","0.01","..","..","..","0.01","0.58","0.02","0.01","0.02","0.03","..","0.02","0.01","..","..","..","0.15","0.01"
"Argentina","","3.2","..","0.6","-1.1","11.5","-3.3","3.1","-4.2","-4.2","-4.6","-4.2","-1.4","-1.85","..","..","..","..","..","..","..","1.25","0.91","1.25","3.4","3.49","2.9","4.62","5.74","4.98","4.55","5.63","6.02","7.47","7.11","7.37","9.06","7.77","6.62","7.51","7.63","7.51","5.9","11.74","10.5","13.6","12.33","15.87","16.8","12.75","12.27","13.5","10.95","12.2","12.85"
"Armenia","","..","..","..","..","..","..","..","..","..","..","..","..","..","..","..","..","..","..","..","..","..","..","..","..","..","..","..","..","..","..","..","..","0.46","2.2","1.6","2.01","5.77","4.34","2.36","2.04","2.53","4.12","3.84","3.03","4","3.81","14.11","8.5","5.53","5.67","4.47","5.59","8.09","11.11"
"Aruba","","..","..","..","..","..","..","..","..","..","..","..","..","..","..","..","..","..","..","..","..","..","..","..","..","..","..","..","..","..","..","..","..","..","..","..","..","..","..","..","..","..","..","..","..","..","..","..","..","..","..","..","..","..",".."
"Azerbaijan","","..","..","..","..","..","..","..","..","..","..","..","..","..","..","..","..","..","..","..","..","..","..","..","..","..","..","..","..","..","..","..","..","0.5","0.68","0.61","0.37","0.41","0.36","3.2","1.42","0.79","1.46","2.91","1.29","2.44","2.22","10.67","9.52","28.17","27.89","5.13","2.48","2.21","1.98"
"Bahamas","","..","..","..","..","..","..","..","..","..","..","..","..","..","..","..","..","..","..","..","..","..","..","..","..","0.03","..","..","0.01","..","..","..","..","..","0.02","..","..","..","..","..","..","..","..","..","..","..","..","..","..","..","..","..","..","..",".."
"Bahrain","","..","..","..","..","..","..","..","..","..","..","..","..","..","..","..","..","..","..","..","..","0.35","0.96","0.49","0.4","0.4","0.45","0.63","0.47","0.47","0.42","0.42","0.36","0.57","0.88","0.41","0.39","0.49","0.39","0.49","0.53","0.49","0.39","0.52","0.7","1.15","..","..","..","..","..","..","..","..",".."
"Bangladesh","","..","..","..","..","..","..","..","..","..","..","..","..","2.34","1.3","4.21","7.08","9.43","9.6","8.39","11.61","20.45","24.45","16.72","9.96","12.64","14.41","13.65","30.19","21.46","24.22","41.49","26.89","26.51","35.24","29.55","27.39","27.15","16.12","13.74","14.07","21.29","13.06","7.33","7.16","0.87","-1.79","-2.19","-0.87","-3.68","-3.61","-3.03","-4.2","-3.34","2.24"
"Barbados","","..","..","..","..","..","..","..","..","..","..","..","..","..","..","..","..","..","..","..","..","..","0.12","0.07","0.04","0.05","0.05","0.05","0.03","0.01","0.01","0.01","0.01","0.01","0.01","0.03","0.03","0.05","0.04","..","0.03","0.01","0.02","0.12","0.2","0.16","0.17","0.21","0.08","0.11","0.03","0.03","..","..",".."
"Belarus","","..","..","..","..","..","..","..","..","..","..","..","..","..","..","..","..","..","..","..","..","..","..","..","..","..","..","..","..","..","..","..","..","..","..","..","..","..","..","..","..","..","..","..","..","..","3.76","5.09","1.2","1.49","4.53","4.13","0.97","3.87","3.15"
"Belize","","..","..","..","..","..","..","..","..","..","..","..","..","..","..","..","..","..","..","..","..","..","..","..","0.01","..","..","..","..","..","..","..","..","..","..","..","..","..","..","..","..","..","0.49","..","..","..","0.01","..","..","0.01","..","..","..","..",".."
"Benin","","..","..","..","..","12","12.8","8.8","8.1","6","6.1","6.3","8.4","6.87","7.89","8.67","13.86","9.9","10.2","13.28","18.53","16.75","19.19","14.24","14.02","16.38","13.37","25.62","23.9","39.61","83.67","66.69","83.89","35.79","45.57","56.4","54.27","44.26","26.58","28.77","27.58","74.25","42.52","40.49","36.76","62.86","42.72","73.75","56.4","66.41","50.39","48.79","41.54","41.41","37.89"
"Bermuda","","..","..","..","..","..","..","..","..","..","..","..","..","..","..","..","..","..","..","..","..","..","..","..","..","0.01","..","..","..","..","..","..","..","..","..","..","..","..","..","..","..","..","..","..","..","..","..","..","..","..","..","..","..","..",".."
"Bhutan","","..","..","..","..","..","..","..","..","..","..","..","..","..","..","..","..","..","..","..","..","..","..","..","..","0.01","0.02","0.01","..","0.01","0.01","..","..","..","0.01","0.03","0.03","..","0.01","0.1","0.07","0.04","0.06","0.09","0.06","0.13","0.18","0.28","0.2","0.23","0.17","0.18","0.22","0.11","0.12"
"Bolivia","","..","..","..","..","..","..","..","..","..","0.3","0.4","0.2","..","..","..","..","-0.3","-0.04","0.75","3","2.08","2.68","1.11","2.76","2.81","2.8","3.77","2.35","3.33","3.83","11.19","16.59","19.79","13.32","14.42","29.39","44.63","13.94","12.17","13.82","8.28","8.44","33.92","11.6","17.8","16.42","39.78","7.23","13.94","10.01","12.24","10.13","8.18","8.85"
"Bosnia-Herzegovina","","..","..","..","..","..","..","..","..","..","..","..","..","..","..","..","..","..","..","..","..","..","..","..","..","..","..","..","..","..","..","..","..","..","..","..","2.59","7.23","4.96","5.13","115.73","19.91","2.1","2.39","2.07","3.37","3.06","2.93","5.6","6.31","4.65","3.5","2.94","2.64","2.71"
"Botswana","","..","..","..","..","..","..","..","..","..","..","..","..","..","..","..","..","..","..","..","..","0.2","0.14","1.04","0.2","0.32","0.34","1.53","2.8","1.34","0.68","2.16","2.25","2.14","1.05","0.69","0.71","0.7","0.7","0.71","0.53","0.58","0.41","0.64","1.22","1.9","1.35","1.45","9.24","2.42","1.04","6.46","0.68","0.53","0.51"
"Brazil","","..","..","3.6","17.3","6.4","15.8","-2","-6.4","-8.8","-10","-2.6","-4.9","5.76","..","18.61","12.79","-1.5","-0.9","17.75","5.1","9.15","111.9","74.27","18.66","30.23","21.05","16.83","20.87","11.92","11.6","18.86","20.45","-54","37.85","19.96","8.16","12.84","18.44","4.27","21.05","23.72","14.64","20.51","30.95","31.09","28.47","30.91","112.91","41.03","47.12","46.58","59.18","860.71","121.16"
"Brunei","","..","..","..","..","..","..","..","..","..","..","..","..","..","..","..","..","..","..","..","..","..","..","..","0.01","0.06","..","0.02","0.03","0.09","0.13","0.16","0.08","0.13","0.17","0.12","0.07","..","..","..","..","..","..","..","..","..","..","..","..","..","..","..","..","..",".."
"Burkina Faso","","..","..","..","..","9.7","10","8.7","12.9","12.6","11.5","11.7","10.3","14.88","21.61","33.3","27.1","26.81","28.3","32.72","35.68","55.85","53.36","43.71","43.51","35.29","26.46","39.99","64.62","52.12","70.09","85.32","115.95","120.6","118.94","99.32","111.31","100","56.32","64.15","55.47","82.23","44.02","53.86","66","83.63","79.35","131.43","114.76","142.01","77.42","63.83","78.54","65.34","62.33"
"Burundi","","..","..","..","..","..","..","0.5","..","1.3","1.2","1.1","1.3","2.55","1.88","4.38","6.65","7.01","6.2","7.16","7.46","12.85","16.94","25.83","21.18","17.73","22.62","20.72","24.24","25.73","27.9","37.7","42.18","36.42","28.53","23.01","17.45","13.02","5.88","5.04","4.33","4.78","4.67","7.14","4.39","34.8","13.92","13.9","18.28","17.41","15.96","15.19","13.56","12.37","15.51"
"Cambodia","","1.2","..","..","1.8","3","5.3","7.9","10.4","7","5.4","5.5","5.4","7.34","3.44","6.03","-0.05","..","..","..","..","3.45","0.01","..","0.95","2.47","0.25","0.33","1.45","0.39","0.87","2.99","5.29","8.68","16.75","28.41","53.43","52.1","27.09","21.43","22.1","21.52","21.44","24.64","25.76","25.64","29.31","29.77","35","35.16","29.78","26.55","25.67","28.72","21.65"
"Cameroon","","..","..","..","..","17.2","9.6","18","17.1","14.8","16.2","17.2","9.9","25.98","25.09","33.78","37.83","45.48","42.6","49.32","68.42","94.65","73.34","93.52","55.6","69.18","57.03","65.63","59.88","128.1","95.64","171.76","175.72","407.27","425.71","308.55","265.16","176.01","199.84","152.77","134.8","86.22","59.28","119.01","290.59","129.13","16.78","243.61","596.23","113.19","90.59","82.08","148.93","88.51","172.04"
"Cape Verde","","..","..","..","..","..","..","..","..","..","..","..","..","..","..","..","0.65","0.08","0.8","1.8","2.4","3.35","4.06","5.21","4.01","4.43","6.16","5.76","4.85","3.98","4.01","6.44","5.07","4.87","6.52","4.98","8.61","5.77","5.4","5.13","6.93","4.32","2.62","3.12","3.85","4.68","4.13","4.43","5.97","8.72","3.89","2.97","1.75","4.92","8.56"
"Cayman Islands","","..","..","..","..","..","..","..","..","..","..","..","..","..","..","..","..","..","..","..","..","..","..","..","..","..","..","..","..","..","..","..","..","..","..","..","..","..","..","..","..","..","..","..","..","..","..","..","..","..","..","..","..","..",".."
"Central African Rep.","","..","..","..","..","9","9.8","9.9","14.6","10.7","11.8","8.1","7.6","11.34","11.81","16.52","29.64","21.69","27","24.32","41.63","69.45","66.04","59.1","54.06","54.39","47.23","59.84","84.72","68.29","63.89","71.02","69.73","70.02","87.7","61.99","52.5","66.58","31.08","30.67","30.67","18.71","20.9","16.46","23.91","36.58","32.99","26.83","54.19","26.35","25.91","24.53","21.43","18.54","22.54"
"Chad","","..","..","..","..","11.1","12.1","12.3","10.1","11.3","12.2","12.7","19.5","22.24","20.19","25.44","21.8","33.69","31.5","48.54","28.86","9.75","27.8","23.43","25.93","35.26","32.9","48.73","73.92","74.87","78.13","125","83.9","90.26","88.73","65.5","72.09","73.49","48.18","42.19","34.85","24.66","39.52","34.82","57.31","46.33","41.07","42.14","47.85","39.48","41.03","40.65","35.54","36.37","36.69"
"Chile","","..","..","2.5","0.3","0.7","2.5","2.8","2.3","-0.7","1.3","0.4","4.6","14.14","0.2","7.5","-2.81","-1.2","-5.6","-5.3","-6.2","-4.8","-0.4","0.4","1.62","1.05","2.15","3.43","4.12","4.13","3.42","6.23","10.53","11.33","27.12","18.8","29.63","43.48","17.39","11.34","9.11","8.51","7.97","11.75","12.88","15.13","14.4","9.87","10.18","9.1","9.6","10.13","9.68","11.5","8.07"
"China","","..","..","..","..","..","..","..","..","..","..","..","..","..","..","..","..","..","..","..","..","..","2.71","2.28","4.7","5.97","6.3","9.91","46.94","133.99","179.9","88.01","138.46","153.39","102.55","97.66","91.17","97.19","50.11","29.76","46.17","45.99","42.8","77.19","74.29","102.8","125.2","142.8","132.3","207.51","364.35","316.69","290.97","288.13","148.74"
"Chinese Taipei","","..","..","..","..","..","..","..","..","..","..","..","..","..","..","..","..","..","..","..","..","..","0.26","0.42","0.2","0.21","0.25","0.25","0.25","0.31","0.32","1.66","0.74","1.89","2.48","2.93","3.26","4.41","..","..","..","..","..","..","..","..","..","..","..","..","..","..","..","..",".."
"Colombia","","..","..","..","..","..","..","..","..","..","0.4","0.5","0.9","1.35","7.5","2.31","0.84","4.4","1.2","5.8","0.3","1.15","0.77","1.4","7","4.14","3.68","3.59","22.11","5.29","9.5","17.93","32.14","23.94","18.81","17.75","22.12","16.5","14","11.8","11.54","8.91","8.21","12.98","14.79","5.57","-3.06","24.35","34.42","22.65","22.49","160.26","178.73","124.68","217.68"
"Comoros","","..","..","..","..","..","..","6.1","9.7","5.9","6.3","6.8","7.9","10.03","16.98","27.1","17.47","8.22","0.7","1.26","4.76","11.77","14.4","12.15","10.52","13.15","13.97","17.15","22.6","30.06","22.32","24.06","23.77","17.28","19.29","13.43","15.81","19.18","13.93","13.26","11.03","10.6","9.42","10.97","10.83","13.49","14.09","19.44","18.27","19.1","22.06","20.9","21.81","23.82","35.64"
"Democratic Republic of the Congo","","..","..","..","..","..","..","1.7","3.2","3.2","4.2","3.8","4.2","5.73","8.44","22.79","20.27","23.07","15","24.33","24.85","39.4","25.09","24.71","23.1","25.07","28.47","38.01","40.21","78.01","99.46","174.24","72.2","24.09","16.46","12.28","14.67","14.88","12.92","9.77","9.56","8.21","7.94","0.82","1274","134.68","41.47","57.24","27.6","30.51","30.29","13.47","1131.04","28.31","18.3"
"Congo","","..","..","..","..","10.5","10","12.7","8.5","15","12.6","8.8","7.8","12.66","15.74","17.01","29.33","40.35","28.1","40.28","45.83","48.85","36.76","49.47","43.96","45.39","33.89","88.65","112.96","55.66","67.69","169.31","88.99","67.34","95.86","227.18","87.36","211.38","242.44","20.55","20.73","9.81","11.18","23.73","18.08","36.1","998.73","123.38","18.52","367.98","93.15","909.4","61.31","16.41","52.12"
"Cook Islands","","..","..","..","..","..","..","..","..","..","..","..","..","..","..","..","..","..","..","..","..","..","..","..","..","..","..","..","..","..","0.02","0.02","0.02","1.27","1.03","-0.01","0.11","0.03","0.04","..","0.08","..","..","..","..","-0.11","-0.11","-0.11","-0.12","-0.09","-0.16","-0.12","-0.12","-0.08","-0.1"
"Costa Rica","","..","..","..","..","..","..","..","..","..","..","..","..","..","..","..","..","..","..","..","..","0.4","0.36","0.41","0.7","1.06","0.95","1.89","5.14","3.71","2.82","3.49","3.33","3.52","3.45","3.8","5.78","5.13","3.59","2.25","2.95","2.65","14.23","4.82","5.79","5.78","4.89","5.37","23.05","6.64","4.69","4.75","3.3","5","5.67"
"Cote d'Ivoire","","..","..","..","..","25.7","24.2","18.6","24.4","29","26.3","24.9","23","23.26","32.8","37.09","52.3","54.32","55.7","51.36","86.59","118.3","66.56","74.13","105.94","79.92","72.79","90.28","183.35","162.76","196.53","416.29","309.65","446.08","584.99","649.72","515.97","300.3","133.65","190.91","201.33","156.26","110.4","531.29","116.47","62.16","54.9","106.82","50.69","39.49","1199.06","138.52","553.21","1279.02","81.05"
"Croatia","","..","..","..","..","..","..","..","..","..","..","..","..","..","..","..","..","..","..","..","..","..","..","..","..","..","..","..","..","..","..","..","..","..","..","..","1.48","2.26","2.58","1.84","2","1.72","1.43","2.53","3.19","3.79","3.1","3.39","3.19","4.32","4.04","3.77","..","..",".."
"Cuba","","..","..","..","..","..","..","..","..","..","..","..","..","..","..","..","..","..","..","..","..","0.5","0.37","0.04","0.3","0.59","0.5","0.68","0.95","1.69","0.76","0.8","0.57","1.16","1.15","1.37","3.24","2.09","5.26","2.21","1","1.15","1.37","2.76","3.1","4.28","3.1","3.15","2.45","2.98","2.65","2.68","2.39","2.6","2.91"
"Cyprus","","..","..","..","..","..","..","..","..","..","..","..","..","..","..","..","..","..","..","..","0.3","4.7","0.66","2.16","2.15","1.91","2.11","2.07","4.02","1.93","0.56","0.5","0.08","0.22","2.61","1.98","1.42","2.46","..","..","..","..","..","..","..","..","..","..","..","..","..","..","..","..",".."
"Djibouti","","..","..","..","..","..","..","6.4","9.7","9.7","10.3","10.9","10.2","13.11","19.42","28.32","34.09","28.08","32.6","27.91","16.98","24.8","29.38","39.14","34.8","37.05","36.54","40.63","46.09","41.21","39.41","55.76","46.22","40.57","44.46","54.66","42.35","46.91","46.13","39.78","41.44","20.62","21.87","26.3","22.81","24.51","35.12","71.61","56.7","51.23","41.97","46.22","43.96","40.44","42.4"
"Dominica","","..","..","..","..","..","..","..","..","..","..","..","..","..","..","..","..","..","..","..","..","0.45","0.42","0.09","0.3","0.02","0.51","0.13","1.1","0.19","2.05","3.23","3.12","1.99","0.84","2.91","1.05","2.66","0.15","-0.24","-0.9","0.03","-0.13","0.02","-0.43","-0.19","0.73","0.75","-1.39","-1.44","-1.77","2.21","2.39","14.85","7.69"
"Dominican Republic","","..","..","..","..","..","..","..","..","..","..","..","..","..","..","..","..","..","..","..","..","3.55","1.69","0.36","0.7","0.44","0.45","1.94","0.91","0.98","1.16","2.38","1.27","1.65","3.82","2.21","1.88","3.85","4.41","3.2","1.68","3.22","4.39","5.94","3.5","6.6","-7.09","7.31","16.47","9.92","3.38","0.96","105.95","131.9","23.39"
"East African Community","","..","..","..","..","..","..","..","..","..","..","..","..","..","..","..","..","..","..","..","..","..","..","..","..","..","..","..","..","..","..","..","..","..","..","..","..","..","..","..","..","..","..","..","..","..","..","..","..","..","..","..","..","..",".."
"Ecuador","","..","..","..","..","..","..","..","..","..","..","..","..","..","0.1","..","..","..","..","1.18","..","2.05","1.74","1.04","1.2","2.54","1.53","4.99","6.29","5.77","10.13","15.01","51.29","52.77","25.99","11.97","8.22","11.41","9.56","7.14","8.01","4.88","5.08","6.77","5.32","1.45","2.43","1.82","4.03","-0.84","1.24","0.5","0.52","-0.11","23.71"
"Egypt","","..","..","..","..","..","..","..","12.8","-7.6","0.3","2.6","2","2.9","..","4.02","22.95","15.2","10.5","19.08","58.6","33","68.42","47.51","20.34","49.33","37.99","91.28","102.77","66.89","61.17","139.74","163.6","267.39","260.68","409.62","449.13","301.16","283.91","308.04","254.05","241.7","201.48","100.14","100.02","109.17","80","62.71","77.13","141.99","111.55","140.13","115.84","140.31","54.67"
"El Salvador","","..","..","..","..","..","..","..","..","..","..","..","..","..","..","..","..","..","..","..","7.4","0.45","0.19","0.02","0.07","0.02","0.14","0.02","4.78","8.86","2.82","1.17","0.94","2.49","0.38","1.72","1.96","4.08","6.44","7.35","3.9","1","1.07","3.01","2.72","3.62","3.4","3.31","5.74","3.38","2.42","3.31","3.21","3.68","3.25"
"Equatorial Guinea","","..","..","..","..","..","..","..","..","..","..","..","..","..","..","..","..","..","..","..","..","0.4","1.98","2.32","1.8","4.72","2.85","5.92","14.08","17.97","14.97","16.09","8.78","9.93","8.82","6.12","7.97","8.76","5.18","4.35","4.74","7.88","3.73","4.52","4.33","4.72","4.17","3.52","3.78","4.21","2.55","3.14","3.68","3.23","3.2"
"Eritrea","","..","..","..","..","..","..","..","..","..","..","..","..","..","..","..","..","..","..","..","..","..","..","..","..","..","..","..","..","..","..","..","..","..","..","2.49","1.96","4.09","1.79","1.15","1.21","3.3","5.17","4.29","1.43","0.81","1.14","0.85","0.9","0.8","0.53","0.65","0.79","0.7","0.65"
"Ethiopia","","..","..","..","..","..","..","..","..","..","..","..","..","..","..","..","0.79","..","0.4","..","..","3.2","2.19","2.74","5","5.19","6.53","10.29","7.19","9.44","11.51","15.41","8.35","10.85","12.37","17.64","10.63","10.83","7.57","10.52","10.53","9.41","6.61","10.18","15.56","26.25","15.19","17.35","20.05","18.74","38.27","13.3","13.19","20.68","46.6"
"Falkland Islands","","..","..","..","..","..","..","..","..","..","..","..","..","..","..","..","..","..","..","..","..","..","..","..","..","..","..","..","..","..","..","..","..","..","..","..","..","..","..","..","..","..","..","..","..","..","..","..","..","..","..","..","..","..",".."
"Fiji","","..","..","..","..","..","..","..","..","..","..","..","..","..","..","..","..","..","..","..","..","0.15","0.29","0.28","0.2","0.48","..","0.6","1.93","10.21","2.17","2.57","1.65","1.35","1.17","1.35","0.82","1.21","1.03","0.56","1.15","0.69","0.61","0.75","0.83","1.72","1.02","1.29","1.11","0.97","-0.68","0.97","0.78","0.89","0.83"
"Former Yugoslav Republic of Macedonia (FYROM)","","..","..","..","..","..","..","..","..","..","..","..","..","..","..","..","..","..","..","..","..","..","..","..","..","..","..","..","..","..","..","..","..","..","..","..","0.69","1.44","2.37","0.88","8.09","8.23","0.97","1.98","2","4.28","3","3.31","3.48","3.75","3.02","2.91","3.18","2.71","2.92"
"French Polynesia","","..","..","..","..","..","..","13.4","15.1","18.2","18","19.4","19.6","27.38","49.9","36.11","70.98","77.06","83","90.63","143.9","159.45","146.42","172.58","177.43","171.44","170.21","247.02","293.02","326.38","285.82","257.83","309.12","323.74","333.68","363.8","443.97","401.82","364.35","368.18","352.72","..","..","..","..","..","..","..","..","..","..","..","..","..",".."
"Gabon","","..","..","..","..","7.8","6.5","7.8","7.5","7.5","11.9","15.9","15.2","17.35","11.59","20.83","35.4","20.84","19.3","28.72","20.73","40.55","33.41","53.8","53","62.56","45.66","50.69","60.92","89.39","104.24","113.35","126.4","54.82","87.23","150.27","107.27","102.44","20.65","31.63","29.01","-14.52","-13.99","40.97","-48.85","13.73","16.52","30.07","32.15","37.42","53.95","58.13","51.39","56.56","63.75"
"Gambia","","..","..","..","..","..","..","..","..","..","..","..","..","..","..","..","..","..","..","..","..","1.1","0.57","0.85","0.46","2.88","3.56","5.8","4.56","1.09","3.47","6.03","5.12","5.11","5.34","2.57","1.89","0.87","0.62","0.55","1.07","0.06","0.51","0.36","0.36","0.15","0.27","0.63","0.74","0.46","0.34","0.35","0.35","0.45","0.67"
"Georgia","","..","..","..","..","..","..","..","..","..","..","..","..","..","..","..","..","..","..","..","..","..","..","..","..","..","..","..","..","..","..","..","..","0.05","0.24","0.25","0.18","2.57","1.95","0.92","1.22","0.81","1.93","1.94","2.55","3.92","3.55","4.44","4.48","5.37","13.98","6.21","7.27","9.06","16.44"
"Ghana","","..","..","..","..","..","..","..","2.8","1.7","2.7","1.3","1.1","1.13","..","..","..","..","2","1.3","..","3.25","2.18","2.34","1.62","1.16","1.31","1.82","7.85","15.99","10.4","11.65","23.58","43.91","23.57","27.03","23.43","15.93","12.48","4.57","3.76","3.28","4.45","10.19","18.16","74.52","37.9","23.15","41.6","42.98","49.68","33.8","36.67","47.48","54.06"
"Gibraltar","","..","..","..","..","..","..","..","..","..","..","..","..","..","..","..","..","..","..","..","..","..","..","..","..","0.02","..","..","0.01","0.01","0.01","0.01","..","0.01","0.01","..","..","0.05","..","0.01","..","..","..","..","..","..","..","..","..","..","..","..","..","..",".."
"Grenada","","..","..","..","..","..","..","..","..","..","..","..","..","..","..","..","..","..","..","..","..","..","0.11","0.04","0.07","..","..","0.01","0.23","..","..","..","0.35","0.07","1.66","4.05","1.09","1.45","0.85","0.59","0.18","2.6","0.05","-0.03","-0.02","0.03","0.7","0.03","0.33","0.27","..","0.11","-0.47","..",".."
"Guatemala","","..","..","..","..","..","..","..","..","..","..","..","..","..","..","..","..","..","..","..","..","0.2","0.26","0.06","0.4","0.47","0.45","3.52","12.13","3.13","1.88","2.02","2.61","1.97","2.26","1.9","3.93","2.11","1.55","3.41","4.47","1.47","1.55","1.4","1.7","2.41","3.37","3.59","2.86","2.58","2.87","3.3","3.22","3.53","3.87"
"Guinea","","..","..","..","..","..","-1.8","-1.1","-1.4","-1.4","-1.9","-4","-1.2","0.39","..","..","-2.15","-1.59","-0.6","-4.3","3","9.05","12.33","11.58","9.39","9.42","21.78","46.06","49.11","81.88","96.06","86.52","89.41","142.81","86.19","55.55","103.69","52.77","48.63","54.77","37.42","19.74","20.39","22.55","29.57","72.32","29.79","20.62","55.09","73","82.05","36.02","36.42","80.04","114.03"
"Guinea-Bissau","","..","..","..","..","..","..","..","..","..","..","..","..","..","..","..","..","..","1.1","1.43","2.46","3.15","2.88","5.5","2.73","2.71","2.69","3.72","4.89","5.57","7.96","9.34","7.11","6.11","5.74","7.01","8.28","11.25","6.03","4.36","1.9","6.71","3.85","3.95","3.61","5.38","2.96","9.92","3.38","5.57","6.1","1.84","14.39","1.35","0.99"
"Guyana","","..","..","..","..","..","..","..","..","..","..","..","..","..","..","..","-0.63","..","..","..","..","..","..","..","..","..","..","..","..","0.01","0.15","1.23","0.1","0.09","0.09","0.49","0.05","0.08","0.06","0.09","0.5","0.16","0.15","0.54","0.47","1.92","0.4","0.23","0.36","0.02","..","..","..","0.24","0.15"
"Haiti","","..","..","..","..","..","..","..","..","..","..","..","..","..","..","1.89","8.99","5.96","2","2.35","1.23","7.3","6.29","4.28","6.24","6.66","20.63","14.44","19.75","20.5","27.5","31.78","37.12","16.56","16.52","14.94","31.09","29.64","24.84","18.34","14.34","10.87","13.72","17.17","19.45","25.03","24.94","26.87","48.23","38.42","49.02","144.09","53.52","74.3","50.2"
"Honduras","","..","..","..","..","..","..","..","..","..","..","..","..","..","..","..","..","..","..","..","..","0.2","0.61","2.24","3.74","0.98","2.35","2.87","3.55","4.91","3.21","1.86","3.09","6.55","7.28","4.97","10.97","1.41","1.21","7.45","18.57","7.65","4.11","3.91","1.18","21.3","4.51","34.76","1.55","1.42","1.42","1.4","1.72","1.47","1.37"
"Hong Kong, China","","..","..","..","..","..","..","..","..","..","..","..","..","..","..","..","..","..","..","..","..","0.42","0.37","0.58","1.3","1.37","1.4","1.99","2.26","2.39","2.14","2.61","2.51","1.77","1.88","2.18","2.35","2.06","..","..","..","..","..","..","..","..","..","..","..","..","..","..","..","..",".."
"India","","..","..","..","..","..","..","..","..","2.5","8.5","15.2","25.5","24.11","32","19.75","36.04","40.87","26.7","20","13","16.4","31.43","29.39","20.85","43.6","65.22","72.28","69.42","52.89","103.39","51.46","62.5","59.61","28.56","4.13","4.72","14.82","36.4","-13.43","-28.64","-11.62","-8.89","-135.89","-15.36","-13.04","-13.98","4.28","-48","-27.17","-29.01","2.83","75.97","-14.55","88.1"
"Indonesia","","..","..","..","..","..","..","..","22.7","18.9","17.3","14.8","28.4","12.99","24.5","30.84","36.46","26.9","12.7","30.69","24.78","43.5","43.72","27.13","66.3","34.8","20.63","39.23","37.33","57.09","108.94","122.41","126.47","168.78","113.76","107.65","88.36","28.44","12.56","24.41","21.19","21.7","26.1","44.81","57.04","-28.24","29.3","-55.67","-84.03","103.53","187.13","262.49","-42.5","-71.35","-31.23"
"Iran","","..","..","..","..","..","..","..","..","..","..","10.1","9.8","4.21","3.5","9.33","-4.39","-3","-1.36","-3.2","-3.45","-0.05","-2.17","1.07","3.78","2.24","1.21","3.28","3.14","3.91","3.6","6.12","6.67","7.64","6.49","8.72","8.86","12.52","11.12","10.14","9","7.9","6.79","7.89","9.51","15.69","13.5","15.4","18.11","15.58","14.57","14.17","14.87","12.74","13.33"
"Iraq","","..","..","..","..","..","..","..","..","..","..","..","..","..","..","..","..","..","..","..","10.5","3.75","3.24","3.37","2.5","2.71","2.6","3.17","4.04","3.57","3.18","3.22","0.66","0.79","0.74","1.85","1.26","2.61","3.35","2.07","1.84","1.98","1.92","2.02","12.11","4.23","634.17","790.7","759.24","315.04","9.29","9.58","9.4","8.03","15"
"Israel","","2","..","..","..","-0.4","-0.5","-0.5","-0.5","-0.6","-0.6","-0.8","-0.6","-0.65","..","..","..","..","..","..","..","0.15","0.43","0.52","2.1","1.99","2.1","3.07","4.36","5.08","4.9","6.13","5.56","6.12","7.48","9.57","10.24","10.66","..","..","..","..","..","..","..","..","..","..","..","..","..","..","..","..",".."
"Jamaica","","..","..","..","..","..","..","..","..","..","..","..","..","..","..","..","..","..","..","..","0.4","0.8","0.3","2.05","0.29","2.84","0.92","0.59","0.42","0.33","1.15","0.77","3.91","4.93","0.98","0.5","6.33","-0.19","-0.25","-0.83","-0.8","-0.75","-0.95","-0.88","-0.64","-1.52","-1.35","-1.31","-1.18","-0.82","-0.84","-0.43","-0.02","-0.13","-20.16"
"Jordan","","..","..","..","..","..","..","..","..","..","..","..","..","..","..","..","..","..","..","..","..","3.6","10.41","2.82","10.2","4.29","2.22","3.2","2.68","5.72","3.79","6.83","19.04","27.56","4.15","19.36","18.21","19.41","11.32","11.82","9.89","17.1","1.56","3.24","2.26","6.25","1.11","-3.51","-3.82","3.32","58.94","6.16","21.18","125.54","81.27"
"Kazakstan","","..","..","..","..","..","..","..","..","..","..","..","..","..","..","..","..","..","..","..","..","..","..","..","..","..","..","..","..","..","..","..","..","0.08","0.49","0.75","1.64","1.72","1.54","1.85","1.85","1.42","0.72","2.26","1.74","2.79","2.57","2.96","3.54","3.41","2.92","4.08","3.32","3.28","4.08"
"Kenya","","..","..","..","..","..","..","..","..","..","..","..","..","..","..","..","..","..","..","5.15","3.5","4.05","18.06","14.75","6.02","8.95","17.21","32.06","29.35","32.18","30.86","58.62","39.48","40.02","20.57","16.06","13.17","17.04","6","3.33","3.64","3.97","9.86","17.6","20.49","32.17","7.94","20.08","47.82","55.68","44.76","123.35","92.78","89.88","158.59"
"Kiribati","","..","..","..","..","..","..","..","..","..","..","..","..","..","..","..","..","..","..","..","..","..","..","..","..","..","..","..","..","..","..","..","..","..","..","..","..","0.01","0.01","..","..","0.02","..","0.06","0.04","0.04","..","..","..","..","..","..","..","..",".."
"Korea","","..","..","..","..","..","..","..","..","..","..","..","..","..","..","..","..","..","..","..","..","2.35","1.94","2.46","2.2","7.01","2.5","3.64","1.23","1.86","1.37","6.22","6.24","3.4","2.61","7.2","7.8","10.1","9.46","10.15","9.74","..","..","..","..","..","..","..","..","..","..","..","..","..",".."
"Korea, Dem. Rep.","","..","..","..","..","..","..","..","..","..","..","..","..","..","..","..","..","..","..","..","..","..","..","..","..","..","..","0.57","9.89","3.57","2.74","..","0.05","3.27","3.17","..","..","0.04","0.01","0.08","0.07","1.69","0.27","0.47","-0.4","-0.52","-0.37","0.61","0.32","1.24","0.27","0.7","1.49","1.28","1.86"
"Kosovo","","..","..","..","..","..","..","..","..","..","..","..","..","..","..","..","..","..","..","..","..","..","..","..","..","..","..","..","..","..","..","..","..","..","..","..","..","..","..","..","..","..","..","..","..","..","..","..","..","..","0.96","1.73","1.12","0.69","7.69"
"Kuwait","","..","..","..","..","..","..","..","..","..","..","..","..","..","..","..","..","..","..","..","..","0.45","0.41","0.55","0.6","0.93","0.9","1.49","1.02","1.01","1","1.3","0.36","1.11","1.05","1.24","1.48","..","..","..","..","..","..","..","..","..","..","..","..","..","..","..","..","..",".."
"Kyrgyz Republic","","..","..","..","..","..","..","..","..","..","..","..","..","..","..","..","..","..","..","..","..","..","..","..","..","..","..","..","..","..","..","..","..","0.04","0.15","0.13","0.13","0.25","1.24","3.55","0.29","0.39","0.18","0.44","0.71","0.91","0.82","1.06","1.03","0.98","0.9","1.52","0.8","0.77","1.62"
"Laos","","..","..","..","2","2.4","3.4","3.5","5.7","5.4","4.2","4.9","4.9","7.86","6.88","5.63","0.48","0.3","1.7","3.02","0.6","0.25","0.33","..","0.1","0.39","0.25","0.31","0.98","1.23","1.89","3.99","13.32","8.62","8.21","14.26","8.41","16.38","14.75","11.66","10.68","12.78","10.73","14.85","18.46","19.68","22.42","22.91","35.51","25.39","19.09","14.98","16.84","14.68","16.93"
"Lebanon","","..","..","..","..","..","..","..","..","1.7","..","-0.1","1","1.07","-0.2","-0.27","-0.32","-0.3","..","0.26","-0.2","16.35","14","7","17.47","15.15","8.96","14.79","19.17","31.62","27.27","25.89","10.47","25.11","26.49","36.36","30.56","41.25","39.7","39.89","40.27","31.07","27.09","33.23","46.82","58.63","57.61","74.27","102.63","305.82","102.45","59.69","55.3","80.55","50.68"
"Lesotho","","..","..","..","..","..","..","..","..","..","..","..","..","..","..","..","..","..","..","..","..","0.2","0.12","0.12","0.2","0.29","0.21","0.4","2.66","4.19","3.8","16.69","10.03","7.11","3.59","1.23","3.35","2.85","2","1.14","-0.25","-0.51","-0.21","-0.85","-0.76","-0.8","-1.31","-1.15","-1.02","-1.83","-1.54","-1.44","-1.52","-1.4","-1.55"
"Liberia","","..","..","..","..","..","..","..","..","..","..","..","..","..","..","..","..","..","..","..","..","0.75","0.82","1.1","3.57","1.57","1.08","0.71","0.83","0.71","1.2","0.95","0.63","0.56","1.1","1.54","0.38","0.42","0.88","1.34","0.03","0.8","1.49","1.74","1.29","0.82","0.55","2.05","1.13","26.84","0.3","232.04","1.31","0.88","0.57"
"Libya","","..","..","..","..","..","..","..","..","1.5","1.3","1.3","1.6","1.8","..","..","..","..","..","..","..","2.45","1.19","1.09","1.2","1.04","1","1.35","0.88","0.7","0.86","0.76","0.77","0.76","0.65","0.64","1.67","0.37","0.38","0.88","0.88","..","..","..","..","..","2.33","2.42","1.09","29.01","19.11","3.8","14.3","4.25","6.24"
"Macao","","..","..","..","..","..","..","..","..","..","..","..","..","..","..","..","..","..","..","..","..","..","..","..","..","..","..","..","..","..","..","..","..","..","0.01","..","..","0.02","..","0.01","..","..","..","..","..","..","..","..","..","..","..","..","..","..",".."
"Madagascar","","..","..","..","..","31.5","30.8","24.4","27.4","26","24.6","21.4","22.3","30.38","23.35","17.83","20.78","20.69","21.8","19.03","35.74","53.95","51.49","94.16","51.47","56.5","46.82","95.47","102.44","107.43","107.07","142.97","138.13","132","119.21","92.29","91.4","101.82","310.95","68.93","79.3","46.47","41.69","46.33","128.14","484.51","88.22","103.82","141.97","88.42","97.47","84.02","89.25","73.36","74.42"
"Malawi","","..","..","..","..","..","..","..","..","..","..","..","..","..","..","..","..","..","..","..","..","0.35","3.89","0.59","3.31","2.96","3.23","3.81","4.97","3.51","5.21","9.49","9.75","15.31","6.92","1.21","1.55","2.5","1.74","0.57","0.18","..","0.46","5.05","2.82","1.29","2.43","0.6","0.92","0.9","0.32","-1","0.15","0.03","-0.06"
"Malaysia","","..","..","..","..","..","..","..","..","..","..","..","..","2.2","..","1.66","3.38","0.04","0.56","0.4","-0.3","0.3","-0.11","1.6","15.02","17.01","15.93","6.9","8.14","6.37","3.15","2.49","-0.78","1.43","1.3","5.86","12.95","3.47","0.86","-1.83","-2.04","-2.76","-3.29","-2.71","-3.5","-2.41","-4.17","-2.96","-4.76","-9.22","-0.05","1.02","1.97","1.37","2.15"
"Maldives","","..","..","..","..","..","..","..","..","..","..","..","..","..","..","..","..","..","..","..","..","0.02","0.02","0.46","0.01","0.01","0.01","0.01","0.19","0.01","0.29","1.07","0.39","0.03","0.01","..","..","..","..","..","..","..","0.02","0.02","0.03","0.05","0.28","2.48","2.53","0.5","0.04","0.49","0.63","1.91","3.66"
"Mali","","..","..","..","..","5.9","7.8","5","7.9","10.1","11.3","5.7","8.3","16.95","17.77","20.84","23.78","23.07","25.1","32.41","30.53","44.6","52.28","28.31","27.88","129.9","120.93","66.61","65.19","77.56","108.16","129.14","92.45","89.66","80.16","90.73","81.7","82.3","63.17","59.69","58.24","98.1","60.82","63.57","69.89","81.52","83.61","81.62","214.02","81.9","74.72","77.56","73.45","41.16","81.89"
"Malta","","..","..","..","..","..","..","..","..","..","..","..","..","..","..","0.56","1.68","0.7","0.28","0.86","-0.1","0.4","0.18","0.61","0.08","0.1","0.05","0.11","0.1","0.08","0.3","0.54","-0.02","0.01","0.03","0.04","0.11","0.13","0.17","0.25","0.2","0.22","0.17","0.33","..","..","..","..","..","..","..","..","..","..",".."
"Marshall Islands","","..","..","..","..","..","..","..","..","..","..","..","..","..","..","..","..","..","..","..","..","..","..","..","..","..","..","..","..","..","..","..","..","..","..","..","..","..","..","..","..","..","..","..","..","..","0.01","..","0.01","..","..","..","..","..",".."
"Mauritania","","..","..","..","..","9.1","6.5","3.7","7.7","5.6","4.2","2.1","1.6","2.06","6.47","6.57","5.38","7.96","8.2","12.72","16.89","20.1","30.59","22.15","22.15","20.6","32.74","35.61","42.21","60.04","60.3","52.54","72.91","71.86","108.29","66.24","51.25","45.21","30.67","29.63","23.08","23.44","18.56","20.02","45.5","29.2","29.71","31.6","37.92","29.4","34.97","32.23","57.15","84.12","34.23"
"Mauritius","","..","..","..","..","..","..","..","..","..","..","..","0.8","1.25","2.63","5.5","8.19","8.03","9.5","14.94","12.63","13.1","38.41","15.77","17.43","16.72","11.76","28.57","22.43","27.58","25.5","32.31","51.16","31.17","17.62","7.42","16.11","7.33","10.61","8.13","10.34","9.49","3.16","-0.23","-20.49","12.3","3.4","2.74","39.79","15.81","43.18","53.98","100.53","83.72","62.24"
"Mayotte","","..","..","..","..","..","..","..","..","..","..","..","..","..","..","..","..","..","6.9","12.91","18.15","22.65","14.7","12.72","14.59","13.75","19.84","26.09","37.66","43.47","43.33","58.51","71.38","73.23","82.14","96.4","106.23","123.9","102.31","104.37","109.27","103.02","119.26","125.22","166.05","208.61","201.87","337.54","406.86","474.72","543.04","602.85","..","..",".."
"Mekong Delta Project","","..","..","..","..","..","..","..","..","..","..","..","..","..","..","..","..","..","..","..","..","..","..","..","..","..","..","..","..","..","..","..","..","..","..","..","..","..","..","..","..","..","..","..","..","..","..","..","..","..","..","..","..","..",".."
"Mexico","","..","..","..","..","..","0.3","3.2","9","14.9","1.2","4.5","-0.2","0.66","-1.9","2.89","0.49","1.5","-0.6","-2.9","19","15","46.74","17.29","16.5","8.61","27.94","86.27","37.99","35.14","12.36","51.07","77.69","35.11","51.98","35.77","27.13","6.47","10.34","10.83","12.17","-11.19","-2.7","-0.23","5.34","18.71","19.43","22.24","16.03","10.77","13.12","205.82","430.92","82.66","262.92"
"Micronesia","","..","..","..","..","..","..","..","..","..","..","..","..","..","..","..","..","..","..","..","..","..","..","..","..","..","..","..","..","..","..","..","..","..","..","..","..","..","..","..","..","0.01","..","0.01","0.02","0.01","..","..","..","..","..","..","..","..","0.02"
"Moldova","","..","..","..","..","..","..","..","..","..","..","..","..","..","..","..","..","..","..","..","..","..","..","..","..","..","..","..","..","..","..","..","..","..","..","..","..","..","..","0.85","0.82","1.03","1.08","2.29","2.71","4.19","4.48","6.63","7.26","7.32","7.03","6.44","6.97","6.54","6.46"
"Mongolia","","..","..","..","..","..","..","..","..","..","..","..","..","..","..","..","..","..","..","..","..","..","..","..","..","..","..","0.1","0.11","0.04","0.12","0.1","0.16","0.43","3.01","0.13","0.96","0.35","0.6","2.02","1.94","1.5","0.39","1.02","1.84","5.26","1.24","1.4","0.74","0.89","2.07","5.04","5.16","7.09","2.37"
"Montenegro","","..","..","..","..","..","..","..","..","..","..","..","..","..","..","..","..","..","..","..","..","..","..","..","..","..","..","..","..","..","..","..","..","..","..","..","..","..","..","..","..","..","..","..","..","..","..","3.63","6.52","9.94","1.12","0.63","0.54","0.59","0.17"
"Montserrat","","..","..","..","..","..","..","..","..","..","..","..","..","..","..","..","..","..","..","..","..","..","..","..","..","..","..","..","..","..","..","..","..","..","..","..","..","..","..","..","..","..","..","..","..","..","..","..","..","..","..","..","..","..",".."
"Morocco","","-0.1","12.5","29.6","43","59.9","40.5","31.3","14.9","10.8","19.3","19.2","27.9","34.05","38.26","33.92","108.11","88.64","79.2","104.68","85.63","134.65","108.27","90.9","98.94","100.24","158.03","131.68","189.24","156.52","157.38","217.45","263.36","196.02","201.82","151.94","195.11","290.69","154.13","198.87","223.68","154.69","174.37","145.84","205.03","218.12","196.98","301.41","218.77","163.21","238.1","254.43","523.85","507.31","681.99"
"Mozambique","","..","..","..","..","..","..","..","..","..","..","..","..","..","..","..","..","..","..","..","..","0.8","2.55","5.06","9.76","11.86","20.29","28.56","39.37","24.83","42.18","71.83","80.66","80.12","52.45","33.24","42.89","20.69","44.98","37.06","33.97","16.05","15.31","431.63","16.59","14.61","13.68","8.98","25.74","12.31","14.65","38.12","11","21.99","32.72"
"Myanmar (Burma)","","..","..","..","..","..","..","..","..","..","..","..","..","1.09","1.7","-0.19","-0.21","0.4","2.46","3.3","-0.3","2.2","12.82","4.17","2.33","2.07","6.94","5.12","9.03","6.24","0.85","9.74","7.95","3.33","3.36","1.95","4.33","2.13","1.85","1.81","1.61","1.16","1.19","1.52","1.21","1.97","1.38","1.49","1.66","5.82","2.06","1.99","3.34","4.94","579.45"
"Namibia","","..","..","..","..","..","..","..","..","..","..","..","..","..","..","..","..","..","..","..","..","..","..","..","..","..","..","0.04","0.14","0.01","0.59","1.2","4.02","3.73","6.15","7.52","3.04","3.77","6.61","10.57","4.69","3.12","3.22","3.04","2.93","4.26","3.44","1.96","2.75","1.86","50.13","0.42","-2.49","-2.17","-2.04"
"Nauru","","..","..","..","..","..","..","..","..","..","..","..","..","..","..","..","..","..","..","..","..","..","..","..","..","..","..","..","..","..","..","..","..","..","..","..","..","..","..","..","..","..","..","..","0.01","0.01","..","..","..","..","..","..","..","..",".."
"Nepal","","..","..","..","..","..","..","..","..","..","..","..","..","..","..","..","..","..","..","..","..","0.3","0.18","3.21","2.03","2.47","1.76","3.48","2.21","5.51","17.63","33.96","14.74","21.59","6.02","3.93","2.94","1.95","3.45","3.15","1.99","1.97","-0.61","-1.92","-0.87","-2.24","-2.23","-2.38","-2.42","-2.77","-3.41","-3.16","-3.35","-2.08","-2.9"
"Netherlands Antilles","","..","..","..","..","..","..","..","..","..","..","..","..","..","..","..","..","..","..","..","..","..","..","..","0.06","..","..","..","..","..","..","..","..","..","0.02","..","0.01","..","..","..","..","..","..","..","..","..","..","..","..","..","..","..","..","..",".."
"New Caledonia","","..","..","..","..","..","..","17.2","11.6","15.8","16.4","21.3","36.5","54.3","74.64","62.07","64.71","46.4","76.5","114.17","148.05","197.65","147.51","158.17","181.74","129.54","145.1","205.31","281.58","260.81","280.45","299.04","307.5","353.27","391.42","402.07","440.99","390.61","335.38","335.02","313.87","..","..","..","..","..","..","..","..","..","..","..","..","..",".."
"Nicaragua","","..","..","..","..","..","..","..","..","..","..","..","..","..","..","..","..","..","..","..","..","0.5","1.35","8.54","8.73","8.5","7.01","14.11","9.21","2.29","3.56","4.5","4.32","19.81","11.87","7.77","15.91","10.18","1.21","14.66","6.93","3.35","2.82","0.88","26.27","65.25","1.93","1.92","2.91","1.35","1.13","0.96","1.37","1","0.92"
"Niger","","..","..","..","..","11.1","13.1","12.7","11.4","14.4","22","15.7","14.2","15.23","17.81","29.89","37.7","34.48","22.2","29.15","41.06","48.5","55.23","39.13","28.51","40.48","46.42","54.56","65.44","66.56","60.23","80.09","115.83","103.08","86.78","136.07","73.44","86.84","94.58","66.11","44.85","41.33","36.95","34.42","155.92","195.8","70.22","88.79","56.72","67.83","57.4","49.98","47.28","101.97","67.02"
"Nigeria","","..","..","..","..","..","..","..","..","..","..","..","..","..","..","..","..","..","..","..","..","4.8","4.11","4.03","4.5","4.34","3.85","5.8","6.79","7.19","5.37","6.29","6.13","18.8","7.6","10.24","15.56","6.08","3.98","3.04","5.16","4.1","14.81","8.79","7.99","7.38","1422.89","2027.15","11.8","11.87","9.06","8.88","10.56","7.15","45.89"
"Niue","","..","..","..","..","..","..","..","..","..","..","..","..","..","..","..","..","..","..","..","..","..","..","..","..","..","..","..","..","..","..","..","..","..","..","..","0.05","..","..","..","..","..","..","0.06","..","0.68","..","..","..","..","..","..","..","..",".."
"Northern Marianas","","..","..","..","..","..","..","..","..","..","..","..","..","..","..","..","..","..","..","..","..","..","..","..","..","..","..","..","..","..","..","..","..","..","..","..","..","..","..","..","..","..","..","..","..","..","..","..","..","..","..","..","..","..",".."
"Oman","","..","..","..","..","..","..","..","..","..","..","..","..","..","..","..","..","..","..","..","..","0.2","0.17","0.36","0.2","0.19","0.2","0.27","0.24","0.38","0.35","0.48","0.54","0.47","0.39","0.59","0.39","0.6","0.39","0.74","0.55","0.71","0.45","0.58","0.65","1.02","0.92","0.81","0.87","0.7","0.74","0.82","..","..",".."
"Pakistan","","..","..","..","..","..","..","..","..","..","0.4","2.8","3.6","1.16","2.1","8.08","18.14","28.3","21.7","24.95","14.82","14.2","16.91","23.89","10.05","8.17","5.44","15.11","34.06","60.7","19.52","5.67","-0.81","40.28","75.3","105.73","38.94","5.35","-5.06","9.08","8.17","19.63","13.85","2.45","11.73","5.11","19.68","15.83","52.44","9.37","8.75","14.44","15.03","23.01","35.6"
"Palau","","..","..","..","..","..","..","..","..","..","..","..","..","..","..","..","..","..","..","..","..","..","..","..","..","..","..","..","..","..","..","..","..","..","..","..","..","..","..","..","0.03","..","..","..","..","..","..","..","..","..","..","..","..","..",".."
"Panama","","..","..","..","..","..","..","..","..","..","..","..","..","..","..","..","..","..","..","..","..","0.3","0.2","0.05","0.4","0.51","0.45","0.65","4.37","0.84","0.63","0.53","0.38","0.85","0.65","0.45","0.33","0.39","0.31","0.27","0.13","0.28","0.38","0.78","0.73","0.51","0.34","0.29","0.22","0.24","0.12","0.14","0.52","0.07","0.34"
"Papua New Guinea","","..","..","..","..","..","..","..","..","..","..","..","..","..","..","..","..","..","..","..","..","0.25","0.2","0.25","0.1","0.12","1.14","0.21","0.23","0.51","0.5","0.76","0.51","0.58","0.54","0.27","0.19","0.51","0.38","0.52","0.27","0.36","0.34","0.6","0.26","0.24","0.12","0.09","0.05","-0.06","0.13","0.16","0.11","0.22","0.16"
"Paraguay","","..","..","..","..","..","..","..","..","..","..","..","..","..","..","..","..","..","..","..","..","0.4","0.36","15.12","0.3","2.38","0.25","0.5","1.17","4.76","1.12","3.24","0.85","-3.38","0.31","-0.05","0.24","0.18","0.17","0.6","0.63","0.68","0.04","0.24","0.86","-0.39","0.4","0.84","3.45","0.94","0.64","0.13","0.42","0.22","0.52"
"Peru","","..","..","..","..","..","..","..","..","..","5.2","6.5","5.7","-0.45","-3.3","0.77","-5.16","2.8","2.66","0.02","6.4","5.15","11.44","14.08","6.99","8.96","3.45","3.9","3.72","3.82","4.65","6.52","7.14","7.8","24.27","12.48","22.64","11.6","17.43","21.29","7.47","6.26","3.16","4.85","8.96","12.78","6.41","11.39","6.21","9.27","9.03","10.1","10.98","10.65","9.74"
"Philippines","","..","..","..","..","..","..","..","..","..","..","..","..","..","..","..","..","..","..","..","..","5.6","9.07","2.26","0.74","0.86","0.9","1.43","1.19","1.4","9.37","32.18","13.57","43.5","19.74","15.35","35.84","27.35","12.18","24.4","9.59","5.85","0.65","-2.44","-5.65","-6.87","-8.52","-9.26","-4.14","-5.59","-7.29","189.43","-10.38","-10.28","-8.06"
"Qatar","","..","..","..","..","..","..","..","..","..","..","..","..","..","..","..","..","..","..","..","..","0.2","0.34","0.27","0.4","0.49","0.4","0.65","0.7","0.59","0.53","0.54","0.7","0.65","0.66","0.85","1.19","..","..","..","..","..","..","..","..","..","..","..","..","..","..","..","..","..",".."
"Rwanda","","..","..","..","..","..","..","0.3","..","0.8","0.9","1.2","1.2","1.64","3.05","5.11","11.95","7.5","6.9","9.18","11.69","15.8","21.51","11.84","9.17","9.37","15.44","19.98","31.76","22.07","17.79","33.92","39.92","26.7","30.32","24.26","5.1","10.33","10.74","27.9","5.4","7.53","6.11","6.61","7.86","7.31","9.39","10.58","5.43","3.99","3.48","4.12","5.3","6.23","6.15"
"Samoa","","..","..","..","..","..","..","..","..","..","..","..","..","..","..","..","..","..","..","..","..","0.15","0.09","..","0.05","0.05","0.05","0.11","1.1","..","0.15","0.37","0.42","0.38","0.23","..","0.17","0.23","0.2","0.12","0.13","0.12","-0.02","0.18","0.01","..","0.02","-0.01","0.04","0.05","-0.01","-0.03","0.22","-0.01",".."
"Sao Tome & Principe","","..","..","..","..","..","..","..","..","..","..","..","..","..","..","..","..","0.44","0.4","0.82","0.61","0.55","0.61","1.13","2.4","1.36","1.45","2.78","2.43","4.33","5.56","9.31","9.34","7.8","8.09","10.58","11.56","10.55","6.94","4.76","4.45","3.58","3.64","3.79","4.29","4.95","3.61","3.13","4.37","3.44","2.23","2.38","2.22","2.15","2.03"
"Saudi Arabia","","..","..","..","..","..","..","..","..","..","..","..","..","..","..","..","..","..","..","..","..","1.55","2.42","2.73","2.3","2.5","5.05","3.25","3.7","3.62","3.13","3.63","3.34","4.01","4.02","3.92","4.09","2.07","1.61","3.61","3.39","2.57","2.86","3.7","4.55","6.78","6.07","4.48","7.04","..","..","..","..","..",".."
"Senegal","","..","..","..","..","41.8","32","26.9","29.7","28.5","28.8","20.1","12.8","24.86","24.14","44.85","61.33","58.29","54.7","76.74","81.33","107.7","124.68","95.58","87.27","87.56","80.1","141.17","154.12","167.29","255.02","230.31","255.97","229.15","193.41","280.76","228.12","177.61","142.23","142.28","226.39","147.19","102.37","104.47","119.5","509.77","156.99","287.47","176.66","189.03","140.88","157.23","177.32","304.33","189.57"
"Serbia","","..","..","..","..","..","..","..","..","..","..","..","..","..","..","..","..","..","..","..","..","..","..","..","..","..","..","..","..","..","..","..","..","..","..","..","1.33","3.19","3.08","3.24","3.01","10.94","21.37","103.74","207.89","8.95","11.34","109.76","7.3","17.82","12.66","13.95","11.27","10.8","8.19"
"Seychelles","","..","..","..","..","..","..","..","..","..","..","..","..","..","..","..","..","0.04","1.1","4.9","9.47","6.4","2.92","4.28","5.08","4.23","5.63","7.6","9.97","8.05","4.41","12.68","6.98","4","3.02","3.06","2.93","3.69","3.38","-0.2","2.16","1.8","2.43","3.23","4.61","5.18","5.01","2.52","0.67","2.93","2.31","10.48","2.39","1.56","4.13"
"Sierra Leone","","..","..","..","..","..","..","..","..","..","..","..","..","..","..","..","..","..","..","..","..","3.5","2.39","1.93","0.89","1.28","0.85","1.68","1.18","2.59","2.35","2.53","1.99","6.38","4.97","9.68","5.81","3.42","2.85","1.39","0.49","0.73","1.97","3.64","1.39","3.48","2.08","1.93","41.7","1.26","0.32","0.32","0.43","0.06","0.44"
"Singapore","","..","..","..","..","..","..","..","..","..","..","..","..","..","..","..","..","..","..","..","..","1.45","1.93","2.26","2.2","2.53","1.8","2.63","2.93","2.13","2.62","2.43","2.85","2.89","2.99","3.57","2.31","..","..","..","..","..","..","..","..","..","..","..","..","..","..","..","..","..",".."
"Slovenia","","..","..","..","..","..","..","..","..","..","..","..","..","..","..","..","..","..","..","..","..","..","..","..","..","..","..","..","..","..","..","..","..","..","..","..","0.54","0.72","0.66","0.93","0.9","0.85","0.74","1.4","..","..","..","..","..","..","..","..","..","..",".."
"Solomon Islands","","..","..","..","..","..","..","..","..","..","..","..","..","..","..","..","..","..","..","..","..","..","..","..","..","..","..","0.02","..","..","..","..","..","0.16","0.54","1.07","0.18","0.34","..","-0.11","-0.18","-0.18","-0.37","-0.01","-0.22","-0.21","-0.6","0.03","0.03","0.02","..","..","0.54","0.03",".."
"Somalia","","..","..","..","..","..","..","..","..","..","..","..","..","..","..","..","..","..","..","..","0.02","1.55","7.32","4","8.12","2.06","1.7","9.77","10.15","6.69","2.74","3.06","2.22","14.81","3.99","3.13","4.68","1.26","1.5","0.84","0.71","0.57","0.5","0.39","0.76","0.4","0.55","1.69","6.16","8.49","4.73","3.5","2.93","1.81","3.14"
"South Africa","","..","..","..","..","..","..","..","..","..","..","..","..","..","..","..","..","..","..","..","..","..","..","..","..","..","..","..","..","..","..","..","..","..","..","1.88","17.86","13.42","34.01","36.66","27.84","18.36","1.27","25.35","20.16","2.48","28.23","158.77","105","32.93","-15.56","47.63","143.92","57.76","301.02"
"South Sudan","","..","..","..","..","..","..","..","..","..","..","..","..","..","..","..","..","..","..","..","..","..","..","..","..","..","..","..","..","..","..","..","..","..","..","..","..","..","..","..","..","..","..","..","..","..","..","..","..","..","..","..","0.26","3.52","1.39"
"Sri Lanka","","..","..","..","..","..","..","..","..","..","..","..","..","1.58","2.1","3.61","4.53","6.34","0.7","2.89","6.2","6.45","17.23","1.97","5.05","2.91","3.36","8.83","7.13","12.62","1.27","10.95","2.18","9.18","1.43","-0.17","0.9","-1.58","1.56","0.39","-0.73","0.2","0.76","-2.52","-1.32","4.66","8.26","-0.7","6.54","19.61","12.69","45.13","11.54","18.42","13.67"
"St. Helena","","..","..","..","..","..","..","..","..","..","..","..","..","..","..","..","..","..","..","..","..","..","..","..","..","..","..","..","..","..","..","..","..","..","..","..","..","..","..","..","..","0.02","0.2","..","..","..","..","..","..","..","..","..","..","..",".."
"St. Kitts-Nevis","","..","..","..","..","..","..","..","..","..","..","..","..","..","..","..","..","..","..","..","..","..","..","..","..","..","..","..","..","..","..","..","..","..","..","0.55","0.34","0.94","0.2","0.29","0.24","0.05","0.03","0.08","0.14","0.04","-0.04","0.01","-0.03","0.36","-0.05","-0.08","-0.02","..",".."
"St. Lucia","","..","..","..","..","..","..","..","..","..","..","..","..","..","..","..","..","..","..","..","..","0.3","0.19","0.07","0.1","0.03","0.78","0.06","0.03","0.01","0.01","0.11","8.55","10","4.98","3.95","3.54","7.74","4.45","3.67","-0.25","-0.5","-0.56","3.59","-0.18","2.17","2.76","-0.14","1.52","-2.36","-2.5","-2.36","-1.98","-0.87","-0.14"
"St.Vincent & Grenadines","","..","..","..","..","..","..","..","..","..","..","..","..","..","..","..","..","..","..","..","..","..","0.11","0.07","0.07","0.01","0.02","0.03","0.01","0.01","0.01","0.01","0.57","0.45","3.05","1.4","0.75","1","0.52","0.08","0.36","0.87","0.3","0.49","2.23","1.03","0.53","0.65","0.25","-0.34","-1.18","-1.08","-1.1","-0.98","-1.02"
"Sts Ex-Yugo. Unspec.","","6","..","..","..","..","..","0.2","0.8","..","..","..","..","14.6","3.8","-3.26","-3.66","-0.1","-3.2","-3.5","-0.07","-0.04","1.64","2.25","2.36","1.94","2.2","3.11","3.39","3.29","3.35","4.4","4.89","8.26","10.62","5.4","1.62","..","..","2","32.02","2.87","1","0.11","1.51","2.43","2.45","1.01","1.53","3.57","2.3","2.1","0.02","0.16",".."
"Sudan","","..","..","..","..","..","..","..","..","..","..","..","..","..","..","..","..","..","..","..","1.2","7.7","13.96","14.03","19.6","7.51","5.53","8.45","4.92","7.29","10.43","6.36","4.83","5.78","6.07","5.16","3.85","4.99","2.99","3.94","2.66","6.45","1.84","2.4","3.95","11.63","18.17","14.71","13.8","11.2","10.36","10.08","8.48","12.68","8.15"
"Suriname","","..","..","..","..","..","..","..","..","..","..","..","..","..","..","..","..","..","..","..","..","0.1","0.09","0.25","0.05","0.06","0.05","0.05","0.16","0.06","0.05","0.07","0.04","0.81","0.6","0.12","0.02","0.03","0.04","0.09","0.11","0.12","0.16","0.26","0.66","1.13","1.22","1.65","3.55","0.58","4.16","0.72","14.17","14.57","14"
"Swaziland","","..","..","..","..","..","..","..","..","..","..","..","..","..","..","..","..","..","..","..","..","0.1","0.05","0.1","0.06","0.14","0.7","0.98","0.32","0.04","0.2","0.16","0.06","0.06","0.16","0.03","-0.01","-0.04","-0.03","-1.77","0.08","0.04","0.04","0.03","0.02","0.08","0.18","0.22","0.3","0.3","0.16","0.16","0.21","0.12","0.12"
"Syria","","..","..","..","..","..","..","..","..","..","..","..","..","..","..","..","..","7.3","..","0.15","-0.4","10.35","4.73","6.22","6.24","7.09","7","12.47","12.96","10.08","11.37","15.9","13.26","12.76","11.77","11.68","12.49","13.07","11.13","12","12.75","13.23","14.63","13.48","19.96","23.71","25.96","27.38","31.68","26.67","25.7","23.05","22.2","26.12","20.48"
"Tajikistan","","..","..","..","..","..","..","..","..","..","..","..","..","..","..","..","..","..","..","..","..","..","..","..","..","..","..","..","..","..","..","..","..","0.19","0.04","0.05","0.01","0.02","0.09","0.01","0.02","0.02","0.01","0.21","0.17","0.26","0.58","0.55","4.68","5.89","4.68","0.19","0.19","3.6","3.88"
"Tanzania","","..","..","..","..","..","..","..","..","..","..","..","..","..","..","..","..","..","..","..","..","7","9.24","6.18","4.99","5.57","1.47","2","5.16","2.63","18.3","4.48","11.06","28.72","20.37","9.95","20.22","3.46","79.64","7.5","4.93","15.8","13.13","15.98","1.55","119.95","2.48","2.03","2.96","4.78","7.9","21.34","19.96","24.52","7.99"
"Thailand","","..","..","..","..","..","..","..","..","..","..","..","..","..","3","9.68","..","..","..","..","5.75","3.45","3.92","6.59","2.84","8.54","7.63","5.08","7.65","11.68","7.06","115.38","64.85","86.19","32.03","11.28","8.33","10.43","8.24","6.47","-2.64","-10.94","-10.27","-7.11","-4.06","-0.51","1.99","64.92","5.16","-2.86","-11.71","-13.57","-12.61","-10.31","4.92"
"Timor-Leste","","..","..","..","..","..","..","..","..","..","..","..","..","..","..","..","..","..","..","..","..","..","..","..","..","..","..","..","..","..","..","..","..","..","..","..","..","..","..","..","0.6","0.53","0.1","..","0.16","0.15","0.19","0.08","0.5","0.52","0.13","0.12","0.17","0.24","0.25"
"Togo","","..","..","..","..","4.5","4.6","2","3.1","3.2","4.6","0.8","2.1","6.79","8.9","9.6","11.05","11.73","13.3","17.28","17.73","21.6","18.31","20.42","23.84","28.34","18.08","31.7","31.06","76.71","41.62","91.04","71.67","57.63","44.42","36.54","67.95","35.98","32.63","31.62","19.54","28.77","10.33","18.68","21.2","26.51","29.73","33.34","33.67","127.68","40.51","168.02","36.78","22.55","25.25"
"Tokelau","","..","..","..","..","..","..","..","..","..","..","..","..","..","..","..","..","..","..","..","..","..","..","..","..","..","..","..","..","..","..","..","..","..","..","..","..","..","..","..","..","..","..","0.06","..","..","..","..","..","..","..","..","..","..",".."
"Tonga","","..","..","..","..","..","..","..","..","..","..","..","..","..","..","..","..","..","..","..","..","0.15","0.09","0.15","0.1","..","0.35","0.04","..","..","0.68","0.3","0.15","0.22","0.24","0.09","0.21","0.21","0.42","0.56","0.32","-0.04","-0.07","0.02","-0.05","-0.05","-0.07","-0.07","-0.08","-0.08","-0.08","0.05","..","..","0.09"
"Trinidad & Tobago","","..","..","..","..","..","..","..","..","..","..","..","..","..","..","..","..","..","..","..","..","0.5","0.23","0.12","0.4","0.33","0.2","0.29","0.31","0.31","0.3","0.44","0.28","0.41","0.3","0.52","0.32","0.86","0.5","0.5","0.54","0.83","0.92","0.78","1.11","1.68","1.22","1.17","4.37","1.66","1.13","0.48","..","..",".."
"Tunisia","","..","15.1","15.8","28.7","20","20","14.4","8.9","11.7","20.3","23.8","21.4","29.26","40.82","37.86","40.1","52.47","52.1","63.67","59.28","79.3","50.17","51.97","37.34","50.92","49.51","57.63","56.4","43","54.63","76.15","79.04","103.1","74.59","76.67","86.29","58.75","60.3","90.37","103.55","92.87","87.55","96.61","107.55","141.38","181.84","176.3","127.94","160.46","169.98","126.8","304.36","242.48","66.9"
"Turkey","","..","..","..","..","6.1","..","7.5","7.1","2.9","3.5","2.7","6.7","4.37","-2.6","3.55","0.61","0.9","1.1","2.3","-3","33.2","17.85","21.74","16.38","4.55","0.8","7.95","10.37","19.87","37.39","65","50.8","54.34","52.29","43.11","18.28","31.53","22.41","28.61","23.42","7.79","3.07","9.1","8.19","10.66","54.55","32.85","134.23","293.77","154.62","88.39","244.6","-21.34","-35.49"
"Turkmenistan","","..","..","..","..","..","..","..","..","..","..","..","..","..","..","..","..","..","..","..","..","..","..","..","..","..","..","..","..","..","..","..","..","..","..","0.01","..","0.29","0.22","0.3","0.32","0.18","0.28","0.44","0.35","0.77","0.68","0.8","0.38","0.29","0.19","0.13","0.16","0.12","0.32"
"Turks & Caicos Islands","","..","..","..","..","..","..","..","..","..","..","..","..","..","..","..","..","..","..","..","..","..","..","..","..","..","..","..","..","..","..","..","..","..","..","..","..","..","..","..","..","..","..","..","..","..","..","..","..","..","..","..","..","..",".."
"Tuvalu","","..","..","..","..","..","..","..","..","..","..","..","..","..","..","..","..","..","..","..","..","..","..","..","..","..","..","..","..","..","..","..","..","..","..","0.01","0.01","0.02","0.13","0.28","0.26","0.29","..","..","0.04","..","0.07","..","..","..","..","..","..","..",".."
"Uganda","","..","..","..","..","..","..","..","..","..","..","..","..","..","..","..","..","..","..","..","..","4.1","6.78","3.26","1.72","1.85","1.7","1.06","1.06","2.6","5.72","7.23","10.04","7.26","6.03","2.96","9.6","12.76","5.15","2.92","1.56","7.58","6.52","5.48","4.65","6.18","7.63","5.39","8.98","17.44","14.57","1.77","0.6","-0.14","2.58"
"Ukraine","","..","..","..","..","..","..","..","..","..","..","..","..","..","..","..","..","..","..","..","..","..","..","..","..","..","..","..","..","..","..","..","..","..","..","..","..","..","..","..","..","..","..","..","..","..","10.04","14.31","6.53","25.02","19.49","21.54","36.12","14.54","13.87"
"United Arab Emirates","","..","..","..","..","..","..","..","..","..","..","..","..","..","..","..","..","..","..","..","..","0.3","..","0.62","1.1","1.35","0.77","1.72","2.85","1.4","1.23","1.39","2.09","1.63","0.79","1.61","1.99","..","..","..","..","..","..","..","..","..","..","..","..","..","..","..","..","..",".."
"Uruguay","","..","..","..","..","..","..","..","..","..","..","..","..","..","..","..","..","..","..","..","..","0.5","0.67","0.73","1.5","1.18","1.66","6.14","2.33","3.47","4.73","7.41","5.8","8.19","5.5","4.89","4.67","4.25","3.14","1.46","1.81","1.62","1.36","2.39","1.96","3.28","3.69","6.34","2.88","1.36","1.4","1.15","0.1","1.14","1.06"
"Uzbekistan","","..","..","..","..","..","..","..","..","..","..","..","..","..","..","..","..","..","..","..","..","..","..","..","..","..","..","..","..","..","..","..","..","0.1","0.38","1.11","0.83","1.75","1.64","2.18","2","4.21","3.74","1.58","2.3","3.11","3.12","2.68","2.81","2.95","2.87","2.25","1.93","1.82","2.09"
"Vanuatu","","..","..","..","..","..","..","..","..","0.1","0.3","0.3","1.4","0.25","0.2","9.01","3.51","19.44","2.6","3.12","20.75","19.25","10.82","9.37","8.15","7.93","5.88","6.92","8.44","5.16","5.03","9.23","10.4","9.52","7.77","11.07","10.28","9.07","7.58","8.12","5.61","8.38","6","5.54","4.14","5.51","4","5.14","10.54","11.07","6.14","3.56","2.16","2.83","3.57"
"Venezuela","","..","..","..","..","..","..","..","..","..","..","..","..","..","..","..","..","..","..","0.55","..","3.5","3.42","2.82","3.35","3.65","2.7","3.34","3.71","3.3","2.63","4.39","7.23","7.46","8.14","4.68","8.11","4.63","3.67","5.99","3.73","3.45","3.28","5.02","6.39","6.58","6.53","6.07","6.78","6.64","7.13","6.85","7.47","7.31","7.69"
"Vietnam","","5.4","..","..","5.4","11.4","7.3","4.9","3.1","3","1.8","2.9","3.3","1.77","6.07","8.27","9.76","2.41","25.3","23.77","44.93","15.05","13.41","3.84","3.98","3.96","2.75","3.9","5.94","4.9","6.09","11.94","14.46","19.62","31.27","179.75","94.06","67.33","63.88","66.18","79.17","52.92","61.79","77.8","99.01","106.78","96.42","159.38","154.46","165.59","142.91","242.42","220.45","135.34","177.27"
"Virgin Islands (UK)","","..","..","..","..","..","..","..","..","..","..","..","..","..","..","..","..","..","..","..","..","..","..","..","..","..","..","..","..","..","..","..","..","..","..","..","..","..","..","..","..","..","..","..","..","..","..","..","..","..","..","..","..","..",".."
"Wallis & Futuna","","..","..","..","..","..","..","..","..","..","..","..","..","..","..","4.8","1.87","4.75","3.6","2.46","7.7","8.3","8.32","7.12","0.44","0.45","-0.02","-0.02","0.93","-0.03","-0.01","..","..","0.32","..","..","0.03","..","..","46.45","50.05","52.08","50.28","52.65","53.51","71.47","71.62","101.93","116.99","129.79","117.44","123.09","122.45","113.48","102.3"
"West Bank & Gaza Strip","","..","..","..","..","..","..","..","..","..","..","..","..","..","..","..","..","..","..","..","..","..","..","..","..","..","..","..","..","..","..","..","..","..","..","2.34","5.67","9.59","12.77","16.71","12.04","14.22","12.68","15.59","22.18","25.19","29.87","39.98","55.93","74.16","79.21","69.29","63.33","71.53","66.06"
"Yemen","","..","..","..","..","..","..","..","..","..","..","..","..","..","..","..","..","..","..","1.01","2.6","5.15","2.67","2.51","4.37","4.92","5.37","5.14","3.92","8.84","3.24","16.51","20.12","18.32","36.39","14.17","14.58","11.83","12.83","9.99","14.09","6.49","1.61","4.2","4.08","3.67","6.19","6.1","5.83","4.7","5.86","6.95","4.55","3.39","2.35"
"Zambia","","..","..","..","..","..","..","..","..","..","..","..","..","..","..","..","..","..","..","..","..","0.8","0.52","0.95","0.8","1.73","0.68","3.28","1.56","1.48","1.41","21.39","20.03","14.53","14.35","11.49","8.03","1.73","3.11","10.43","17.69","13","7.67","10.13","2.11","103.8","15.81","63.71","1.11","1.22","7.37","0.84","0.82","0.8","0.6"
"Zimbabwe","","..","..","..","..","..","..","..","..","..","..","..","..","..","..","..","..","..","..","..","..","0.95","0.29","8.36","8.83","6.66","5.28","5.11","14.67","10.98","10.85","16.47","16.99","11.91","6.25","9.9","9.99","6.26","-0.77","-0.8","0.17","3.21","1.99","3.22","5.16","3.14","3.64","3.57","15.45","7.39","4.61","3.03","1.82","2.18","2.91"
"North of Sahara, regional","","29.2","0.7","..","..","..","..","1.5","..","..","..","..","..","..","..","16.27","5.12","5.77","6","7.64","9.54","2.7","..","9.79","39.5","0.22","12.15","0.01","10.52","10.49","17.18","3.02","2.89","2.37","0.48","6.59","14.59","3.37","2.85","0.26","0.27","3.79","2.58","13.38","31.91","50.44","26.17","8.67","18.77","16.73","17.21","16.17","24.35","25.79","24.54"
"South of Sahara, regional","","307.5","304","325.9","337.3","138.7","69.9","67.8","283.2","77.4","78.4","92.2","124.9","106.84","128.51","85.54","85.82","68.41","97.4","138.25","153.53","95.35","68.82","203.95","143.76","96.64","171.11","233.19","292.81","360.28","388.08","354.16","413.52","381.93","281.63","283.27","245.77","351.32","234.6","136.26","46.9","60.29","47.41","162.96","216.58","196.51","201.28","54.42","175.9","231.97","193.95","175.28","272.8","234.31","169.61"
"Africa, regional","","..","..","..","..","4.2","10.9","6.8","..","..","..","..","..","..","5.8","..","..","..","-0.6","-0.2","2.13","-0.2","..","4","..","..","..","..","..","..","..","..","..","..","..","..","5.11","..","..","82.43","6.86","51.55","56.63","57.93","40.31","72.41","21.61","159.4","115.23","116.81","126.26","104.75","114.54","102.77","108.12"
"N. & C. America, regional","","..","..","..","..","..","12.6","..","..","3.7","3.2","3","4.4","5.35","..","..","9.64","5.38","5.8","8.28","9.66","0.9","..","..","1.95","0.03","42","2.19","22.86","20.84","1.28","0.12","0.51","2.35","..","7.85","1.17","..","..","1.46","4.17","2.68","0.1","7.99","18.11","55.18","76.38","4.9","23.6","14.96","20.51","23.58","29.76","21.8","17.22"
"South America, regional","","..","..","..","..","..","..","4.5","..","11.9","12.2","10.8","10.9","13.1","..","2.59","9.43","10.71","10.2","12.74","15.16","2.1","0.72","22.33","2.9","7.57","4","0.56","1.39","0.39","2.43","3.87","4.94","..","..","..","117.66","..","3.61","1.13","1","8.41","11.08","2.43","17.52","21.16","20.51","2.53","3.14","4.96","11.19","12.45","12.45","15.45","8.45"
"America, regional","","41.4","42.8","64.5","87.2","118.6","102","8.1","11.2","..","..","..","..","..","12.87","12.52","..","..","..","..","..","..","..","4.19","25.2","..","..","..","..","..","..","..","..","3.5","1.28","..","..","4.2","..","14.8","9.41","0.32","..","8.73","0.01","0.04","0.02","38.4","0.55","0.66","0.22","0.22","0.33","..","0.21"
"Middle East, regional","","..","..","..","..","4.2","3.6","5.2","4.9","8.1","6.9","6.3","6.2","8.2","6.48","8.02","10.85","12.34","13","17.99","21.88","1.05","0.64","6.57","0.8","0.42","33.25","1.35","26.11","12.9","4.51","7.83","23.67","9.28","9.34","10.52","23.59","16.26","14.66","1.99","1.99","8.34","1.54","4.28","18.41","4.36","4.59","11.78","12.96","20.26","12.47","13.45","8.35","11.95","14.37"
"Central Asia, regional","","..","..","..","..","..","..","..","..","..","..","..","..","..","..","..","..","..","..","..","..","..","..","..","..","..","..","..","..","..","..","..","..","..","..","..","..","..","..","..","..","..","..","..","..","..","..","0.01","..","..","..","0.13","..","..",".."
"South Asia, regional","","..","..","..","..","..","..","..","..","..","..","..","..","..","..","..","..","..","..","..","..","..","..","..","..","..","..","..","..","..","..","..","..","..","..","..","..","..","..","..","..","..","..","..","..","..","..","0.02","..","0.05","..","..","0.72","0.73","0.04"
"South & C.Asia, regional","","..","..","..","..","..","..","1.2","1.8","3.1","..","4.2","4.9","5.44","..","0.92","2.99","3.29","3.1","2.59","3.83","0.4","..","0.55","..","0.05","2.22","0.04","..","2.86","0.57","0.73","0.77","..","..","0.01","..","..","..","..","..","..","0.06","40.23","98.47","92.3","113.3","11.76","118.28","99.21","107.26","129.02","120.45","134.35","115.56"
"Far East Asia, regional","","..","10.6","8.1","..","..","5.2","..","..","0.5","1.9","1.2","1.7","2.87","..","2.63","19.11","11.38","8.4","10.73","13.22","3.75","1.8","4.9","4.1","13.17","5","0.61","1.33","0.06","3.37","7.32","4.14","..","..","..","15.48","..","..","1.81","2.15","1.17","3.16","25.61","46.84","57.1","35.59","5.99","25.2","15.3","27.88","26.66","33.37","30.83","23.93"
"Asia, regional","","..","..","..","..","2.8","..","2.7","6.1","..","..","..","..","..","4.57","4.36","..","..","..","..","0.02","..","..","4.29","29","..","..","..","..","..","..","..","3.38","2.25","1.12","5.75","..","6.25","6.18","13.51","9.34","9.74","11.81","9.51","9.81","1.94","27.41","125.01","1.98","3.12","0.89","0.76","1.41","0.92","0.55"
"Europe, regional","","..","..","..","..","7.4","4.7","9.3","10","25","30.3","24.5","14.9","8.98","-0.1","-1.6","-5.52","-4.3","0.9","-1.52","0.02","4.02","-0.38","12.06","17.75","9.94","8.76","7.77","13.17","8.61","8.25","11.58","5.32","5.98","8.68","4.12","3.82","0.69","1.03","0.09","0.27","6.6","1.51","40.95","114.63","135.7","168.58","119.7","64.28","57.43","78.5","79.8","134.49","98.79","112.92"
"Oceania, regional","","15.1","16.4","18.9","18.1","24.2","31","3","3.5","1.3","1.2","1.2","1.3","6.73","..","0.48","0.56","..","8.4","37.23","0.47","0.15","2.76","3.34","8","0.66","2.4","1.45","38.59","1.61","0.39","0.08","1.33","0.77","0.86","1.02","0.08","32.39","3.04","6.13","1.24","3.38","2.97","2.26","3.64","34.89","33.52","3.78","5.15","6.82","19.75","18.82","16.59","18.34","17.64"
"West Indies, regional","","..","..","..","..","..","..","..","..","..","..","..","..","..","..","..","..","..","..","..","..","..","..","..","..","..","..","..","..","..","..","..","..","..","..","..","..","..","..","..","2.15","0.34","0.41","..","0.03","0.02","..","..","..","..","0.16","..","2.95","..",".."
"Developing Countries, Unspecified","","18.6","32","33.7","42","..","9.2","3.8","12.7","41.1","37.5","41.4","23.5","0.81","38.12","0.29","13.33","9.18","18.3","42.26","160.33","140.79","251.46","177.9","216.68","437.46","264.48","336.63","535.11","439.56","463.16","412.69","511.7","641.17","683.57","819.99","838.42","767.8","650.1","529.89","649.21","471.74","579.85","319.46","421.12","646.77","664.99","501.32","487.16","1021.57","1152.4","1276.85","1273.15","1117.21","1036.25"
"MADCT Unallocated","","..","..","..","..","..","..","..","..","..","..","..","..","..","..","..","..","..","..","..","..","..","..","..","..","..","..","..","..","..","..","..","..","..","..","..","..","..","..","..","..","..","..","..","..","..","..","..","..","..","..","..","..","..",".."
"AfDB (African Dev.Bank)","","..","..","..","..","..","..","..","..","..","..","..","..","..","..","..","..","..","..","..","..","..","..","..","5.9","5.15","4.96","6.44","7.42","5.08","0.59","5.82","5.41","6.08","5.67","..","..","..","..","..","3.25","2.82","2.74","2.89","3.47","3.94","18.8","17.78","4.38","22.07","..","..","19.8","23.32","20.23"
"AfDF (African Dev.Fund)","","..","..","..","..","..","..","..","..","..","..","..","..","..","..","..","..","..","3.46","..","11.8","7.88","6.13","22.38","45.4","11.44","33.05","34.06","59.57","80.55","75.21","88.1","..","91.89","97.76","114.81","..","60.7","74.22","91.27","88.99","76.97","74.8","75.39","97.92","103.53","141.93","149.02","168.11","175.4","180.07","174.53","198.33","182.99","243.5"
"African Solidarity Fund","","..","..","..","..","..","..","..","..","..","..","..","..","..","..","..","..","..","..","..","..","..","..","..","..","..","..","..","..","..","..","..","..","..","..","..","..","..","..","..","..","..","..","..","..","..","..","..","..","..","..","..","..","..",".."
"AsDB (Asian Dev.Bank)","","..","..","..","..","..","..","..","..","..","..","2.5","2.5","2.72","3.11","2.89","4.86","4.4","..","2.7","2.5","2.72","2.34","..","..","1.69","1.65","6.06","6.77","3.83","3.99","..","..","..","..","..","1.67","..","..","1.7","1.7","1.59","1.74","1.66","..","..","0.03","..","..","..","..","..","16.01","15.33","16.16"
"AsDB Special Funds","","..","..","..","..","..","..","..","..","..","..","..","..","..","..","..","..","..","..","..","28.6","28.8","22.39","19.03","34","29.64","29.48","50.42","58.28","102.95","50.98","20.74","..","53.22","49.75","56.15","56.45","..","30.19","29.87","28.63","..","27.89","47.04","35.19","48.78","37.78","38.22","41.68","43.92","33.68","32.22","33.82","31.21","30.7"
"CarDB (Carribean Dev. Bank)","","..","..","..","..","..","..","..","..","..","..","..","..","..","..","..","..","..","..","..","..","..","..","..","..","6.12","5.78","1.37","14.25","1.32","6.24","2.8","3.14","3.97","3.72","3.84","4.2","2.82","2.47","..","..","..","..","..","..","..","..","..","..","..","..","..","..","..",".."
"CABEI","","..","..","..","..","..","..","..","..","..","..","..","..","..","..","..","..","..","..","..","..","..","..","..","..","..","..","..","..","..","..","..","..","..","..","..","..","..","..","..","..","..","..","..","..","..","..","..","..","..","..","..","..","..",".."
"EC","","..","..","..","..","..","..","..","..","9.7","..","..","..","..","..","79.94","98.44","37.6","47.89","67.76","109.12","130.21","189.07","207.95","154.5","181.56","180.96","215.78","202.3","307.16","289.96","391.24","455.96","398.4","391.62","403.78","460.57","554.19","551.39","425.93","513.12","540.36","647.27","725.41","806.67","1045.82","1025.53","1106.09","1200.82","1406.59","1734.4","1456.93","1467.77","1352.62","1423.48"
"EDF","","..","..","..","..","..","..","..","..","30.4","41.3","49.8","77.6","62.32","62.01","57.39","90.97","136.83","131.78","49.95","150.5","267.49","157.28","170.41","156.4","145.26","128.43","168.78","217.88","297.96","338.18","373.18","440.09","506.96","443.32","511.66","523.6","290.41","330.09","356.09","285.53","251.16","396.02","560.95","504.35","817.53","780.51","831.68","955.49","1121.44","1165.79","1203.73","953.85","740.96","846.36"
"EIB","","..","..","..","..","..","..","..","..","..","11.8","9.8","7.6","4.8","12.4","9.62","3.29","19.25","14.78","2.48","0.51","0.52","3.36","0.96","0.7","0.26","0.21","..","..","..","..","..","..","..","..","..","..","..","..","..","..","..","..","..","..","..","4.97","..","..","..","..","..","..","2.96","1.99"
"Other EU Institutions","","..","..","..","..","..","..","..","..","..","..","..","..","..","..","..","..","..","..","..","..","..","..","..","..","..","..","..","..","..","..","..","..","..","..","..","..","..","..","..","..","..","..","..","..","..","..","..","..","..","..","..","..","..",".."
"IBRD","","..","..","..","..","..","..","..","..","..","..","..","..","24.87","..","..","..","..","20.35","..","32.7","..","..","53.94","51.8","50.08","22.27","23.82","..","31.57","29.13","50.31","..","..","..","..","..","..","..","..","..","..","..","..","0.51","..","0.03","..","0.08","1.44","..","..","116.06","31.23","30.41"
"IDA","","..","..","..","..","..","..","..","..","..","34.8","32.4","32.4","54.25","62.17","57.68","83.23","74.69","72.66","152.46","161.6","162.75","163.95","135.57","116.8","101.9","231.45","300.26","495.72","262.26","306.16","268.09","435.63","459.97","430.02","433.65","482.42","470.63","281.07","234.11","224.49","238.33","231.6","243.71","291.49","395.08","295.8","455.87","541.3","508.46","589.07","560.26","588.99","514.14","531.07"
"IDA-MDRI","","..","..","..","..","..","..","..","..","..","..","..","..","..","..","..","..","..","..","..","..","..","..","..","..","..","..","..","..","..","..","..","..","..","..","..","..","..","..","..","..","..","..","..","..","..","..","..","..","30.3","35.93","40.11","51.75","27.94",".."
"IDB","","..","..","..","..","..","..","..","..","..","..","..","..","..","..","..","..","..","24.28","25.13","23.5","20","2.26","2.42","2.3","2.2","1.84","2.01","..","..","..","3.49","3.46","3.73","1.65","8.11","8.21","8.6","7.54","7.88","8.88","2.06","1.89","0.12","5.39","3.59","2.02","1.9","1.79","..","..","..","8.99","8.3","6.33"
"IDB Spec. Fund","","..","..","..","..","..","..","..","..","..","..","..","..","..","..","..","..","..","..","..","..","..","18.07","19.3","18.6","6.35","6.18","8.01","..","..","..","..","..","..","1.93","1.82","20.43","10.95","13.01","7.79","7.47","..","..","1.85","2.82","3.12","5.59","..","2.33","2.49","2.42","2.31","..","..","2.28"
"IFAD","","..","..","..","..","..","..","..","..","..","..","..","..","..","..","..","..","..","..","9.42","10","10.06","..","17.45","10","4.37","8.51","7.21","24.89","18.47","..","17.54","12.55","12.8","4.42","..","..","..","6.71","7.74","7.42","..","6.45","7.92","9.49","9.94","..","10.07","10.95","11.54","11.14","15.36","16.27","..",".."
"IFC","","..","..","..","..","..","..","..","..","..","..","..","..","..","..","..","..","..","..","..","..","4.47","10.89","9.2","..","..","..","7.48","6.65","6.66","7.03","7.37","..","..","9.93","11.28","10.33","10.51","10.96","..","..","..","..","..","..","..","2.11","..","..","..","1.39","2.65","..","..",".."
"IMF","","..","..","..","..","..","..","..","..","..","..","..","..","..","..","..","..","..","..","..","..","..","..","..","..","..","..","..","..","33.57","80.43","171.24","69.14","147.77","69","90.07","269.41","79.17","47.86","261.12","207.91","-20.8","72.41","22.47","-7.78","21.16","39.67","-511.1","-31.52","34.02","816.87","327.43","-7.25","132.16","282.58"
"IMF Trust Fund","","..","..","..","..","..","..","..","..","..","..","..","..","..","..","..","..","..","..","..","..","..","..","..","..","..","..","..","..","..","..","..","..","..","..","..","..","..","..","..","..","..","..","..","..","..","..","..","..","..","..","..","..","..",".."
"MIGA","","..","..","..","..","..","..","..","..","..","..","..","..","..","..","..","..","..","..","..","..","..","..","..","..","..","..","..","..","..","9.83","..","..","..","..","..","..","..","..","..","..","3.68","..","..","1.4","1.55","0.75","..","..","..","..","..","..","..",".."
"UNDP","","..","..","..","..","..","..","..","..","4.2","4","4.3","5","5.88","7.23","9.57","11.43","9.56","9.97","15.29","16.22","25.32","24.86","25.71","26.1","27.8","28.6","34.21","42.09","42.61","38.6","52.79","51.64","54.74","54.92","46.92","20.06","18.96","13.7","9.09","13.08","14.05","14.33","15.08","18.08","27.77","19.58","30.25","40.38","44.21","36.21","24.02","22.25","17.7","18.32"
"UNFPA","","..","..","..","..","..","..","..","..","..","..","..","..","..","..","..","..","0.11","0.1","0.11","..","0.12","0.09","..","..","0.25","0.25","0.32","0.37","0.37","6.89","0.09","0.98","1.4","1.41","1.91","0.64","0.78","0.94","1.02","1.14","1.12","1.09","1.23","1.38","2.7","1.58","2.32","3.42","3.61","3.06","2.52","0.7","0.51","0.53"
"UNHCR","","..","..","..","..","..","..","..","..","..","0.4","0.4","0.5","0.49","..","..","..","..","..","..","0.75","0.75","0.59","..","1.4","1.99","1.45","1.95","2.24","5.02","6.78","5.97","6.48","19.74","9.98","10.22","5.71","14.41","8.17","8.8","9.86","6.81","8.95","8.48","7.89","12.59","10.46","18.33","21.29","22.65","22.28","19.78","19.19","20.32","20.69"
"UNICEF","","..","..","..","..","..","..","..","..","1.4","1.4","1.4","1.5","1.63","1.86","1.79","2.01","1.8","1.75","1.91","3.12","2.46","1.91","..","4.2","4.01","4.19","5.48","6.62","7.02","6.61","7.38","7.48","11.75","9.75","10.49","2.26","10.16","8.45","8.14","8.95","6.74","7.43","7.71","9.31","16.9","9.61","17.95","18.89","18.34","14.21","12.57","32.43","5.52","4.47"
"UNRWA","","..","..","..","..","..","..","..","..","0.2","0.2","0.5","0.2","1.2","1.15","0.95","1.14","1.26","1","1.09","1.15","1.16","0.9","..","1.1","0.98","0.96","1.44","1.66","1.73","1.72","2.02","2.2","2.21","3.02","3.3","1.4","2.29","1.88","1.86","2.19","2.04","2.49","2.97","2.75","6.21","2.68","7.07","9.58","8.65","7.66","6.74","6.31","7.62","7.97"
"WFP","","..","..","..","..","..","..","..","..","1","0.5","0.9","0.1","0.11","0.13","0.1","0.34","0.21","0.31","0.33","1.86","1.84","1.47","..","2.5","2.61","2.74","2.6","3.66","3.86","3.6","4.32","4.52","5.19","3.36","4.04","2.7","4.89","3.43","2.54","3.25","2.53","2.46","2.6","3.39","5.59","..","5.27","4.72","4.62","..","..","..","..","0.4"
"Other UN","","..","..","..","..","..","..","..","..","1.3","..","..","0.5","5.09","5.81","5.47","5.19","7.73","7.45","9.77","8.3","30.89","26.05","37.46","31.1","33.64","39.49","62.87","46.68","52.53","48.63","72.79","72.43","91.87","85.59","86.85","79.74","94.33","77.85","88.53","80.23","91.53","71.86","109.06","126.38","108.49","142.83","113.82","126.08","160.8","167.43","173.51","164","159.74","199.31"
"Other World Bank (AMCs)","","..","..","..","..","..","..","..","..","..","..","..","..","..","..","..","..","..","..","..","..","..","..","..","..","..","..","..","..","..","..","..","..","..","..","..","..","..","..","..","..","..","..","..","..","..","..","..","..","6.53","5.47","..","..","1.39","1.43"
"Other Regional Banks","","..","..","..","..","..","..","..","..","..","..","..","..","..","..","..","..","..","..","..","..","..","..","..","..","..","..","..","..","..","..","..","..","..","..","..","64.82","63.24","60.09","2.49","3.25","..","..","1.04","10.77","0.68","..","..","0.04","0.05","0.06","0.52","0.56","0.49","5.43"
"Other Multilateral","","..","..","..","..","..","..","..","..","..","0.8","0.9","0.8","28.1","38.25","0.77","3.62","6.42","14.09","16.29","8.7","3.9","0.46","..","7","1.04","0.33","2.4","1.46","..","4.26","6.09","42.68","96","84.62","55.98","..","..","..","11.1","12.45","54.96","30.83","33.59","108.51","270.76","244.82","386.67","505.29","611.57","587.66","804.37","792.71","822.65","844.52"
