"Sector(s):","Total Bilateral Aid To All Sectors","","Flow(s):","ODA","","Donor(s):","Germany","","Flow Type(s):","Disbursement","","Amount:","Current Prices (USD millions)","",

"","Time Period","1960","1961","1962","1963","1964","1965","1966","1967","1968","1969","1970","1971","1972","1973","1974","1975","1976","1977","1978","1979","1980","1981","1982","1983","1984","1985","1986","1987","1988","1989","1990","1991","1992","1993","1994","1995","1996","1997","1998","1999","2000","2001","2002","2003","2004","2005","2006","2007","2008","2009","2010","2011","2012","2013",
"Recipient(s)",
"All Recipients","","241.61","329.13","347.41","398.93","413.28","432.02","373.54","436.25","556.89","579.3","598.77","734.21","808.2","1102","1433.37","1688.77","1592.68","1716.6","2347.42","3392.94","3566.52","3181.22","3151.63","3176.4","2782.01","2942.04","3831.53","4390.53","4730.88","4948.27","6319.71","7021.49","7588","6953.95","6817.91","7523.55","7600.88","5856.78","5580.68","5515.27","5030.08","4989.51","5339.17","6784.23","7534.24","10082.1","10434.78","12290.64","13980.87","12079.3","12985.33","14092.89","12939.49","14228.26"
"All Developing Countries","","241.61","329.13","347.41","398.93","413.28","432.02","373.54","436.25","446.89","451.63","466.12","529.55","601.37","791.45","1015","1160.86","1044.14","1028.15","1560.65","2203.77","2323.47","2244.07","2265.23","2100.98","1868.02","1980.04","2642.46","3090.19","3172.05","3174.81","4478.86","4706.95","5246.91","4516.99","4143.52","4814.55","4535.16","3638.5","3490.52","3277.56","2686.7","2853.4","3327.84","4059.86","3822.61","7446.79","7034.04","7949.76","9062.68","7096.66","8035.51","8736.22","8584.03","9451.12"
"All Multilateral Recipients","","..","..","..","..","..","..","..","..","110","127.67","132.65","204.66","206.83","310.55","418.37","527.91","548.54","688.45","786.77","1189.17","1243.05","937.15","886.4","1075.42","913.99","962","1189.07","1300.34","1558.83","1773.46","1840.85","2314.54","2341.09","2436.96","2674.39","2709","3065.72","2218.28","2090.16","2237.71","2343.38","2136.11","2011.33","2724.37","3711.63","2635.31","3400.74","4340.88","4918.19","4982.64","4949.82","5356.67","4355.47","4777.14"
"Afghanistan","","0.65","3.38","2.15","2.81","6.63","15.81","16.41","9.61","6.84","5.57","7.14","12.02","10.84","5.08","1.68","9.7","6.54","2.3","5.8","12.94","1.35","-2.93","-0.75","-0.89","-0.61","1.28","-2.62","0.44","7.89","8.62","8.07","5.52","14.99","16.06","21.64","15.61","17.42","18.51","11.61","16.46","10.63","44.14","92.57","82.1","75.13","99.23","117.99","217.15","294.02","337.34","469.76","539.3","515.54","548.69"
"Albania","","..","..","..","..","..","..","..","..","..","..","..","..","..","..","..","..","..","..","..","..","..","..","..","..","..","..","..","..","3.22","2.55","2.12","23","13.73","18.59","16.84","21.3","33.43","26.52","23.38","23.34","19.45","24.55","24.69","21.13","23.61","30.46","29.58","45.99","44.71","58.82","35.35","38.76","25.87","29.7"
"Algeria","","..","..","0.6","0.29","0.39","0.91","0.64","0.94","1.34","0.91","1.08","0.79","2.02","3.79","21.41","16.34","38.41","26.84","29.01","9.92","28.62","3.93","3.89","1.59","1.12","-1.72","-2.92","-1.33","11.03","2.56","5.36","1.8","23.52","5.2","11.01","27.1","-23.82","13.52","4.64","2.22","5.78","0.6","-3.93","0.06","-2.59","2.56","-25.48","9.38","12.47","13.07","10.23","10.39","7.68","6.1"
"Angola","","..","..","..","0.01","..","..","..","0.01","0.01","0.01","0.09","0.06","0.05","0.06","0.08","1.18","0.5","-0.05","0.22","0.49","0.24","2.13","1.62","1.47","2.53","2.47","4.14","6","7.18","5.31","10.01","8.85","6.81","8.37","18.22","16.98","25.27","15.72","11.83","18.02","11.32","9.94","16.48","13.46","12.95","12.24","11.35","12.26","11.65","8.4","7.05","5.68","4.83","4.16"
"Anguilla","","..","..","..","..","..","..","..","..","..","..","..","..","..","..","..","..","..","..","..","..","..","..","..","..","..","..","..","..","..","..","..","..","..","..","0.01","0.02","0.02","0.01","..","..","..","..","..","..","..","..","..","..","..","0.02","0.21","..","..",".."
"Antigua & Barbuda","","..","..","..","..","..","..","..","..","..","..","..","..","..","..","..","..","..","..","..","..","..","0.01","0.03","..","..","..","0.03","0.03","0.02","0.16","0.09","0.03","0.03","0.01","0.05","0.01","..","0.04","0.01","0.01","..","..","..","0.01","0.01","..","..","..","0.01","..","0.01","0.04","0.01","0"
"Argentina","","12.26","14.88","-1.61","1.56","-15.23","-20.21","2.04","2.08","2.35","15.72","14.89","9.55","11.63","10.46","9.55","8.03","8.72","10.01","10.28","14","18.13","15.76","16.56","16.75","9.87","12.64","26.02","22.32","29.27","21.29","40.57","29.92","45.87","34.16","31.54","20.48","10.3","10.76","17.96","11.62","7.4","9.23","13.08","16.85","10.87","13","10.92","11.93","22.12","22.7","21.93","21.84","21.41","19.57"
"Armenia","","..","..","..","..","..","..","..","..","..","..","..","..","..","..","..","..","..","..","..","..","..","..","..","..","..","..","..","..","..","..","..","..","..","0.47","2.44","4.66","6.7","4.11","5.08","6.86","8.92","16.8","19.94","13.92","18.72","29.98","16.65","22.53","27.91","30.99","16.72","40.93","44.85","28.47"
"Aruba","","..","..","..","..","..","..","..","..","..","..","..","..","..","..","..","..","..","..","..","..","..","..","..","..","..","..","..","..","..","..","..","..","..","..","..","..","..","..","..","..","..","..","..","..","..","..","..","..","..","..","..","..","..",".."
"Azerbaijan","","..","..","..","..","..","..","..","..","..","..","..","..","..","..","..","..","..","..","..","..","..","..","..","..","..","..","..","..","..","..","..","..","..","0.82","2.11","5.82","4.13","3.63","15.26","19.2","9.17","6.81","9.83","13.58","16.96","19.11","12.01","24.27","26.43","42.65","15.87","13.83","6.26","-2.22"
"Bahamas","","..","..","..","..","..","..","..","..","..","..","..","..","..","..","0.01","..","..","0.02","0.01","0.02","0.02","0.01","0.01","..","..","..","..","0.01","..","..","..","..","..","0.01","0.01","0.03","..","..","..","..","..","..","..","..","..","..","..","..","..","..","..","..","..",".."
"Bahrain","","..","..","..","..","..","..","..","..","..","..","..","..","..","..","..","..","..","..","0.01","0.05","0.01","0.12","0.02","..","..","..","0.49","0.03","0.05","0.05","0.09","0.03","0.04","0.05","0.05","0.08","0.08","0.06","0.02","0.03","0.03","0.03","0.03","0.05","0.06","..","..","..","..","..","..","..","..",".."
"Bangladesh","","..","..","..","..","..","..","..","..","..","..","..","..","10.68","53.91","53.69","68.02","76.68","51.83","49.58","86.56","114.62","101.18","82.71","35.25","46.12","46.64","70.9","66.13","57.41","62.31","77.27","97.36","79.05","75.24","104.87","61.46","84.04","47.28","65.09","46.6","36.68","30.09","30.04","32.37","25.2","46.07","29.14","43.06","65.89","67.3","65.05","77.06","81.63","111.33"
"Barbados","","..","..","..","..","..","..","..","..","0.01","0.01","0.02","0.06","0.11","0.07","0.09","0.18","0.07","0.02","0.01","0.05","0.03","0.02","0.03","..","0.1","0.17","0.05","0.51","0.27","0.22","0.36","0.1","0.15","0.07","0.03","0.03","0.03","0.05","0.07","0.12","0.04","0.09","0.04","0.03","0.01","0.01","0.02","..","0.02","0.01","0.1","..","..",".."
"Belarus","","..","..","..","..","..","..","..","..","..","..","..","..","..","..","..","..","..","..","..","..","..","..","..","..","..","..","..","..","..","..","..","..","..","..","..","..","..","..","..","..","..","..","..","..","..","13.92","16.01","18.89","21.3","21.66","17.96","17.64","15.71","13.76"
"Belize","","..","..","..","..","..","..","..","..","..","..","..","..","..","..","0.04","0.14","0.08","..","..","..","..","..","0.01","..","0.04","0.02","0.03","0.06","0.06","0.06","0.04","0.04","0.1","0.19","0.35","0.15","0.1","0.09","0.13","0.14","0.17","0.14","0.08","0.07","0.07","0.03","0.04","0.02","0.02","0.04","0.11","0.13","0.02","0.1"
"Benin","","..","..","0.04","1.22","1.59","0.22","0.5","0.54","0.3","0.19","0.88","6.05","1.27","1.65","2.17","4.35","3.77","2.79","4.85","10.35","10.28","11.26","13.7","11.68","11.85","15.49","26.82","30.87","28.29","29.22","27.78","24.64","40.28","47.54","31.08","51.37","22.39","20.26","32.35","27.35","21.72","21.87","24.01","31.26","24.45","27.6","26.47","29.58","46.61","43.12","34.67","49.5","47.63","50.97"
"Bermuda","","..","..","..","..","..","..","..","..","..","..","..","..","..","..","..","..","..","..","..","..","..","..","..","..","..","..","..","..","..","..","42.08","-4.82","-5.13","-4.84","-12.5","-2.17","-4.14","..","..","..","..","..","..","..","..","..","..","..","..","..","..","..","..",".."
"Bhutan","","..","..","..","..","..","..","..","..","..","..","0.02","0.01","..","..","..","0.01","..","..","..","0.02","0.11","0.14","0.09","0.04","0.08","0.19","0.1","0.16","0.29","0.68","1.22","2.11","2.68","2.09","2.79","2.78","1.95","1.34","0.99","0.8","1.02","0.79","1.31","1.45","1.08","1.44","0.48","0.2","0.08","0.7","0.38","0.58","0.37","0.44"
"Bolivia","","-0.4","0.07","2.4","2.28","2.89","0.71","1.08","1.08","2.86","2.25","3.16","2.17","2.62","3.28","7.57","12.76","19.99","12.06","12.48","19.28","21.54","28.45","10.09","10.6","9.67","11.33","19.56","31.05","29.65","48.57","57.37","80.92","80.28","93.9","68.22","68.94","104.09","47.46","61.94","58.78","45.34","51.65","71.93","43.82","75.31","51.43","47.04","39.79","52.7","45.67","42.49","39.29","30.93","39.18"
"Bosnia-Herzegovina","","..","..","..","..","..","..","..","..","..","..","..","..","..","..","..","..","..","..","..","..","..","..","..","..","..","..","..","..","..","..","..","..","..","..","..","335.24","39.86","33.05","43.68","65.03","91.51","27.04","19.42","21.81","29.92","26.1","26.68","29.03","46.91","27.63","29.95","32.94","42.9","35.83"
"Botswana","","..","..","..","..","..","..","0.01","..","..","0.18","0.06","0.04","0.06","0.18","0.46","1.09","1.26","4.31","6.2","16.34","14.92","12.6","24.15","20.14","12.96","13.18","12.47","21.33","14.32","14.18","19.17","19.83","18.92","20.01","9.43","9.84","7.73","7.22","14.16","10.49","6.65","5.55","4.52","4.11","3.78","3.45","2.7","2.45","438.98","2.08","2.44","2.03","0.33","0.54"
"Brazil","","1.26","15.27","4.19","18.7","11.66","47.35","7.53","12.59","17.46","19.3","27.34","26.24","33.92","14.63","19.73","24.17","18.55","26.66","36.25","39.58","47.76","80.09","43.89","41.32","35.07","35.68","51.98","146.38","54.64","33.2","31.47","53.96","35.27","42.82","34.67","31.2","39.26","51.71","57.71","47.57","49.46","47.04","31.86","49.2","51.94","76.98","65.62","76.8","126.65","196.1","247.45","215.71","117.71","217.91"
"Brunei","","..","..","..","..","..","..","..","..","..","..","..","..","..","..","..","..","..","..","..","..","..","..","..","0.01","0.05","0.04","0.06","0.07","0.09","0.04","0.03","0.03","0.06","0.02","0.02","0.03","..","..","..","..","..","..","..","..","..","..","..","..","..","..","..","..","..",".."
"Burkina Faso","","..","..","..","0.07","0.12","-0.01","0.29","0.36","1.39","1.4","0.74","1.21","0.92","3.68","5.92","13.15","13.92","13.58","16.71","27.73","31.27","32.66","25.86","14.89","11.5","11.87","22.93","36.25","43.17","33.34","45.18","44.96","47.6","36.59","37.37","30.9","41.01","31.44","42.11","36.54","22.24","23.6","19.35","28.83","38.5","29.7","29.47","39.9","44.92","47.5","52.51","43.78","51.4","44.4"
"Burundi","","..","..","0.01","0.02","0.17","0.05","0.5","0.7","0.68","0.56","0.48","0.44","0.63","0.98","1.25","1.54","2.19","3.78","6.25","6.29","10.04","11.94","14.29","19.75","14.16","12.62","14.24","16.23","14.37","20.71","30.4","25.68","20.82","25.4","27.68","30.94","13.82","6.13","4.99","1.69","3.02","3.25","2.71","4.78","10.37","11.36","14.54","23.02","23.13","27.9","29.46","32.9","24.06","24.81"
"Cambodia","","0.01","0.01","..","0.06","0.16","0.64","0.61","0.61","0.74","1.02","1.57","0.19","-0.09","0.76","0.46","0.25","0.05","0.02","..","8.72","18.3","1.64","2.23","0.18","0.02","0.43","0.33","0.18","0.28","0.48","3.61","6.67","10.16","5.47","12.22","19.63","14.17","17.01","17.85","21.62","19.4","18.72","18.44","21.98","22.5","24.81","27.64","37.62","33.8","37.9","41.26","10.11","46.37","37.97"
"Cameroon","","0.01","..","0.03","0.47","0.3","2.12","1.9","3.32","3.25","3.47","2.18","5.11","4.92","4.59","4.39","7.7","19.98","20.27","36.07","76.4","25.29","15.99","10.32","9.93","12.12","11.34","22.24","49.97","27.29","44.74","43.63","41.78","50.43","30.56","33.04","34.97","56.43","57.08","42.66","36.55","46.96","46.05","67","349.17","205.67","183.04","228.11","754.52","110.02","90.98","90.53","97.08","88.84","83.76"
"Cape Verde","","..","..","..","..","..","..","..","..","..","0.01","..","..","..","..","..","0.36","0.6","2.06","2.92","5.89","4.92","3.84","8.87","6.69","4.81","6.21","6.1","13.2","7.1","4.38","6.11","8.15","11.01","7.19","8.58","10.71","12.32","11.08","10.44","20.23","2.15","1.84","1.17","2.16","3","3.11","2.29","1.09","0.5","-0.29","-0.88","0.21","1.1","1.18"
"Cayman Islands","","..","..","..","..","..","..","..","..","..","..","..","..","..","..","..","..","..","..","..","..","..","..","..","..","..","..","..","1.25","11.59","..","..","-0.62","-1.21","-1.14","-1.16","-0.66","-1.99","..","..","..","..","..","..","..","..","..","..","..","..","..","..","..","..",".."
"Central African Rep.","","..","..","0.03","0.01","..","0.09","0.1","1.09","0.76","1.76","0.91","0.61","0.4","1.88","1.76","3.17","3.34","2.45","4.11","5.25","3.22","3.57","2.47","4.63","8.25","6.84","8.9","16.04","14.59","13.01","13.77","12.92","9.43","9.57","10.16","11.63","10.56","8.79","7.85","7.03","7.2","7.05","7.05","4.33","2.44","2.96","4.88","5.31","6.81","6.57","3.14","5.31","2.88","4.45"
"Chad","","..","..","0.04","0.08","0.04","0.22","0.58","2.44","0.44","0.66","1.51","0.89","1","2.92","1.31","0.66","-0.2","-0.1","2.74","4.27","1.47","0.33","2.33","4.62","2.34","7.68","10.19","6.83","13.13","13.89","13.4","12.94","19.37","20.24","19.06","29.36","25.59","27.59","17.05","14.68","14.87","16.72","12.99","15.08","31.02","23.95","26.7","29.46","32.59","27.93","20.09","14.72","14.78","10.94"
"Chile","","7.29","1.04","29.44","7.58","4.62","-8.25","16.02","10.47","11.24","10.32","11.87","7.04","8.1","12.52","16.62","19.77","-2.05","-5.42","-4.54","-14.13","-5.8","9.67","8.52","11.47","10.97","15.2","16.2","26.13","18.18","16.84","20.38","22.68","30.7","37.41","42.13","44.6","42.96","33.77","39.59","29.62","21.87","18.01","18.73","30.99","27.44","35.15","36.33","27.45","20.05","11.52","71.84","36.46","47.75","25.6"
"China","","..","..","..","..","..","..","..","..","..","..","..","..","..","..","..","..","..","..","..","1.34","6.52","8.13","60.21","96.73","57.48","97.57","51.2","29.29","45.57","111.89","228.94","107.09","192.82","247.83","299.99","684.05","461.14","381.89","321.31","304.59","212.81","163.82","149.87","152.18","260.46","255.11","244.85","289.28","411.87","340.88","321.5","485.55","431.03","371.57"
"Chinese Taipei","","0.04","..","..","0.78","1.44","0.47","0.35","0.47","0.53","0.62","0.72","0.63","0.58","0.95","0.84","1.28","1.19","2.03","5.93","4.07","2.55","1.12","1.57","2.52","4.73","1.49","2.72","3.86","4.11","5.32","6.56","5.16","6.25","6.79","7.38","9.16","8.6","..","..","..","..","..","..","..","..","..","..","..","..","..","..","..","..",".."
"Colombia","","-0.27","..","0.11","0.18","1.09","1.43","1.64","2.94","4.07","5.15","6.41","6.35","10.31","7.88","10.07","14.44","15.47","10.9","16.2","14.37","19.62","29.85","40.25","14.3","11.86","16.24","17.32","22.78","22.61","17.99","24.63","20.66","75.79","18.08","17.2","20.35","32.22","31.95","24.25","22.41","13.12","15.04","21.39","19.3","20.59","21.51","22.37","23.87","42.08","45.24","45.27","46.22","48.93","50.3"
"Comoros","","..","..","..","..","..","..","..","..","..","..","..","0.2","..","..","..","..","..","0.02","..","0.03","0.6","0.65","0.62","0.78","1.18","0.53","0.39","3.04","0.32","0.79","0.46","0.64","0.45","1.64","0.39","0.21","0.95","0.26","0.6","0.42","0.03","0.03","..","0.04","0.02","0.05","0.02","0.04","0.01","..","..","0.02","0","0.01"
"Democratic Republic of the Congo","","0.09","0.08","3.95","3.96","0.72","0.6","3.27","2.25","0.55","-0.1","1.43","0.78","3.34","5.02","7.62","8.49","8.09","14.5","15.18","19.93","36.76","35.86","31.9","30.9","26.08","20.02","39.72","52.26","51.79","44.56","112.38","132.07","31.26","24.83","27.81","34.15","34.37","15.79","2.78","12.2","12.76","12.92","21.11","541.56","59.29","51.09","35.7","62.96","61.21","79.42","77.11","93.89","594.12","88"
"Congo","","..","..","..","0.05","0.22","0.17","0.91","1.66","0.31","0.35","0.25","1.37","0.24","0.29","0.1","0.21","0.21","0.53","1.02","1.52","2.78","2.15","4.32","6.42","6.56","5.41","5.3","6","8.52","7.56","6.78","7.44","11.01","13.24","12.49","8.35","6.66","7.95","13.47","3.76","2.34","1.66","2.6","0.85","0.52","63.73","3.76","5.78","-0.27","25.83","9.38","100.37","9.45","0.75"
"Cook Islands","","..","..","..","..","..","..","..","..","..","..","..","..","..","..","..","..","0.01","0.01","..","..","0.02","0.02","0.02","0.01","0.02","0.14","0.13","0.13","0.03","0.03","0.05","0.14","0.15","0.22","0.32","0.24","0.12","0.03","0.06","0.14","0.06","0.04","0.01","0.02","0.02","..","..","..","..","..","..","..","..","0.02"
"Costa Rica","","..","..","..","0.02","0.02","0.23","0.64","0.31","0.49","0.71","1","1.61","2","2.62","3.05","3.12","3.69","4.21","7.92","6.76","12.69","16.19","8.95","5.77","5.35","6.84","12.49","11.12","12.25","13.24","24.66","13.74","20.78","13","14.01","1.34","2.22","-5.35","1.49","-2.29","1.39","0.66","3.13","8.62","8.91","5.36","7.39","3.22","29.67","15.01","21.91","9.9","11.06","7.15"
"Cote d'Ivoire","","..","..","0.02","0.11","0.05","0.79","1.43","2.34","2.25","5.89","5.93","8.56","2.84","7.85","4.8","9.81","6.78","5.65","16.46","18.88","11.65","8.17","12.87","19.78","17.43","13.97","13.83","14.4","19.44","13.51","19.22","28.24","25.12","43.75","45.89","74.23","34.02","21.05","35.03","39.85","15.69","19.01","31.11","54.37","14.46","13.2","12.47","19.81","17.47","15.08","92.55","19.46","14.39","104.84"
"Croatia","","..","..","..","..","..","..","..","..","..","..","..","..","..","..","..","..","..","..","..","..","..","..","..","..","..","..","..","..","..","..","..","..","..","..","..","10.98","92.45","-3.76","-3.35","1.84","5.24","1.58","2.23","-2.97","2.43","7.09","6.94","7.5","21.17","12.58","22.53","..","..",".."
"Cuba","","..","..","..","..","..","..","..","..","..","..","0.01","..","..","0.01","..","0.01","0.01","0.37","0.03","0.02","0.08","0.02","0.03","0.04","0.1","0.04","0.07","0.15","0.2","0.23","1.14","1.96","2.3","1.5","1.39","1.54","2.12","1.73","1.66","2.51","2.45","2.17","4.33","4.69","2.88","3.49","3.84","2.95","2.56","2.45","2.52","2.85","2.15","2.63"
"Cyprus","","..","..","0.05","1.28","0.83","0.35","0.23","0.08","-0.04","0.11","3.23","0.52","0.47","1.55","3.12","1.86","1.23","4.48","4.36","3.82","4.22","7.18","10.49","3.04","0.38","-0.01","-0.49","1.27","1.13","0.52","0.6","0.18","-0.01","-0.91","1.91","-1.13","-0.38","..","..","..","..","..","..","..","..","..","..","..","..","..","..","..","..",".."
"Djibouti","","..","..","..","..","..","..","..","0.01","..","..","..","..","..","..","..","..","..","0.1","0.18","0.88","3.51","2.71","1.85","2.78","2.45","3.92","2.91","2.03","4.24","3.03","2.14","1.9","1.29","0.94","1.68","1.61","1.44","1.64","1.9","0.45","0.3","0.09","0.03","0.58","0.29","0.39","0.14","0.28","0.2","1.12","0.23","6.8","2.66","1.82"
"Dominica","","..","..","..","..","..","..","..","..","..","..","..","..","..","..","..","..","..","..","..","..","0.25","0.19","0.06","0.06","0.13","0.09","0.15","0.29","0.2","0.28","0.33","0.39","0.36","0.19","0.34","0.27","0.16","0.16","..","0.02","0.08","0.04","0.05","0.03","0.05","0.02","..","..","0.01","0.01","0.03","0.04","..","0.01"
"Dominican Republic","","..","..","..","..","0.02","0.15","0.24","0.22","0.37","0.19","0.17","0.26","0.21","0.39","0.54","0.85","0.93","1.41","1.41","2.74","12.87","5.39","6.1","10.3","4.02","5.69","5.55","16.29","15.12","10.74","12.39","11.08","12.85","15.48","4","7.86","6.99","6.72","8.49","10.83","9.19","8.16","7.96","7.46","10.48","14.73","23.18","8.72","8.12","-2.16","0.85","0.75","0.55","0.06"
"East African Community","","..","..","..","..","..","..","..","..","..","..","..","1.6","0.92","0.01","3.13","0.06","..","..","..","..","-0.24","-0.2","-0.1","-0.14","-0.05","..","..","..","..","..","..","..","..","..","..","..","..","..","..","..","..","..","..","..","..","..","..","..","..","..","..","..","..",".."
"Ecuador","","0.01","..","0.04","0.13","0.06","0.42","0.59","0.85","1.2","2.35","4.19","5.34","2.73","4.96","7.37","7.55","8.27","9.85","7.64","11.21","11.52","12.79","12.9","8.97","7.44","8.69","13.69","18.43","19","16.74","20.92","22.72","23.85","16.27","21.71","28.07","27.06","16.01","10.7","14.51","11.25","13.74","16.4","16.84","14.33","16.98","16.52","22.03","24.71","24.66","27.79","41.11","36.36","31.89"
"Egypt","","-2.69","-4.68","3.2","10.86","21.62","9.49","6.36","8.7","8.24","3.66","10.38","7.54","7.64","21.74","58.44","65.31","115.19","54.72","67.38","121.9","106.72","10.74","123.52","96.99","138.86","131.45","92.16","157.39","157.67","203.29","347.08","185.29","714.91","110.92","291.58","169.79","442.39","397.17","111.9","103.55","65.16","106.26","61.94","98.43","107.25","109.18","140.61","153.91","170.27","138.84","104.49","164.33","103.44","188.1"
"El Salvador","","..","..","0.03","0.01","0.42","0.2","0.2","0.24","0.24","0.35","0.33","2.09","1.31","0.44","0.16","1.06","1.25","1.41","1.6","2.25","1.55","1.23","1.5","3.34","2.18","8.15","22.6","12.51","20.57","27.82","27.33","23.75","20.53","14.41","29.62","44.03","37.25","25.73","19.56","19.78","14.51","25.75","15.16","12.42","12.66","8.88","9.16","9.21","13.38","18.09","17.06","14.85","15.31","22.33"
"Equatorial Guinea","","..","..","..","..","..","..","..","..","..","..","..","..","..","..","..","..","..","..","..","0.01","0.48","1.08","1.04","1.03","1.47","1.16","1.05","0.54","1.43","1.56","2.01","1.34","0.45","0.05","0.06","0.07","0.03","0.07","0.07","0.06","0.02","..","0.06","..","..","..","..","..","0.02","0.04","0.05","0.08","0.02","0.03"
"Eritrea","","..","..","..","..","..","..","..","..","..","..","..","..","..","..","..","..","..","..","..","..","..","..","..","..","..","..","..","..","..","..","..","..","..","..","20.01","22.13","22.28","10.16","5.38","3.49","3.64","4.72","3.7","5.8","4.35","4.92","4.83","3.9","1.28","1.43","1.14","0.8","1.61","0.8"
"Ethiopia","","0.3","0.35","0.7","0.69","0.88","1.43","3.13","5.48","3.43","3.68","4.95","..","6.53","7.42","11.1","15.11","9.17","9.56","12.38","16.53","14.9","12.83","11.73","9.34","28.3","25.43","25.13","26.67","36.33","49.61","46.69","47.52","135.75","51.07","165.62","75.02","81.43","58.3","63.49","37.46","38.63","25.88","40.61","47.61","126.09","49.85","56.76","96.48","98.25","79.82","96.45","101.21","116.84","85.89"
"Falkland Islands","","..","..","..","..","..","..","..","..","..","..","..","..","..","..","..","..","..","..","..","..","..","..","..","..","..","..","..","..","..","..","..","0.01","..","..","..","..","..","..","..","..","..","..","..","..","..","..","..","..","..","..","..","..","..",".."
"Fiji","","..","..","..","..","..","..","..","..","..","..","..","..","..","0.01","0.12","0.71","0.13","0.1","0.35","0.47","0.87","0.98","1.91","1.2","0.94","1.02","1.37","1.81","2.09","1.77","1.92","2.01","2.62","1.79","2.22","0.27","0.2","0.47","0.12","0.23","0.07","0.17","0.04","0.11","0.03","0.06","0.1","0.19","0.55","0.31","0.61","0.84","1.18","1.75"
"Former Yugoslav Republic of Macedonia (FYROM)","","..","..","..","..","..","..","..","..","..","..","..","..","..","..","..","..","..","..","..","..","..","..","..","..","..","..","..","..","..","..","..","..","..","..","..","5.86","8.17","3.11","4.27","13.87","6.66","12.23","16.82","26.69","18.19","28.89","17.21","18.42","24.77","18.77","14.08","23.25","33.79","56.81"
"French Polynesia","","..","..","..","..","..","..","..","..","..","..","..","..","..","..","..","..","..","..","..","..","..","..","..","..","..","..","..","..","..","..","..","..","..","..","1.34","..","..","..","..","..","..","..","..","..","..","..","..","..","..","..","..","..","..",".."
"Gabon","","..","..","0.02","0.01","0.46","1.1","0.56","1.95","0.11","0.48","0.65","0.02","-0.13","3.64","0.78","0.68","0.08","0.15","7.16","4.14","6.43","0.1","..","0.35","0.07","0.32","0.71","1.34","1.21","1.75","1.67","0.95","1.45","1.85","3.99","1.75","2.43","1.02","0.87","1.19","1","0.51","0.48","0.71","1","1.89","-0.22","-1.44","-2.97","-3.27","-1.28","-3.52","-1.28","0.82"
"Gambia","","..","..","..","..","..","0.11","0.14","0.31","0.02","0.16","0.07","0.06","0.06","0.22","0.28","0.46","1.24","3.44","4.64","4.44","5.03","4.98","7.16","8.18","7.74","5.05","5.51","6.54","6.11","5.2","3.72","6.02","5.76","4.99","5.61","6","3.95","3.83","3.62","2.87","2.6","2.22","1.79","2.1","1.89","1.39","1.33","0.9","0.81","0.33","0.6","0.47","0.24","0.23"
"Georgia","","..","..","..","..","..","..","..","..","..","..","..","..","..","..","..","..","..","..","..","..","..","..","..","..","..","..","..","..","..","..","..","..","..","15.32","2.12","10.19","33.6","15.44","23.23","17.04","19.14","20.06","21.04","31.7","58.42","51.07","46.43","38.34","70.68","67.02","82.04","73.61","119.4","17.03"
"Ghana","","0.05","0.03","2.2","1.02","2.98","3.38","10.08","3.92","4.69","7.04","6.99","6.54","11.36","9.41","7.45","62.94","2.65","6.16","10.46","14.46","26.15","32.81","28.12","19.11","10.83","16.57","21.86","18.68","26.38","47.22","66.02","124.67","23.96","51.23","23.92","43.74","37.06","42.4","32.05","37.6","32.02","23.83","33.98","46.8","65.56","66.44","59.83","52.7","71.69","61.17","58.16","99.32","78.63","56.65"
"Gibraltar","","..","..","..","..","..","..","..","..","..","..","..","..","..","..","..","..","..","..","..","..","..","..","..","..","..","..","..","..","..","..","..","..","0.01","..","0.04","0.04","0.04","0.03","..","..","..","..","..","..","..","..","..","..","..","..","..","..","..",".."
"Grenada","","..","..","..","..","..","..","..","..","..","..","..","..","..","..","..","..","..","..","..","..","0.02","0.03","0.04","..","0.01","0.22","0.27","0.38","0.32","0.18","0.29","0.16","0.2","0.31","0.19","0.17","0.07","0.03","..","0.03","0.02","0.03","0.04","0.05","0.03","0.09","..","..","0.01","0.01","0.07","0.03","0.01","1.49"
"Guatemala","","..","..","0.01","0.11","0.37","0.72","0.78","1.02","1.05","1.37","1.57","1.3","1.61","1.77","1.68","3.19","3.59","3.43","4.2","6.32","7.75","5.84","5.28","5.23","4.22","4.44","11.18","29.8","22.01","14.22","17.99","26.88","18.71","18.26","17.73","27.5","29.25","31.74","24.2","22.59","18.71","15.54","19","18.95","23.29","18.14","17.88","17.3","18.81","16.13","13.46","18.17","17.79","10.76"
"Guinea","","0.05","1.26","3.7","7.97","1.39","1.63","1.9","1.74","1.51","1.52","1.32","0.49","-0.02","0.02","..","0.01","0.02","0.04","0.47","1","12.85","3.61","6.88","6.73","8.46","8.01","12.98","22.92","14.2","50.96","20.33","17.87","13.35","23.46","23.36","15.23","17.84","15.86","18.1","25.94","17.35","17.9","15.4","16.9","20.21","19.3","13.98","15.75","23.74","19.46","13.29","13.92","7.87","4.89"
"Guinea-Bissau","","..","..","..","..","..","..","..","..","..","0.01","..","..","..","0.01","0.05","0.46","0.09","2.39","2.45","1.61","1.38","0.84","0.27","0.64","0.74","0.59","1.18","1.62","2.37","1.66","2.73","1.62","2.93","4.69","2.66","1.87","2.55","1.3","3.03","0.65","0.66","0.66","1.4","0.34","0.8","0.65","0.32","0.36","0.61","0.42","1.34","1.31","0.96","0.44"
"Guyana","","..","..","..","..","..","..","0.04","0.06","0.08","0.06","0.19","0.16","0.28","0.19","0.33","0.18","0.15","0.12","0.01","0.07","..","..","0.04","0.23","0.04","-0.14","0.03","0.09","0.11","0.04","11.23","3.53","0.58","0.52","0.41","1.61","1.3","10.58","0.89","0.53","0.46","1.55","0.24","0.31","5.12","0.29","0.45","0.55","0.82","1.11","0.73","5.82","0.67","0.31"
"Haiti","","..","..","0.01","0.01","0.27","0.3","0.19","0.28","0.23","0.23","0.19","0.24","0.8","0.3","0.39","0.84","2.91","3.41","9.18","7.22","8.96","7.6","12.21","12.36","8.37","7.57","10.46","11.29","11.63","14.44","13.35","8.22","4.52","3.64","1.5","6.26","4.82","5.18","6.78","6.03","4.24","4.65","4.28","3.18","7.47","3.7","3.3","2.73","5.68","16.89","43.57","27.91","25.49","11.49"
"Honduras","","..","..","..","..","0.17","0.12","0.11","0.16","0.2","0.4","0.37","0.36","0.36","0.61","1.27","2.53","2.39","3","3.44","3.5","4.86","4.52","7.39","4.02","8.71","5.86","12.39","12.65","19.5","22.61","14.53","16.3","22.79","22.18","14.95","14.06","15.52","24.06","19.9","43.12","17.32","17.3","13.41","17.14","26.14","24.01","13.74","26.15","32.17","15.85","14.05","14.34","22.63","17.96"
"Hong Kong, China","","..","..","..","1.24","..","2.33","0.08","0.1","0.1","0.17","1.01","0.6","0.55","0.97","0.72","0.73","1.58","0.67","0.74","1.92","1.34","1.14","1.54","1.76","1.62","1.76","2.6","2.44","1.74","1.51","2.22","2.06","1.94","1.16","1.39","2.17","1.57","..","..","..","..","..","..","..","..","..","..","..","..","..","..","..","..",".."
"India","","82.79","131.78","54.06","44.46","72.31","44.5","50.42","62.32","74.93","58.08","50.3","54.93","60.25","59.44","59.84","92.58","90.61","14.9","91.24","92.21","34.62","117.73","114.34","140.07","95.16","86.51","166.53","136.6","152.32","122.54","169.24","262.65","274.43","156.96","123.11","167.95","51.23","54.99","106.46","29.56","15.63","57.5","-26.1","3.52","-10.72","-68.81","55.7","127.97","147.69","263.38","396.93","496.9","171.26","472.68"
"Indonesia","","-0.11","-0.25","3.58","7.56","14.16","15.13","3.75","26.95","21.61","8.52","24.62","43.99","59.95","46.58","57.65","43.97","35.62","24.51","26.06","29.96","65.64","173.62","140.06","85.47","92.93","86.91","126.1","61.77","97.64","52.36","99.01","135.82","116.36","279.44","265.82","4.46","-105.98","115.22","212.8","-19.47","6.38","29.92","78.39","-91.1","-8.59","164.67","50.39","31.41","29.73","-34.84","-12.6","74.72","33.28","36.21"
"Iran","","0.35","0.03","8.6","5.76","6.79","5.1","8.19","10.72","7.41","12.14","0.91","3.26","4.87","0.39","2.74","0.04","-1.53","0.85","5.63","11.74","4.52","5.03","4.45","38.04","1.1","1.65","0.34","30.85","35.92","36.46","53.14","45.57","69.77","64.18","61.11","68.07","70.06","56.6","69.67","59.33","37.19","32.64","31.78","38.77","41.17","40.59","38.38","42.29","42.72","46.05","45.76","54.3","58.61","57.62"
"Iraq","","0.06","0.02","0.14","0.09","0.28","0.65","0.61","0.58","0.57","0.64","0.38","0.32","0.33","0.43","0.44","0.5","0.43","0.41","0.41","0.66","0.61","0.58","0.41","0.54","0.54","0.59","1.11","2.93","2.27","1.9","3.29","2.48","11.79","12.97","13.1","22.69","91.48","64.12","23.92","21.57","31.67","46.01","18.38","35.94","10.18","2019.74","388.17","2095.03","1854.29","38.17","36.85","29.49","27.91","24.71"
"Israel","","62.59","65.46","59.86","68.17","61.76","74.86","59.92","41.27","36.31","35.76","34.06","40.37","39.39","51.22","50.65","51.04","46.67","33.08","58.4","30.27","109.99","-2.54","77.25","49.21","53.75","25.8","34.47","36.52","35.31","18.33","39.34","422.93","135.68","5.08","-57.91","-20.39","-57.27","..","..","..","..","..","..","..","..","..","..","..","..","..","..","..","..",".."
"Jamaica","","..","..","0.01","0.02","..","0.01","0.04","0.12","0.26","0.57","0.41","0.6","0.73","0.83","1.09","2.15","3.93","3.38","2.99","3.24","8.55","11.11","4.97","4.14","5.61","3.67","7","10.37","28.69","42.41","15.45","14.28","5.29","5.62","3.8","0.52","-9.62","-5.83","-5.66","-2.54","1.29","-4.73","-0.79","-2.73","-10.39","-13.78","-7.61","-8.05","-7.81","-6.92","-6.2","-5.39","-3.82","-4.15"
"Jordan","","0.12","0.23","1.11","2.87","2.54","1.54","1","3.51","6.19","2.3","2.18","2.81","16.37","10.54","18.76","17.21","24.7","23.35","19.44","19.25","24.27","17.31","14.76","14.35","9.38","19.15","17.58","27.2","21.54","29.01","173.95","119.84","63.47","29.16","33.34","35.82","67.54","34.78","51.88","58.9","44.28","59.72","51.05","50.35","20.95","21.93","17.18","27.87","21.72","39.77","39.4","35.59","70.56","47.93"
"Kazakstan","","..","..","..","..","..","..","..","..","..","..","..","..","..","..","..","..","..","..","..","..","..","..","..","..","..","..","..","..","..","..","..","111.5","4.9","0.21","7.21","10.45","13.27","6.86","11.29","13.03","10.27","8.21","13.07","16.37","-0.56","14.1","11.3","49.58","18.4","17.52","13.57","5.88","13.98","-25.32"
"Kenya","","0.01","0.03","0.01","3.43","4.45","1.51","4.16","2.04","3.6","2.07","4.92","5.67","4.97","9.01","15.4","20.02","13.37","17.62","40.05","68.29","34.13","41.03","29.62","43.41","37.57","34.53","42.95","52.36","55.9","56.13","143.1","54.49","68","55.14","46.65","52.26","53.52","43.68","39.01","37.2","38.39","32.46","27.12","35.44","41.69","49.55","45.41","62.47","85.29","85.74","79.82","156.56","157.01","98.51"
"Kiribati","","..","..","..","..","..","..","..","..","..","..","..","..","..","..","..","..","..","..","..","..","..","..","0.02","0.01","0.02","0.02","0.02","0.02","0.02","0.03","..","..","0.01","..","..","0.02","..","0.01","0.05","0.02","0.02","0.04","0.03","0.06","0.04","0.08","0.01","0.01","..","..","0.1","0.05","..",".."
"Korea","","..","0.01","0.28","3.45","10.68","4.49","6.58","8.44","2.93","3.77","1.73","4.07","5.13","11.7","16.98","34.68","29.99","24.52","11.83","18.13","14.26","13.22","18.73","24.89","18.65","9.86","6.46","11.3","17","37.31","24.89","27.51","16.68","13.94","18.9","19.27","15.99","14.33","27.87","25.76","..","..","..","..","..","..","..","..","..","..","..","..","..",".."
"Korea, Dem. Rep.","","..","..","..","..","..","..","..","..","..","..","..","..","..","..","..","..","..","..","..","..","..","..","..","..","..","0.1","0.43","0.12","0.14","0.14","0.11","0.7","0.38","3.9","0.47","0.63","0.87","4.79","1.79","2.9","1.49","26.98","33.16","7.2","7.49","5.2","2.9","3.05","5.51","2.72","2.54","2.52","3.11","2.61"
"Kosovo","","..","..","..","..","..","..","..","..","..","..","..","..","..","..","..","..","..","..","..","..","..","..","..","..","..","..","..","..","..","..","..","..","..","..","..","..","..","..","..","..","..","..","..","..","..","..","..","..","..","32.55","30.58","34.18","28.38","31.99"
"Kuwait","","..","..","..","..","..","..","..","..","..","0.06","..","0.01","0.06","0.01","..","0.01","0.01","0.16","0.16","0.07","6.64","5.46","2.43","2.74","2.14","1.93","1.78","1.23","0.54","0.47","0.26","0.44","0.21","0.12","0.08","0.15","..","..","..","..","..","..","..","..","..","..","..","..","..","..","..","..","..",".."
"Kyrgyz Republic","","..","..","..","..","..","..","..","..","..","..","..","..","..","..","..","..","..","..","..","..","..","..","..","..","..","..","..","..","..","..","..","..","..","..","2.02","15.51","10.49","8.68","6.97","7.42","4.75","7.37","11.01","14.79","13.67","27.64","17.88","25.02","21.32","23.98","25.25","32.87","22.87","30.07"
"Laos","","..","..","..","..","0.09","0.29","0.27","0.43","2.24","1.57","1.54","1.38","0.2","1.41","0.86","2.3","2.61","5.79","11","1.93","-0.26","0.24","-0.61","-0.68","-0.53","-0.51","-0.84","-1.89","-1.21","0.38","2.63","5.96","7.36","7.32","8.98","17.35","22.91","16.63","18.38","21.66","13.29","13.64","11.97","15.85","15.87","15.04","18.34","23.76","28.83","27.36","24.8","24.32","31.52","25.84"
"Lebanon","","..","0.11","0.15","0.14","0.61","0.63","0.68","0.82","0.84","0.97","1.73","1.19","1.27","1.46","2.71","2.09","4.09","2.91","2.52","3.25","3.49","3.17","6.09","3.53","3.72","3.16","5.22","8.13","13.7","9.23","9.78","8.31","6.56","6.67","6.83","8.11","7.68","9.58","6.45","6.28","5.53","5.61","7.18","8.88","11.98","12.89","28.93","32.6","36.43","31.56","28.05","29.16","38.02","31.27"
"Lesotho","","..","..","..","0.06","..","0.14","0.02","0.05","0.01","0.05","0.09","0.1","0.02","0.43","1.65","0.61","0.85","1.31","3.65","4.12","18.01","11.83","9.76","14.82","11.73","8.15","11.98","10.54","10.6","12.59","14.42","13.28","14.76","11.86","12.12","15.78","12.25","5.83","5.67","4.96","3.2","4.44","4.66","6.24","5.26","5","6.55","6.76","7.41","5.4","4.97","3.86","6.47","4.3"
"Liberia","","0.84","9.52","44.42","21.98","2.82","8.59","4.76","3.22","0.92","1.36","0.84","0.04","-0.04","0.73","0.79","1.83","3.94","4.42","8.65","16.39","11.29","13.35","11.29","18.92","11.88","6.81","10.97","8.54","7.94","9.02","7.31","3.29","3.55","2.3","2.26","2.57","72.95","-5.73","-2.47","-6.85","-1.28","-6.46","-2.14","-3.21","-3.08","1.32","8.96","10.03","316.6","28.07","50.14","110","15.74","24.13"
"Libya","","0.01","0.02","0.4","0.32","0.36","0.69","0.78","0.68","0.3","0.23","-0.01","0.15","0.16","0.13","0.14","0.14","0.09","0.11","0.06","0.26","0.34","0.31","0.32","0.35","0.3","1.36","0.64","0.72","0.37","0.27","0.32","0.41","0.42","0.64","0.51","1.04","1.1","0.99","2.19","2.08","..","..","..","..","..","3.65","3.86","3.9","3.4","3.59","3.52","15.25","7.4","6.4"
"Macao","","..","..","..","..","..","..","..","..","..","..","..","..","..","..","..","..","..","..","..","..","..","..","..","..","..","0.01","0.02","..","0.06","0.03","0.01","0.02","..","0.02","..","..","..","..","..","..","..","..","..","..","..","..","..","..","..","..","..","..","..",".."
"Madagascar","","0.01","0.05","0.03","0.08","1.99","5.38","5.2","1.58","0.31","0.53","1.82","0.63","0.4","3.83","3.78","3.4","2.79","0.96","-0.62","0.81","-0.32","5.49","8.88","8.44","4.68","14.53","21.46","23.42","14.29","12.62","41.57","29.29","26.76","14.55","15.76","17.76","16.26","47.54","28.65","16.85","14.23","9.96","8.62","16.4","7.57","10.95","11.16","14.01","17.7","17.83","13.14","20.26","14.85","13.94"
"Malawi","","..","..","..","0.01","0.1","0.47","2.34","1.71","0.71","2.29","3.18","4.78","2.27","2.69","2.03","1.8","1.04","8.09","11.9","28.55","13.18","24.9","21.71","14.54","14.65","11.86","29.08","29.58","27.21","33","51.77","44.38","43.64","51.12","36.8","36.65","31.73","32.79","25.52","28.66","25.45","19.82","24.03","29.4","24.63","25.33","23.83","24.36","29.63","30.2","41.93","26.31","46.66","27.55"
"Malaysia","","0.01","0.01","0.2","0.16","0.5","1.03","1.22","4.17","2.47","1.54","1.2","2.26","4.04","2.39","3.78","3.68","2.5","2.46","2.98","3.74","6.47","7.41","9.21","5.86","4.18","7.17","6.38","7.67","7.3","8.18","8.59","8.57","11","10.8","6.52","7.73","7.51","6.4","5.9","6.23","5.45","4.11","4.48","6.28","7.26","7.91","7.99","9.57","10.83","10.98","11.22","10.8","9.12","9.13"
"Maldives","","..","..","..","..","..","..","..","..","..","..","..","..","..","..","..","0.01","0.02","0.01","0.03","0.1","0.13","0.13","0.1","0.09","0.29","0.93","0.48","1.52","1.57","0.96","0.88","0.27","0.17","0.08","1.24","1.99","0.25","0.07","0.15","0.14","0.15","0.15","0.03","0.01","0.01","0.62","..","0.02","0.06","0.05","0.14","0.28","0.74","0.91"
"Mali","","..","..","0.91","1.71","0.79","0.38","0.52","0.53","0.59","1.12","1.95","3.56","2.66","7.01","13.27","11.59","17.76","16","22.06","27.67","27.03","33.54","28.88","17.13","19.3","28.05","24.21","31.61","39.06","39.91","31.01","44.39","24.09","24.65","25.68","46.2","65.69","55.68","51.38","48.76","31.64","19.29","27.95","23.53","26.36","29.04","40.15","40.64","39.39","46.91","60.32","36.49","52.28","68.08"
"Malta","","..","..","..","..","0.01","0.01","..","0.01","0.04","0.09","0.16","0.31","0.25","0.24","0.37","3.33","2.46","0.38","9.29","2.45","0.83","0.54","0.22","1.3","0.26","0.74","-0.33","-0.71","-0.66","-0.54","-0.76","-0.74","-0.78","-0.67","-0.73","-0.73","-0.71","-0.66","-0.69","-0.6","-0.59","-0.57","-0.62","..","..","..","..","..","..","..","..","..","..",".."
"Marshall Islands","","..","..","..","..","..","..","..","..","..","..","..","..","..","..","..","..","..","..","..","..","..","..","..","..","..","..","..","..","..","..","..","..","..","..","..","..","..","..","..","..","..","0.01","0.01","..","0.01","..","..","..","..","0.14","..","..","..",".."
"Mauritania","","..","0.02","..","0.01","0.06","0.04","0.05","0.08","0.47","0.68","0.63","0.74","0.89","3.72","6.01","2.23","2.92","5.27","16.18","9.07","11.8","7.79","13.55","16.66","9.03","8.02","13.88","7.57","15.69","62.3","16.53","17.24","19.12","13.23","18.85","12.03","12.26","16.79","-2.44","17.48","7.61","9.7","25.64","10.33","11.29","12.48","13.78","12.88","17.37","11.61","7.68","9.3","24.13","16.77"
"Mauritius","","..","..","..","..","..","..","..","..","0.02","..","0.03","0.03","0.07","0.19","0.17","0.21","0.08","0.13","0.31","0.34","0.41","0.41","0.38","0.67","1.02","1.45","1.37","7.97","7.58","3.1","23.47","-2.31","-2.98","4.53","-3.14","-18.67","-18.08","-15.34","0.73","-9.91","-2.8","-1.15","1.44","-0.4","-1.34","-0.94","-0.12","-0.12","0.75","0.54","-0.21","-0.17","-0.16","0.07"
"Mayotte","","..","..","..","..","..","..","..","..","..","..","..","..","..","..","..","..","..","..","..","..","..","..","..","..","..","..","..","..","..","..","..","..","..","..","..","..","..","..","..","..","..","..","..","..","..","..","..","..","..","0.01","..","..","..",".."
"Mekong Delta Project","","..","..","..","..","..","..","..","..","..","..","..","..","..","0.14","..","..","..","..","..","..","..","..","..","..","..","0.02","..","..","..","..","..","..","..","..","..","..","..","..","..","..","..","..","..","..","..","..","..","..","..","..","..","..","..",".."
"Mexico","","3.6","2.35","2.78","4.4","-1.22","-1.28","0.92","1.15","1.21","1.63","3.07","2.12","2.68","3.11","4.11","4.63","4.59","6.16","7.83","7.77","15.36","22","36.64","28.06","6.74","7.06","9.47","5.28","8.49","10.72","9.25","8.08","16.53","15.84","14.6","13.76","12.35","12.51","12.8","16.47","15.28","14.18","14.97","22.65","23.29","25.3","25.76","28.23","39.15","40.79","35.5","91.25","79.45","139.51"
"Micronesia","","..","..","..","..","..","..","..","..","..","..","..","..","..","..","..","..","..","..","..","..","..","..","..","..","..","..","..","..","..","..","..","..","1.13","..","..","..","..","..","..","..","0.01","..","0.01","0.01","0.01","..","..","..","0.03","0.05","0.03","0.04","0.03","0.02"
"Moldova","","..","..","..","..","..","..","..","..","..","..","..","..","..","..","..","..","..","..","..","..","..","..","..","..","..","..","..","..","..","..","..","..","..","..","..","..","..","2.74","2.36","2.67","1.9","1.88","2.4","5.52","6.25","7.81","9.42","9.28","10.72","9.02","8.67","8.58","21.5","10.64"
"Mongolia","","..","..","..","..","..","..","..","..","..","..","..","..","..","..","..","..","..","..","..","..","..","..","..","..","..","..","..","..","..","0.02","4.38","6.11","17.52","10.93","10.96","11.8","11.83","13.95","17.02","19.56","18.78","24.93","23.19","29.94","26.54","28.17","29.73","30.31","32.36","25.39","29.07","34.72","43.12","32.93"
"Montenegro","","..","..","..","..","..","..","..","..","..","..","..","..","..","..","..","..","..","..","..","..","..","..","..","..","..","..","..","..","..","..","..","..","..","..","..","..","..","..","..","..","..","..","..","..","..","..","..","-0.23","14.92","13.48","13.75","4.08","6.01","17.35"
"Montserrat","","..","..","..","..","..","0.83","..","..","..","..","..","..","..","..","..","..","..","..","..","..","..","..","..","..","..","..","..","..","..","..","..","..","..","..","..","..","..","..","..","..","..","..","..","..","..","..","0.01","..","0.02","..","..","..","..",".."
"Morocco","","0.01","0.01","0.2","0.6","0.36","11.56","2.18","14.59","25.23","12.19","16.24","28.33","12.59","11.06","11.17","32.24","9.21","19.12","31.29","42.85","9.69","15.1","43.05","15.33","32.33","27.63","71.42","36.43","81.48","83.1","71.09","67.74","90.12","34.96","11.03","36.27","-0.93","14.95","-41.45","30.91","6.18","29.25","16.88","15.7","34.5","61.75","104.49","142.82","90.6","81.67","38.94","56.09","11.54","54.3"
"Mozambique","","..","..","..","..","..","..","..","..","..","..","0.02","0.02","0.01","0.02","0.21","0.23","0.16","0.29","0.35","1.48","2.33","2.3","2.62","1.65","6.51","4.82","11.41","29.66","24.58","21.07","37.39","64.55","36.29","136.21","101.31","110.9","41.27","40.49","85.16","51.57","47.76","40.7","156.93","37.91","38.65","42.64","64.85","61.78","74.93","113.79","76.9","91.94","60.35","62.71"
"Myanmar (Burma)","","0.05","0.14","0.08","3.88","-0.42","-0.39","1.28","2.2","2.01","3.8","3.45","6.48","4.48","4.97","6.81","3","5.16","9.56","15.77","51.78","26.26","30.48","59.69","75.28","25.13","64.96","22.42","25.65","37.09","4.6","2.4","4.04","3.24","1.59","1.41","1.28","1.53","1.44","1.21","1.6","1.48","1.81","1.68","2.4","4.73","4.35","5.46","5.8","14.33","9.72","18.31","10.73","12.52","8.57"
"Namibia","","..","..","..","..","..","..","..","..","..","..","..","..","..","..","..","..","..","..","..","..","..","..","..","..","..","1.39","2.03","3.96","7.77","6.94","9.92","14.05","19.66","27.49","27.57","51.48","43.1","26.55","36.11","48.51","24.43","18.41","18.26","31.84","33.19","21.44","13.94","21.18","22.23","36.72","24.01","68.7","43.05","26.6"
"Nauru","","..","..","..","..","..","..","..","..","..","..","..","..","..","..","..","..","..","..","..","..","..","..","..","..","..","..","..","..","..","..","..","0.01","..","..","0.01","..","..","..","..","..","..","..","..","..","..","..","..","..","..","..","..","..","..",".."
"Nepal","","..","..","..","..","0.04","0.6","1.02","0.4","0.33","0.89","1.05","1.55","3.24","4.93","2.47","10.2","4.31","4.86","8.09","17.11","18.81","5.96","7.98","17.15","10.25","10.58","21.29","26.74","68.53","37.98","35.56","36.89","36.93","22","22.57","19.51","25.71","24.6","24.5","22.14","21.81","37.92","34.52","63.05","52.55","63.07","33.03","48.89","62.25","59.61","41.95","40.42","64.78","44.27"
"Netherlands Antilles","","..","..","..","0.07","..","0.01","..","..","..","..","..","..","..","..","0.09","0.09","0.1","0.26","0.11","0.17","0.18","0.28","0.07","..","..","0.01","..","..","..","..","..","..","..","..","..","..","..","..","..","..","..","..","..","..","..","..","..","..","..","..","..","..","..",".."
"New Caledonia","","..","..","..","..","..","..","..","..","..","..","..","..","..","..","..","..","..","..","..","..","..","..","..","..","..","..","..","..","..","..","..","..","..","..","..","..","..","..","..","..","..","..","..","..","..","..","..","..","..","..","..","..","..",".."
"Nicaragua","","..","..","0.02","0.03","0.05","0.13","0.12","0.14","0.14","0.21","0.43","0.95","1.97","4.51","3.85","3.94","3.4","3.14","1.03","17.83","8.27","11.95","8.48","6.88","4.52","4.73","8","6.24","6.84","11.04","20.43","41.07","47.59","28.76","43.94","174.56","402.98","29","49.61","28.25","26.88","31.81","34.45","128.63","278.02","24.53","22.78","30.75","26.08","28.8","27.71","21.81","22.11","16.21"
"Niger","","..","..","0.01","0.1","0.31","0.26","0.33","1.88","1.62","1.58","1.2","1.51","1.46","4.55","13.03","10.97","12.06","11.92","16.21","30.34","21.53","32.89","38.11","27.6","14.39","21.88","20.89","20.7","24.84","34.26","39.27","32.37","33.83","46.58","27.31","21.8","18.26","17.41","20.49","17.68","11.61","15.69","14.86","14.91","16.71","24.77","21.26","21.4","20.96","22.04","22.64","29.86","39.39","22.52"
"Nigeria","","0.09","0.01","0.09","0.82","0.64","4.33","5.65","7.16","4.8","14.92","16.22","6.25","10.76","14.51","22.66","8.97","5.43","1.73","1.57","0.78","2.32","1.2","1.82","0.72","1.75","3.09","7.49","11.07","9.67","8.85","17.96","36.44","15.17","14.5","12.57","16.18","14.49","14.05","14.06","7.71","11.28","13.32","37.71","10.33","13.67","1180.87","1710.41","25.45","27.53","26.7","38.98","21.78","38.32","73.24"
"Niue","","..","..","..","..","..","..","..","..","..","..","..","..","..","..","..","..","..","..","..","..","..","..","..","..","..","..","..","..","..","..","..","..","..","..","..","..","..","0.01","..","0.01","0.01","0.01","0.01","0.02","0.03","..","..","..","..","..","..","0.02","..",".."
"Northern Marianas","","..","..","..","..","..","..","..","..","..","..","..","..","..","..","..","..","0.07","0.01","..","..","..","..","..","..","..","..","..","..","..","..","0.01","..","..","1.14","..","..","..","..","0.01","..","..","..","..","..","..","..","..","..","..","..","..","..","..",".."
"Oman","","..","..","..","..","..","..","..","..","..","..","..","..","0.02","0.01","..","..","0.02","0.12","0.02","0.03","0.09","0.06","0.12","0.16","0.22","0.61","0.75","0.45","0.84","0.97","2.26","1.3","1.19","0.69","0.68","0.86","0.92","0.42","0.44","0.39","0.15","0.07","0.08","0.07","0.2","0.23","0.25","0.35","0.47","0.65","1","..","..",".."
"Pakistan","","0.16","5.33","19.73","42.01","46.04","42.29","23.94","19.8","32.1","28.55","37.29","66.8","41.61","6.63","76.4","51.22","-8.25","38.54","42.6","19.1","25.68","33.51","30.52","9.05","34.6","73.99","74.89","50.5","96.56","54.22","124.09","79.26","79.64","38.51","86.54","21.43","15.82","-26.58","-21.2","83.43","2.43","20.1","76.18","-4.66","20.41","34.11","59.47","62.43","89.03","107.45","142.1","125.66","101.93","93.33"
"Palau","","..","..","..","..","..","..","..","..","..","..","..","..","..","..","..","..","..","..","..","..","..","..","..","..","..","..","..","..","..","..","..","..","..","..","1.34","..","..","..","..","..","0.02","0.01","..","0.02","..","..","..","..","0.13","0.06","0.18","0.23","0.25","0.09"
"Panama","","..","..","..","..","0.03","0.08","0.08","0.1","0.09","0.15","0.1","0.25","0.39","0.39","0.23","0.51","0.45","0.34","0.88","0.68","0.78","0.79","0.5","0.81","4.13","0.88","1.23","1.31","1.49","1.31","1.9","1.89","2.85","3.02","3.1","4.28","4.58","3.82","3.06","2.94","2.47","1.67","1.66","1.82","1.32","1.13","1.1","1.05","1.15","1.65","1.37","1.47","5.75","-12.96"
"Papua New Guinea","","..","..","..","..","..","..","..","..","..","..","..","..","..","..","0.55","0.62","0.33","0.47","0.62","0.79","3.42","7.36","4.84","2.09","8.9","3.38","5.87","8.59","6.66","6.43","8.02","7.36","10.06","9.7","9.81","6.84","1.48","4.49","2.95","2.98","3.9","3.33","3.16","2.49","1.92","2.4","-0.92","-0.97","0.07","2.47","0.83","1.59","1.92","1.06"
"Paraguay","","0.01","..","0.03","0.66","0.06","1.45","1.1","1.44","1","1.78","1.33","2.12","4.19","6.01","5.31","3.93","4.44","4.16","3.43","4.58","4.71","4.63","5.25","6.18","5.63","6.67","10.01","10.57","11.1","10.65","12.34","12.98","12.82","10.77","6.18","14.18","9.75","20.09","12.13","10.57","4.38","3.59","3.45","4.92","1.81","2.53","4.19","4.78","6.99","6.2","5.39","4.1","10.19","6.46"
"Peru","","0.04","0.09","0.11","0.26","0.32","18.69","6.05","10.08","3.89","3.64","5.7","7.88","8.54","8.49","11.88","12.85","16.73","24.29","40.55","49.64","58.6","49.38","32.86","41.34","35.26","35.56","62.75","71.37","48.65","55.27","60.42","54.97","40.85","142.7","51.69","45.59","42.37","85.09","50.36","11.3","33.97","24.17","24.32","24.28","19.74","38.98","25.11","7.58","93.55","79.8","51.85","217","93.8","80.24"
"Philippines","","..","0.09","0.24","2.17","1.84","1.17","0.6","4.2","7.41","1.3","2.1","1.8","1.91","1.57","0.24","9.06","8.24","7.51","10.32","11.01","11.65","10.35","19.98","35.36","17.71","17.86","37.63","24.91","30.02","36.35","44.04","47.51","75.06","88.41","56.4","67.63","106.57","56.58","45.41","22.05","23.25","19.13","14.54","27.79","39.11","49.43","47.24","28.16","31.62","40.13","26.28","10.17","22.65","36.5"
"Qatar","","..","..","..","..","..","..","..","..","..","..","..","..","..","..","..","..","0.83","0.07","0.02","0.05","0.04","0.03","0.03","0.02","0.02","0.01","0.01","0.03","0.03","0.03","0.07","0.07","0.03","0.05","0.05","0.09","..","..","..","..","..","..","..","..","..","..","..","..","..","..","..","..","..",".."
"Rwanda","","..","..","0.01","0.07","0.25","0.35","0.67","0.65","0.73","0.89","0.99","1.68","1.83","2.09","3.41","5.33","8.24","12.06","12.25","17.23","16.83","19.04","25.26","23.75","20.12","23.59","19.3","22.03","25","27.15","31.82","40.05","43.59","38.56","46.57","52.06","45.64","26","20.55","18.76","13.77","14.59","10.75","13.87","16.6","18.5","19.39","23.08","24.51","43.97","48.31","47.35","32.07","27.68"
"Samoa","","..","..","..","..","..","..","..","..","..","..","..","..","..","..","..","0.05","0.18","0.23","0.81","7.43","2.51","1.7","1.24","0.94","1.08","0.8","1.89","2.69","2.79","2.2","1.98","1.2","1.49","0.6","0.2","0.09","0.1","0.05","..","0.35","0.73","0.49","0.03","0.03","0.03","..","..","..","0.02","0.21","0.01","0.51","0.08","0.09"
"Sao Tome & Principe","","..","..","..","..","..","..","..","..","..","..","..","..","..","..","..","..","..","..","0.03","0.04","0.06","..","..","0.22","0.25","0.09","0.28","0.05","0.3","0.16","1.27","1.39","0.96","0.72","0.92","0.83","0.58","0.3","0.43","0.24","0.16","0.04","-0.01","7.37","0.02","0.01","2.22","6.43","0.03","0.01","0.02","0.08","0.02","0.01"
"Saudi Arabia","","..","..","0.01","..","..","0.02","0.03","0.07","0.1","0.05","0.08","0.25","0.33","0.22","0.43","0.05","0.02","1.41","0.29","0.8","1.02","10.17","10.26","1.93","2.23","1.02","2.65","3.72","2.06","0.78","0.88","2.08","2.03","1.85","1.74","1.88","0.55","0.76","1.85","1.76","1.07","0.41","0.61","0.93","1.7","1.23","1.08","1.53","..","..","..","..","..",".."
"Senegal","","..","0.03","0.84","1.96","2.57","1.39","1.12","0.02","0.15","7.54","0.85","2.69","1.06","2.63","5.54","4.04","2.65","8.08","5.83","11.69","11.89","12.62","16.6","19.32","20.7","14.58","19.74","15.23","19.16","20.21","80.42","24.44","19.65","15.75","18.27","16.96","35.83","34.18","34.69","26.39","16.75","16.73","13.16","20.5","33.08","34.31","34.84","27.14","27.78","22.16","23.06","25.44","33.99","21.43"
"Serbia","","..","..","..","..","..","..","..","..","..","..","..","..","..","..","..","..","..","..","..","..","..","..","..","..","..","..","..","..","..","..","..","..","..","..","..","43.79","41.61","28.39","34.2","119.05","98.65","78.28","531.41","116.75","87.36","67.81","202.49","78.39","107.81","114.53","126.26","71.46","52.61","30.66"
"Seychelles","","..","..","..","..","..","..","..","..","..","..","..","..","..","..","0.01","0.02","0.01","..","0.79","1.15","1.42","1.04","0.73","0.18","0.09","0.58","0.5","0.45","0.39","1.21","1.46","0.67","0.78","0.37","0.1","0.04","0.64","0.64","0.13","-0.11","-0.14","0.04","-0.3","-0.57","-0.16","0.09","0.07","0.08","0.06","0.08","0.52","0.58","0.02","0.03"
"Sierra Leone","","..","..","..","0.06","0.02","1.19","1.25","0.27","4.15","1.52","0.29","2.92","3.49","4.14","1.14","5.21","2.58","4.84","4.33","5.27","14.72","12.36","14.7","10.37","7.07","10.47","8.41","11.11","21.27","24.43","11.61","9.23","9.31","16.83","7.4","16.29","10.61","2.85","1.89","4.39","3.45","11.95","15.93","12.43","11.66","6.35","10.76","36.53","14.85","15.76","13.32","16.7","14.06","10.87"
"Singapore","","..","..","..","..","..","0.06","0.06","0.13","0.6","0.14","1.34","1.9","1.55","1.11","2.25","1.02","1.42","1.62","1.79","3.19","4.58","5.04","6.97","4.55","4.46","6.56","5.41","4.48","3.64","78.25","0.82","-0.78","-2.92","-2.62","-2.25","-2.47","..","..","..","..","..","..","..","..","..","..","..","..","..","..","..","..","..",".."
"Slovenia","","..","..","..","..","..","..","..","..","..","..","..","..","..","..","..","..","..","..","..","..","..","..","..","..","..","..","..","..","..","..","..","..","..","..","..","2.55","21.76","-15.47","-0.04","1.85","-2.44","-6.7","-2.9","..","..","..","..","..","..","..","..","..","..",".."
"Solomon Islands","","..","..","..","..","..","..","..","..","..","..","..","..","..","..","..","..","..","..","..","0.01","..","..","..","0.01","0.02","0.01","0.11","0.21","0.36","0.29","2.01","0.54","0.19","0.26","0.53","1.13","1.45","0.33","0.47","0.26","0.13","-0.18","0.02","..","..","..","0.02","0.07","..","0.01","0.01","..","0.07","0.1"
"Somalia","","..","0.01","0.05","2.05","4.04","4.11","2.49","2.86","2.12","3.63","6.45","1.73","1.78","6.25","2.3","3.64","4.98","6.63","20.01","10.96","27.85","18.65","23.85","25.11","17.71","20.67","43.63","50.97","31.64","24.64","20.77","10.31","27.59","20.04","10.46","7","3.2","1.72","1.56","3.68","3.07","1.12","2.83","2.62","2.52","5.14","7.02","13.58","10.07","20.94","12.46","34.01","13.67","14.53"
"South Africa","","..","..","..","..","..","..","..","..","..","..","..","..","..","..","..","..","..","..","..","..","..","..","..","..","..","..","..","..","..","..","..","..","..","8.37","19.67","22.88","29.26","29.55","42.14","51.12","41.59","36.93","42.39","41.23","56.54","36.99","40.53","101.49","150.1","86.88","39.53","105.29","54.36","52.38"
"South Sudan","","..","..","..","..","..","..","..","..","..","..","..","..","..","..","..","..","..","..","..","..","..","..","..","..","..","..","..","..","..","..","..","..","..","..","..","..","..","..","..","..","..","..","..","..","..","..","..","..","..","..","..","17.37","34.39","34.57"
"Sri Lanka","","0.55","0.47","0.71","2.56","1.32","2.41","2.85","9.08","5.74","6.86","5.53","2.35","6.88","10.99","18.82","17.15","11.06","9.64","33.45","31.31","19.14","9.6","24.43","42.58","33.74","53.59","73.2","39.67","37.17","40.79","26.18","11.17","4.04","14.42","7.01","11.4","15.84","9.75","18.99","10.78","21.2","31.07","7.77","16.31","28.57","75.23","63.94","21.29","11.14","-5.59","-6.37","1.89","-0.31","-3.55"
"St. Helena","","..","..","..","..","..","..","..","..","..","..","..","..","..","..","..","..","..","..","..","..","..","..","..","..","..","..","..","..","..","..","..","..","..","..","0.01","0.01","0.01","0.01","..","..","..","..","..","..","..","..","..","..","..","..","0.02","..","..",".."
"St. Kitts-Nevis","","..","..","..","..","..","..","..","..","..","..","..","..","..","..","..","..","..","..","..","..","..","..","..","..","..","..","0.03","0.03","0.03","0.18","0.02","..","0.01","0.01","0.02","0.01","..","0.01","0.01","0.03","..","..","..","..","..","..","..","..","..","..","0.05","0.01","..",".."
"St. Lucia","","..","..","..","..","..","..","..","..","..","..","..","..","..","..","..","..","..","..","..","..","0.04","0.05","0.08","0.01","0.01","0.04","0.07","0.11","0.16","0.04","0.02","0.05","0.02","0.06","0.01","0.05","0.01","0.04","0.01","0.01","0.01","0.01","0.02","0.04","0.04","0.01","0.01","0.02","0.02","0.12","0.05","0.03","..","0.02"
"St.Vincent & Grenadines","","..","..","..","..","..","..","..","..","..","..","..","..","..","..","..","..","..","..","..","..","..","..","0.01","..","..","0.03","0.05","0.04","0.05","0.05","0.06","0.04","0.03","0.07","0.04","0.05","0.02","0.03","..","0.01","0.01","0.01","0.01","0.01","0.01","..","..","..","0.39","0.02","0.03","0.03","..","0.01"
"Sts Ex-Yugo. Unspec.","","12.64","-4.05","-4","-2.01","0.04","-2.14","0.18","0.21","0.24","0.32","1.1","0.91","1.79","115.05","110.34","58.97","58.94","63.07","4.1","4.08","2.89","-3.58","-3.66","-0.6","-5.02","1.85","-3.29","6.38","23.43","17.64","-2.05","24.45","635.68","515.59","302.52","-0.25","-149.82","..","..","-21.89","..","..","..","..","..","..","..","..","..","..","..","..","..",".."
"Sudan","","3.86","0.59","1.46","1.76","-0.15","11.76","2.98","2.58","2.06","0.4","-0.81","-0.98","4.36","8.56","20.77","34.23","22.53","14.47","38.15","41.45","62.42","71.02","56.48","67.52","47.65","70.76","56.89","47.36","51.09","48.26","47.73","41.29","50.02","26.36","24.52","17.13","19.42","9.17","17.1","12.65","12.02","11.26","14.52","15.5","48.32","44.89","50.72","36.93","47.3","47.22","39.18","29.6","26.43","18.96"
"Suriname","","..","..","..","..","..","..","..","..","..","..","..","..","..","..","..","0.91","0.01","0.04","0.5","1.73","0.83","0.62","..","0.01","0.04","0.04","0.08","0.04","0.02","0.04","0.05","0.01","0.04","0.02","0.08","0.07","0.04","0.05","0.04","0.03","0.03","0.01","0.02","0.02","0.05","0.06","0.07","0.05","0.01","0.04","0.09","0.04","0.04","0.1"
"Swaziland","","..","..","..","..","..","..","..","0.09","..","0.03","0.04","0.07","0.07","0.13","0.5","0.77","1.13","1.12","12.82","13","2.49","2.28","2.79","3.71","1.84","1.74","2.87","3.71","2.82","3.13","3.89","3.38","2.35","1.76","6.1","8.94","4.43","-1.01","-2.26","0.15","-0.87","-1.32","-2.13","-2.06","-3.11","-1.19","-3.04","-5.92","-0.98","-0.24","-0.63","0.71","-0.53","-0.54"
"Syria","","0.48","0.24","6.72","0.97","-0.44","-1.27","1.01","0.79","0.77","0.68","0.73","0.57","0.48","0.67","2.4","1.04","9.59","1.83","12.06","9.03","25.44","39.12","28.56","18.59","3.51","2.13","18.82","28.53","49.16","52.62","44.2","99.64","17.18","20.17","16.52","19.09","18.96","11.98","17.05","15.3","12.01","83.33","-12.75","-0.62","-0.15","12.88","-9.37","7.95","27.03","37.78","45.85","45.38","106.76","311.9"
"Tajikistan","","..","..","..","..","..","..","..","..","..","..","..","..","..","..","..","..","..","..","..","..","..","..","..","..","..","..","..","..","..","..","..","..","..","0.74","0.55","4.62","5.37","5.13","3.32","3.91","3.47","4.74","10.16","4.67","5.42","8.33","8.7","12.56","22.17","26.12","34.68","39.69","43.21","26.75"
"Tanzania","","..","0.01","0.14","2.79","9.14","4.17","6.18","3.7","3.37","3.07","3.93","5.97","6.2","8.97","12.85","28.58","20.35","29.57","55.39","79.91","74.5","54.81","58.77","36.29","49.86","32.89","44.99","60.22","68.07","51.83","61.35","74.76","68.51","72.03","64.38","67.18","58.74","59.27","109.9","66.6","34.75","48.19","23.22","98.53","56.4","49.88","49.34","65","87.43","87.13","134.48","93.51","109.73","75.08"
"Thailand","","0.07","0.09","0.45","1.16","7.52","8.16","8.89","9.67","7.63","6.91","3.21","1.42","0.69","0.09","1.46","5.31","5.69","6.82","6.08","42.53","56.11","45.74","25.45","23.66","26.09","32.17","27.66","21.89","35.11","38.84","61.52","49.78","38.24","24.79","44.37","18.2","23.23","35.26","45.28","57.46","19.22","7.71","-4.24","-13.03","-1.52","9.21","26.8","-2.04","-19.22","1.86","-23.24","-48.91","-16.84","3.28"
"Timor-Leste","","..","..","..","..","..","..","..","..","..","..","..","..","..","..","..","..","..","..","..","0.11","..","..","..","..","..","..","..","..","..","..","..","..","..","..","..","..","..","..","..","..","1.73","1.97","1.34","3.1","3.38","4.79","5.38","6.24","6.66","5.63","9.42","8.02","8.23","7.88"
"Togo","","0.01","1.36","0.46","1.43","5.22","3.73","5.31","5.31","2.57","3.56","5.11","3.12","2.59","4.28","10.6","8.4","4.53","22.47","38.88","27.64","17.24","11.87","20.61","12.95","11.43","14.08","15.99","26.77","24.53","30.55","36.55","25.36","48.42","16.71","14.04","12.81","20.11","8.68","11.77","10.12","8.68","7.34","8.05","11.81","9.7","8.35","8.02","12.08","8.44","24.03","8.84","33.73","8.33","18.48"
"Tokelau","","..","..","..","..","..","..","..","..","..","..","..","..","..","..","..","..","..","..","..","..","..","..","..","..","..","..","..","..","..","..","..","..","..","..","..","..","..","..","..","..","..","..","..","..","..","..","..","..","..","..","..","..","..",".."
"Tonga","","..","..","..","..","..","..","..","..","..","..","..","..","..","..","..","..","..","0.02","0.19","11.39","2.45","2.27","0.64","1.06","0.76","1.12","1.01","0.78","0.02","1.06","0.92","0.29","1.41","0.15","-0.03","0.02","0.25","-0.36","-0.6","-0.8","-0.73","-0.72","-1.15","-0.93","-1.01","-1.04","-0.52","-1.71","0.01","..","..","..","..","0.01"
"Trinidad & Tobago","","..","..","0.01","0.03","..","..","0.02","0.01","0.01","0.02","0.12","0.32","0.28","0.24","0.41","0.23","0.14","0.05","0.08","0.08","0.37","0.07","0.38","0.38","0.11","0.07","15.78","31.53","-1.12","-4.28","0.28","-8.5","-5.63","-4.48","-4.61","-5.19","-4.89","-4.34","-4.64","-3.61","0.16","0.06","0.1","0.26","0.36","0.38","0.3","0.38","0.26","0.22","0.37","..","..",".."
"Tunisia","","0.18","0.03","0.5","0.24","1.78","8.98","4.42","5.67","8.69","16.02","12.1","15.33","19.77","16.17","24","23.57","34.56","60.01","49.2","37.72","26.46","52.08","57.77","50.68","23.67","18.11","8.44","10.17","36.42","20.22","-7.98","22.28","7.23","20.74","-10.9","-22.1","-19.2","9.89","-1.82","-11.85","1.92","7.97","-5.2","11.68","12.26","29.03","39.61","27.47","27.42","30.8","23.86","31.13","42.72","67.73"
"Turkey","","31.32","22.3","23.08","28.75","16.53","23.28","11.84","11.69","20.87","29.29","34.73","12.81","37.27","28.97","9.69","12.05","19.29","31.47","156.92","342.08","326.7","293.85","79.63","42.9","17.68","38.06","89.06","248.83","185.85","133.25","241.54","174","60.35","50.47","25.75","13.43","82.82","24.27","-12.14","5.58","-20.96","66.25","-71.04","-11.36","-46.18","-33.56","-52.78","-55.55","-50.07","6.7","-10.25","58.65","28.95","228.75"
"Turkmenistan","","..","..","..","..","..","..","..","..","..","..","..","..","..","..","..","..","..","..","..","..","..","..","..","..","..","..","..","..","..","..","..","..","..","..","0.01","0.27","0.25","0.46","0.51","0.92","0.72","0.89","0.81","0.97","1.18","1.16","0.75","0.79","1.84","1.85","1.83","1.59","1.83","1.46"
"Turks & Caicos Islands","","..","..","..","..","..","..","..","..","..","..","..","..","..","..","..","..","..","..","..","..","..","..","..","..","..","..","..","..","..","..","..","..","..","..","..","..","..","..","..","..","..","..","..","..","..","..","..","..","..","..","..","..","..",".."
"Tuvalu","","..","..","..","..","..","..","..","..","..","..","..","..","..","..","..","..","..","..","..","..","..","..","0.01","..","..","0.01","0.01","0.08","0.09","0.06","0.08","0.11","0.11","0.09","0.18","0.09","0.04","..","..","..","..","..","0.01","0.02","0.02","..","..","..","..","..","..","..","0.02",".."
"Uganda","","..","..","0.02","0.06","0.11","0.43","5.59","1.51","3.13","2.52","2.46","1.93","1.72","2.07","3.82","2.08","6.9","0.77","3.07","2.51","5.73","11.44","7.69","5.95","3.52","4.36","12.86","15.77","18.72","19.94","26.95","34.2","22.98","54.27","29.54","47.22","40.36","38.55","28.28","28.59","18.26","33.21","33.86","26.67","41.75","51.38","54.56","47.58","37.84","60.06","40.94","61.88","47.47","42.07"
"Ukraine","","..","..","..","..","..","..","..","..","..","..","..","..","..","..","..","..","..","..","..","..","..","..","..","..","..","..","..","..","..","..","..","..","..","..","..","..","..","..","..","..","..","..","..","..","..","53.16","58.7","69.11","77.14","121.58","89.11","79.84","82.4","68.92"
"United Arab Emirates","","..","..","..","..","..","..","..","..","..","..","..","..","..","..","..","0.02","0.01","0.01","0.01","5.53","0.12","-4.3","0.15","0.22","0.26","0.24","29.95","109.32","-16.22","-9.73","0.35","-14.56","-13.77","-12.97","-13.15","0.31","..","..","..","..","..","..","..","..","..","..","..","..","..","..","..","..","..",".."
"Uruguay","","..","..","0.01","0.2","0.02","0.65","0.68","0.84","0.98","1.17","1.07","0.88","1.16","1.54","1.56","1.81","2.2","2.28","2.95","2.71","2.88","2.42","3.61","3.06","2.37","3","3.93","6.33","6.34","7.95","8.69","8.14","8.4","8.55","8.68","11.58","8.8","8.42","10.65","7.79","5.31","4.24","2.04","2.19","0.32","0.65","0.25","-2.92","-0.5","-0.27","0.76","-9.02","0.52","13.97"
"Uzbekistan","","..","..","..","..","..","..","..","..","..","..","..","..","..","..","..","..","..","..","..","..","..","..","..","..","..","..","..","..","..","..","..","..","..","0.02","0.97","46.64","29.84","21.41","11.85","8.95","9.26","13.73","21.57","19.01","20.33","16.96","15.78","16.51","29.46","32.07","25.04","16.39","39.42","32.17"
"Vanuatu","","..","..","..","..","..","..","..","..","..","..","..","..","..","..","..","..","..","..","..","..","..","0.03","0.01","0.01","0.02","0.01","..","0.06","0.01","0.01","..","..","0.1","0.12","0.05","..","..","..","..","..","..","..","..","..","..","..","0.01","..","..","0.03","..","..","0.12","0.28"
"Venezuela","","-0.55","-3.15","0.02","0.17","0.52","0.63","0.84","1.11","0.56","1.3","1.56","3.12","3.13","4.74","4.04","3.98","3.73","4.55","5.49","6.19","9.94","6.89","9.17","8.88","7.32","6.86","7.87","9.78","7.08","6.6","62.11","10.63","12.05","11.49","5.21","5.3","4.47","5","4.66","3.36","5.47","2.9","2.97","2.86","2.11","1.98","5.96","5.64","8.21","8.65","6.99","7.94","7.34","6.83"
"Vietnam","","..","0.05","0.13","2.71","5.37","4.88","4.43","1.36","0.17","6.97","7.17","8.42","6.31","6.57","3.03","6.27","1.1","1.58","8.49","0.8","0.25","1.05","0.71","0.57","0.48","0.75","0.86","4.32","5.26","6.59","16.09","22.13","27.71","28.63","52.71","120.42","52.82","40.1","54.78","66.11","33.3","37.9","41.67","61.65","74.81","82.92","86.75","97.64","114.99","112.48","96.38","123.86","98.55","144.29"
"Virgin Islands (UK)","","..","..","..","..","..","..","..","..","..","..","..","..","..","..","..","..","..","..","..","..","..","..","..","..","..","..","..","..","..","..","..","..","..","..","..","..","0.01","..","..","..","..","..","..","..","..","..","..","..","..","..","..","..","..",".."
"Wallis & Futuna","","..","..","..","..","..","..","..","..","..","..","..","..","..","..","..","..","..","..","..","..","..","..","..","..","..","..","..","..","..","..","..","..","..","..","..","..","..","..","..","..","..","..","..","..","..","..","..","..","..","..","..","..","..",".."
"West Bank & Gaza Strip","","..","..","..","..","..","..","..","..","..","..","..","..","..","..","..","..","..","..","..","..","..","..","..","..","..","..","..","..","..","..","..","..","..","..","11.36","20.86","24.61","35.14","30.58","26.4","17.28","17.94","37.88","35.31","31.17","39.84","67.68","75.21","77.38","98.67","104.58","124.06","136.74","117.38"
"Yemen","","0.03","..","0.16","0.31","0.7","0.64","0.29","0.07","0.08","1.85","4.54","8.46","8.8","11.74","19.27","8.68","6.74","15.7","9.42","16.55","20.37","8.82","10.97","9.43","12.41","9.7","15.53","32.35","33.12","27.43","38.04","23.51","29.61","39.83","29.88","42.49","43.11","37.91","31.28","31.62","31.82","27.27","28.36","32.96","35.83","41.81","41.4","60.81","67.19","82.92","82.14","100.81","71.45","124.08"
"Zambia","","..","..","..","..","0.08","0.13","0.11","0.32","0.84","1.22","1.25","1.6","1.81","7.02","7.91","5.46","3.81","5.38","17.27","22.54","35.34","17.56","28.8","25.02","19.22","18.73","32.53","37.22","52","28.22","78.61","113.07","128.96","128.62","54.5","70.95","79.65","16.94","49.97","64.73","112.23","13.81","44.22","233.16","36.22","118.15","287.54","40.68","45.47","55.53","33.28","39.56","34.07","35.83"
"Zimbabwe","","..","..","..","0.06","0.09","0.07","0.03","..","1.58","0.04","0.08","0.19","0.26","0.19","0.7","1.42","1.82","2.06","1.3","1.17","8.15","21.27","22.95","34.07","26.62","27.3","40.8","44.47","40.13","27.44","49.18","49.67","58.6","59.77","25.9","42.09","30.46","38.4","15.93","8.47","12.46","10.18","10.33","11.62","15.69","13.5","9.93","19.45","24.85","34.71","33.08","58.5","56.73","31.62"
"North of Sahara, regional","","..","..","-0.01","-0.01","..","0.01","..","..","..","..","..","..","..","..","..","..","..","..","..","0.03","0.02","..","..","..","..","..","..","..","..","..","..","..","..","0.42","0.21","..","0.01","..","..","0.02","0.03","0.09","2.69","0.72","1.65","7.83","8.1","18.31","44.91","33.35","30.19","80","51.35","102.88"
"South of Sahara, regional","","..","..","..","-0.04","-0.02","0.87","..","1.5","..","0.05","..","..","..","..","0.12","..","0.69","3.96","2.82","2.21","0.76","5.2","10.55","25.1","9.9","17.21","16.55","18.04","19.76","10.17","14.87","22.16","21.25","14.25","7.32","9.7","18.42","13.27","10.61","10.97","15.01","15.82","35.56","18.24","37.94","40.52","116.71","81.72","117.33","114.61","125.93","163.61","230.35","222.06"
"Africa, regional","","..","..","..","..","..","0.55","1.72","0.49","2.06","2.41","1.02","1.17","0.62","4.9","0.15","1.55","6.39","5.88","7.01","11.32","9.88","12.15","8.79","14.16","8.6","8.28","18.43","16.82","23.49","9.65","13.64","33.38","24.63","22.52","22.41","30.79","32.23","31.34","31.34","28.35","24.41","42.88","30.05","37.93","42.32","44.91","7.6","97.86","111.61","208.84","175.6","229.85","304.82","358.04"
"N. & C. America, regional","","..","..","-0.01","..","..","0.12","..","..","0.5","..","..","0.02","0.89","0.2","0.8","1.69","1.61","..","0.01","..","2.37","1.03","1.14","1.16","0.65","0.6","0.42","2.08","3.14","1.28","-1.04","0.76","0.81","-1.32","-1.78","1.25","3.96","-2.47","-2.48","-1.95","-1.44","-1.65","-1.21","2.08","-1.41","8.1","11.03","7.02","40.35","21.79","40.7","122.41","71.1","70.37"
"South America, regional","","..","..","-0.01","-0.01","0.01","..","..","0.36","0.25","0.34","0.52","0.32","1.61","0.17","1.31","0.8","0.41","0.38","0.35","1.13","0.48","0.24","4.18","0.12","0.16","0.3","0.78","2.52","0.93","1.81","0.47","0.36","0.95","0.69","0.83","1.18","8.12","8.23","10.34","9.25","5.92","6.19","6.66","8.69","11.37","9.84","22.66","64.37","24.05","27.91","38.04","41.8","55.32","90.15"
"America, regional","","..","..","..","0.01","..","0.79","0.59","0.29","0.52","0.52","0.52","0.71","0.59","2.16","0.45","1.05","1.17","2.16","3.21","4.1","3.7","4.66","3.45","5.23","3.42","2.26","1.81","2.66","4.54","4.06","7.04","14.4","24.72","23.91","22.59","24.27","21.37","20.63","30.03","28.35","29.3","21.02","25.45","27.57","38.26","39.97","57.56","62.72","186.89","279.47","138.53","139.74","104.45","433.68"
"Middle East, regional","","..","..","..","..","-0.02","0.01","..","..","0.01","0.04","0.04","0.06","0.06","..","0.01","0.02","0.01","..","0.46","1.44","0.4","3.52","0.65","1.14","1.14","1.13","1.52","3.74","5.84","4.38","-12.02","235.72","7.08","7.58","1.83","3.27","4.18","2.33","2.09","5.03","4.28","4.7","6.75","3.96","6.37","14.46","16.41","48.24","23.89","26.09","28.77","28.15","39.41","113.53"
"Central Asia, regional","","..","..","..","..","..","..","..","..","..","..","..","..","..","..","..","..","..","..","..","..","..","..","..","..","..","..","..","..","..","..","..","..","..","..","..","..","..","..","..","..","..","..","..","..","..","7.87","28.01","25.71","31.15","47.31","94.23","69.37","84.01","63.73"
"South Asia, regional","","..","..","..","..","..","..","..","..","..","..","..","..","..","..","..","..","..","..","..","..","..","..","..","..","..","..","..","..","..","..","..","..","..","..","..","..","..","..","..","..","..","..","..","..","..","0.48","17.64","23.32","6.13","14.35","17.79","9.65","7.98","8.45"
"South & C.Asia, regional","","..","..","-0.01","-0.01","0.01","0.01","..","..","..","0.55","0.06","0.71","0.78","1.22","..","1.15","..","..","..","..","..","..","..","..","..","..","..","..","0.46","7.19","..","..","..","..","0.19","..","0.16","0.66","0.66","1.25","1.34","1.44","5.58","8.11","8.67","..","..","..","..","..","..","..","..",".."
"Far East Asia, regional","","..","..","0.02","-0.01","0.02","0.05","..","0.01","0.01","0.16","0.77","0.05","0.02","..","1.31","0.01","..","0.02","0.01","9.79","0.08","0.01","0.49","..","0.61","..","..","..","..","..","..","0.24","0.25","0.68","0.57","0.45","1.09","1.29","2.29","2.08","1.85","1.42","1.6","1.86","2.65","13.07","27.29","45.98","21.97","19.09","16.07","27.06","29.06","27.99"
"Asia, regional","","..","..","..","0.01","-0.01","0.19","0.17","0.22","0.35","0.08","0.22","2.97","0.86","0.34","0.15","1.1","1.56","1.82","1.92","0.66","2.52","3.02","3.96","10.13","13.34","5.91","21.38","4.27","22.01","..","11.38","10.33","12.91","13.28","16.88","18.91","24.94","27.25","26.27","24.58","25.45","22.23","27.16","31.07","32.91","98.56","107.24","56.83","219.53","158.68","187.87","155.9","189.06","171.78"
"Europe, regional","","9.96","38.66","8.78","12.39","6.65","18.17","11.97","30.7","29.8","39.16","5.19","7.33","-0.42","-8.46","-8.45","14.95","-6.78","6.44","27.54","38.49","63.01","43.49","41.45","27.72","37.09","28.61","37.12","65.66","64.4","55.64","56.83","33.83","52.09","32.03","2.65","6.04","10.57","5.68","11.06","7.55","56.37","53.25","44.75","43.1","45.31","58","134.72","66.69","126.75","97.45","130.79","92.94","85.08","68.92"
"Oceania, regional","","..","..","..","..","..","..","..","..","..","..","..","..","..","0.97","-0.01","..","..","..","0.16","0.03","0.03","0.01","0.05","0.02","0.04","0.03","0.03","0.04","0.12","0.36","0.94","0.28","0.57","0.77","0.38","2.19","2.19","1.58","1.46","0.74","0.82","0.31","0.41","0.61","0.82","1.57","1.37","0.03","1.81","1.93","2.33","5.68","8.13","9.69"
"West Indies, regional","","..","0.01","..","..","..","..","..","..","..","..","..","..","..","..","0.01","0.03","0.03","0.03","0.02","1.24","0.06","0.04","0.01","..","..","..","1.2","..","..","2.17","..","1.29","0.27","0.49","..","0.77","..","..","..","..","..","..","..","..","0.31","..","..","..","..","..","..","..","..",".."
"Developing Countries, Unspecified","","13.76","25.73","59.46","62.4","77.21","27.38","19.02","27.57","19.11","9.6","17.69","22.19","37.47","60.89","57.6","55.88","53.89","60.42","70.53","145.58","183.04","174.21","173.9","187.8","269.56","244.43","353.76","260.11","284.4","311.42","469.33","272.82","405.22","554.49","534.37","643.27","605.87","482.06","483.68","522.15","464.67","475.58","493.49","523.44","609.07","695.52","862","959.7","1073.14","1261.71","2064.19","1598.66","1710.51","1954.43"
"MADCT Unallocated","","..","..","..","..","..","..","..","..","..","..","..","..","..","..","..","..","..","..","..","..","..","..","..","..","..","..","..","..","..","..","..","..","..","..","..","..","..","..","..","..","..","..","..","..","..","..","..","..","..","..","..","..","..",".."
"AfDB (African Dev.Bank)","","..","..","..","..","..","..","..","..","..","..","..","..","..","2.76","..","..","..","..","..","..","..","..","..","8.31","7.46","7.21","9.78","11.8","..","83.18","6.37","5.92","6.62","6.21","..","..","..","..","..","3.29","3.27","3.12","2.88","2.86","3.15","3.29","..","..","..","..","..","..","..",".."
"AfDF (African Dev.Fund)","","..","..","..","..","..","..","..","..","..","..","..","..","..","..","2.62","5.95","11.2","10.98","8.59","30.71","31","24.9","..","60.07","35.12","34.38","36.04","72.68","..","..","90.08","87.63","..","209.2","108.54","..","..","110.71","50.8","..","163.22","71.37","87.09","96.37","102.88","..","233.77","125.71","213.32","217.27","205.18","231.93","236.12","243.61"
"African Solidarity Fund","","..","..","..","..","..","..","..","..","..","..","..","..","..","..","..","..","..","..","..","..","..","..","..","..","..","..","..","..","..","..","..","..","..","..","..","..","..","..","..","..","..","..","..","..","..","..","..","..","..","..","..","..","..",".."
"AsDB (Asian Dev.Bank)","","..","..","..","..","..","..","..","..","3.4","3.47","3.4","4.01","3.48","12.12","20.34","30.21","34.32","22.98","46.43","3.26","2.77","3.31","..","..","3.03","4.82","5.69","6.1","..","65.75","91.89","..","..","..","..","..","3.73","3.53","3.45","3.48","3.27","3.34","..","..","..","..","..","..","..","..","..","..","..",".."
"AsDB Special Funds","","..","..","..","..","..","..","..","..","..","..","..","..","..","..","..","..","..","..","..","156.52","..","..","..","41.16","47.06","48.08","33.12","54.83","34.68","..","..","..","51.16","75.05","114.05","..","40.16","37.49","36.96","72.36","23.59","..","108.26","46.11","63.16","49.61","48.69","50.61","53.33","52.5","75.3","70.27","65.56","75.97"
"CarDB (Carribean Dev. Bank)","","..","..","..","..","..","..","..","..","..","..","..","..","..","..","..","..","..","0.57","3.01","0.69","1.54","0.99","2.03","0.91","0.16","0.41","1.11","1.45","0.39","..","1.29","1.87","1.53","1.92","5.15","4.31","..","..","..","..","..","..","..","..","..","..","5.95","3.24","3.42","4.28","4.07","6.37","5.96","6.18"
"CABEI","","..","..","..","..","..","..","..","..","..","..","..","..","..","..","..","..","..","4.69","..","1.31","5.89","3.53","0.45","-0.27","1.78","0.63","-0.01","-0.76","0.19","13.91","..","14.28","3.47","3.27","..","..","..","2.39","2.35","2.26","..","..","..","..","..","..","..","..","..","..","..","..","..",".."
"EC","","..","..","..","..","..","..","..","..","30.4","..","..","..","..","..","116.9","137.82","60.19","86.85","109.4","166.6","200.52","273.82","202.89","217.05","264.44","260.68","281.31","263.76","422.87","360.97","372.32","739.49","628.57","639.5","859.19","1019.43","1041.33","973.6","794.84","806.01","810.87","882.3","900.99","1017.58","1201.74","1437.88","1365.4","1536.1","1733.54","1770.34","1768.81","1730.35","1661.14","1739.63"
"EDF","","..","..","..","..","..","..","..","..","..","37.9","56.6","91.13","59.09","62.76","61.86","92.17","140.04","134.14","50.26","151.61","266.39","162.2","173.72","170.91","160.67","141.95","189.85","241.9","328.92","373.56","411.69","485.69","560.07","493.64","553.94","558.18","313.56","352.99","440.84","518.05","431.57","265.13","357.86","580.63","679.12","766.93","782.87","916.17","1079.04","1120.67","1157.17","974.83","769.16","880.44"
"EIB","","..","..","..","..","..","..","..","..","..","11.5","8.2","9.08","5.05","14.09","9.07","2.94","23.18","6.54","2.37","5.41","0.5","-1.67","-3.29","-4.49","-4.99","-5.12","-7.15","-8.92","-9.47","-9.34","-11.17","-11.23","-12.35","-12.09","-12.75","-14.73","-12.8","-9.19","-8.12","-7.19","-5.74","-5.36","-5.68","..","-4.13","..","..","..","..","..","..","..","..",".."
"Other EU Institutions","","..","..","..","..","..","..","..","..","..","..","..","..","..","..","..","..","..","..","..","..","..","..","..","..","..","..","..","..","..","..","..","..","..","..","..","..","..","..","..","..","..","..","..","..","..","..","..","..","..","..","..","..","..",".."
"IBRD","","..","..","..","..","..","..","..","..","3.5","3.52","0.61","6.5","6.1","2.63","..","..","..","..","50.16","..","..","..","151.77","..","..","..","66.93","..","..","116.54","..","..","..","..","..","..","..","..","..","..","..","..","..","..","..","..","..","..","..","..","..","38.17","35.49","37.47"
"IDA","","..","..","..","..","..","..","..","..","39","36.41","40","67.95","73.22","113.08","147.28","171.74","174.14","288.14","333.09","364.96","515.21","295.15","137.23","420.88","231.94","324.38","345.51","389.44","505.98","503.08","523.67","575.3","647.6","611.54","703.66","739.45","1158.54","345.72","340.75","416.43","383.76","375.83","14.4","491.05","1147.82","..","591.39","1097.1","708.44","767.93","762.84","1391.25","753.65","842.09"
"IDA-MDRI","","..","..","..","..","..","..","..","..","..","..","..","..","..","..","..","..","..","..","..","..","..","..","..","..","..","..","..","..","..","..","..","..","..","..","..","..","..","..","..","..","..","..","..","..","..","..","..","..","427.36","261.77","..","..","..",".."
"IDB","","..","..","..","..","..","..","..","..","..","..","..","..","..","..","..","..","24.51","24.48","24.49","..","3.15","14.77","5.61","..","1.13","0.96","3.67","2.1","1.49","3.9","1.58","0.81","2.45","1.7","..","8.5","8.55","7.42","7.83","7.56","7.33","..","..","..","0.85","..","..","..","..","..","..","..","5.57","5.93"
"IDB Spec. Fund","","..","..","..","..","..","..","..","..","..","..","..","..","..","..","..","..","..","..","..","..","36.8","6.65","26.25","..","7.04","..","8.27","1.99","..","1.4","11.31","0.83","2.66","1.85","..","10.04","10.1","8.76","9.25","7.32","8.04","0.88","0.83","0.85","..","0.92","0.89","0.97","..","..","..","..","..",".."
"IFAD","","..","..","..","..","..","..","..","..","..","..","..","..","..","..","..","..","..","16.74","6.03","17.21","..","..","24.05","7.63","13.67","..","13.2","23.9","..","7.84","..","..","41.17","..","..","..","..","9.59","11.03","..","9.14","7.74","9.5","..","38.53","..","15.03","28.39","..","32.89","20.95","21.99","..","45.21"
"IFC","","..","..","..","..","..","..","..","..","..","..","..","..","..","..","..","..","..","..","6.22","5.99","5.68","5.61","5.62","..","..","..","8.72","8.04","7.54","..","8.26","..","..","10.8","..","11.79","11.01","..","..","..","..","..","..","..","..","..","..","..","..","..","..","..","..",".."
"IMF","","..","..","..","..","..","..","..","..","..","..","..","..","..","..","..","..","..","..","..","..","..","..","..","..","..","..","..","..","..","5.32","6.19","12.04","19.24","24.18","24.66","27.9","26.58","8.65","8.53","8.17","5.8","6.87","3.86","16.95","..","..","14.92","16.49","..","..","..","..","..",".."
"IMF Trust Fund","","..","..","..","..","..","..","..","..","..","..","..","..","..","..","..","..","..","..","..","..","..","..","..","..","..","..","..","..","..","..","..","..","..","..","..","..","..","..","..","..","..","..","..","..","..","..","..","..","..","..","..","..","..",".."
"MIGA","","..","..","..","..","..","..","..","..","..","..","..","..","..","..","..","..","..","..","..","..","..","..","..","..","..","..","..","..","11","..","..","..","..","..","..","..","..","..","..","..","..","..","7.94","..","..","..","..","..","..","..","..","..","..",".."
"UNDP","","..","..","..","..","..","..","..","..","..","11.18","12.7","15.32","18.44","28.24","24.1","32.07","31.38","39.2","51.79","57.83","61.68","49.54","46.94","44.61","40.76","39.76","54.36","70.63","77.91","69.1","80.44","78.26","85.28","83.41","85.09","92.76","88.39","69.2","56.84","46.3","20.03","21.52","23.61","28.99","32.92","34.89","33.51","47.02","40.65","38.44","29.67","37.54","28.79","29.74"
"UNFPA","","..","..","..","..","..","..","..","..","..","..","..","..","..","..","..","..","7.15","7.75","7.75","14.73","19.27","15.48","15.64","15.65","14.41","14.61","20.27","25.3","25.88","20.78","24.19","23.88","26.48","26.11","26.64","32.22","30.7","24.22","23.87","22.88","10.37","12.82","13.84","16.17","18.03","18.93","19.48","25.7","25.96","25.07","19.6","21.69","20.57","23.9"
"UNHCR","","..","..","..","..","..","..","..","..","..","0.33","0.41","0.49","0.62","..","0.77","2.94","0.79","0.89","0.89","1.36","1.93","1.55","2.06","1.84","2.11","2.04","3.22","4.18","4.28","5.85","9.9","4.82","5.77","5.28","4.81","6.28","5.98","5.13","5.12","4.85","5.18","5.31","6.65","5.78","6.06","5.9","5.64","6.35","8.29","11.14","10.6","8.8","10.28","10.62"
"UNICEF","","..","..","..","..","..","..","..","..","..","1.79","1.91","2.15","2.33","3","3.09","3.25","3.18","3.45","4.23","5.46","6.06","4.87","4.78","4.27","4.92","4.76","7.14","8.1","8.81","8.5","10.52","10.84","12.18","11.73","..","6.28","7.98","5.72","20.46","5.84","4.02","3.9","4.83","5.79","7.91","6.34","5.64","6.13","8.29","9.05","8.61","6.5","8.35","8.63"
"UNRWA","","..","..","..","..","..","..","..","..","..","3.06","3.28","3.44","3.61","4.9","2.69","2.84","3.17","3.01","4.73","5.18","5.51","4.42","4.12","3.68","3.51","3.4","4.61","5.23","5.43","5.54","1.86","2.41","2.56","2.35","2.16","2.44","6.58","2.02","5.27","5.42","4.31","4.27","5.94","7.02","6.59","3.07","2.93","3.2","10.1","11.14","10.6","8.8","10.28","10.62"
"WFP","","..","..","..","..","..","..","..","..","..","3.01","3.34","4","8.82","12.62","7.66","9.85","13.01","12.92","18.07","19.81","22.02","17.82","18.83","18.67","17.89","10.65","15.89","19.19","22.42","22.68","27.84","27.09","31.42","39.29","40.08","31.39","29.91","25.95","25.58","24.51","21.2","20.61","21.68","25.99","28.58","..","..","..","..","..","30.74","32.27","29.57","30.55"
"Other UN","","..","..","..","..","..","..","..","..","23.3","0.3","0.5","0.59","4.52","9.61","19.29","23.55","17.51","19.09","48.98","34.83","44.13","42.18","54.91","51.97","50.45","56.17","70.15","76.12","86.32","84.64","129.6","212.34","194.26","171.22","128.6","138.38","143.63","126.12","203.28","214.81","321.79","392.46","349.85","209.73","188.84","129.55","139.77","156.78","201.84","230.36","240.29","231.36","229.41","247.56"
"Other World Bank (AMCs)","","..","..","..","..","..","..","..","..","..","..","..","..","..","..","..","..","..","..","..","..","..","..","..","..","..","..","..","..","..","..","..","..","..","..","..","..","..","..","..","..","..","..","..","..","..","..","..","..","..","..","..","..","..",".."
"Other Regional Banks","","..","..","..","..","..","..","..","..","..","..","..","..","..","..","..","..","..","..","..","..","..","..","..","..","..","..","..","..","..","..","..","..","..","..","..","..","..","..","..","..","..","..","..","..","..","..","14.27","..","..","4.06","14.7","2.09","0.64","0.66"
"Other Multilateral","","..","..","..","..","..","..","..","..","10.4","15.2","1.7","..","21.55","44.74","2.7","12.58","4.77","6.03","10.28","145.7","13","12.03","12.79","12.57","11.43","12.23","17.39","23.28","24.19","30.26","43.02","42.27","30.95","30.8","30.57","34.38","151.79","108.26","51.23","75.36","112.36","64","97","172.5","189.58","178","120.59","320.92","404.61","425.73","590.69","542.46","484.92","538.33"
