"Sector(s):","Total Bilateral Aid To All Sectors","","Flow(s):","ODA","","Donor(s):","Italy","","Flow Type(s):","Disbursement","","Amount:","Current Prices (USD millions)","",

"","Time Period","1960","1961","1962","1963","1964","1965","1966","1967","1968","1969","1970","1971","1972","1973","1974","1975","1976","1977","1978","1979","1980","1981","1982","1983","1984","1985","1986","1987","1988","1989","1990","1991","1992","1993","1994","1995","1996","1997","1998","1999","2000","2001","2002","2003","2004","2005","2006","2007","2008","2009","2010","2011","2012","2013",
"Recipient(s)",
"All Recipients","","83.83","70.42","78","109","59.49","53.53","51.69","113.63","146.07","129.52","147.16","182.71","101.91","191.96","216.2","182.3","226.32","198.11","376.47","272.99","683.28","657.57","810.75","833.68","1132.83","1097.98","2403.46","2615.33","3192.84","3613.3","3394.96","3347.24","4122.16","3043.37","2704.63","1622.66","2415.58","1265.54","2278.31","1805.64","1376.23","1626.79","2332.13","2432.85","2461.57","5090.88","3641.08","3970.64","4860.66","3297.51","2996.4","4325.65","2737.12","3430.08"
"All Developing Countries","","83.83","70.42","78","109","59.49","53.53","51.69","113.63","122.45","104.87","62.73","137.06","51.02","118.18","0.31","58.83","78.29","34.9","22.3","22.47","83.66","172.16","308.8","448.75","624.84","781.42","1486.77","1877.88","2407.83","2189.14","2112.09","2244.87","2430.7","1930.14","1834.38","805.7","811.12","453.7","697.43","450.63","376.75","442.2","1006.56","1061.27","704.17","2269.54","2000.93","1270.33","1838.26","874.73","759.15","1702.39","623.98","867.41"
"All Multilateral Recipients","","..","..","..","..","..","..","..","..","23.62","24.65","84.43","45.65","50.89","73.78","215.89","123.47","148.03","163.21","354.17","250.52","599.62","485.41","501.95","384.93","507.99","316.56","916.69","737.45","785.01","1424.16","1282.87","1102.37","1691.46","1113.23","870.25","816.96","1604.46","811.84","1580.88","1355.01","999.48","1184.59","1325.57","1371.58","1757.4","2821.34","1640.15","2700.31","3022.4","2422.78","2237.25","2623.26","2113.14","2562.67"
"Afghanistan","","0.01","..","..","..","0.03","0.06","..","0.06","0.01","0.01","0.01","0.01","0.05","0.03","0.03","0.09","0.1","0.07","0.06","0.07","0.01","..","..","0.2","..","..","0.69","..","1.08","..","..","0.4","..","0.32","0.62","0.61","0.65","0.59","0.86","0.4","0.71","22.11","28.34","38.16","37.31","27.39","32.5","62.04","116.71","67.41","54.34","55.27","47.5","59.47"
"Albania","","..","..","..","..","..","..","..","..","..","..","..","..","..","..","..","..","..","..","..","..","..","..","..","..","..","..","..","..","0.15","4.67","5.35","289.98","133.47","41.29","9.47","13.36","27.63","30.89","13.74","73.56","18.34","21.66","24.11","20.8","18.25","8.64","30.13","18.36","33.58","37.4","54.8","40.42","32","9.49"
"Algeria","","..","..","..","..","0.13","0.13","..","0.1","0.06","0.1","1.34","8.05","-0.26","-0.58","-0.53","0.44","0.62","0.91","0.41","0.84","0.46","3.71","6.34","0.93","1.09","1.31","1.26","1.96","1.42","3.04","9.27","20.59","15.42","26.26","22.6","17.76","23.21","14.96","3.81","-3.57","-1.04","-2.95","8.46","18.74","29.69","9.51","10.87","5.06","10.18","3.77","4.87","6.11","0.74","0.42"
"Angola","","..","..","..","..","..","0.02","..","..","..","..","..","..","..","..","..","0.01","0.25","0.56","0.58","0.21","0.16","0.43","4.16","17.45","11.15","16.31","31.56","28.38","24.34","18.53","37.69","29.97","46.6","34.53","19.15","11.71","12.5","9.18","11.04","24.98","7.23","11.89","7.07","28.07","8.41","11.55","-31.36","-30.6","32.01","1.45","0.23","-0.6","1.35","1.33"
"Anguilla","","..","..","..","..","..","..","..","..","..","..","..","..","..","..","..","..","..","..","..","..","..","..","..","..","..","..","..","..","..","..","..","..","..","..","..","..","..","..","..","..","..","..","..","..","..","..","..","..","..","..","..","..","..",".."
"Antigua & Barbuda","","..","..","..","..","..","..","..","..","..","..","..","..","..","..","..","..","..","..","..","..","..","..","..","..","..","..","..","..","..","..","..","..","..","..","..","..","..","..","..","..","..","..","..","..","..","..","..","..","..","..","..","..","..","0.01"
"Argentina","","-1.11","1.56","4.73","1.34","5.55","-14.25","-24.12","9.44","-8.28","-7.05","-10.29","-1.46","-4.06","0.53","0.51","0.85","0.71","0.53","0.62","0.84","0.97","1.04","1.38","1.47","2.99","4.38","9.37","9.73","46.81","114.59","81.93","153.18","104.63","115.78","51.51","-5.61","7.03","-5.06","-13.85","-18.63","-11.66","-19.81","-1.58","2.88","4.02","21.57","26.5","-16.45","3.36","1.33","0.44","5.07","0.82","0.17"
"Armenia","","..","..","..","..","..","..","..","..","..","..","..","..","..","..","..","..","..","..","..","..","..","..","..","..","..","..","..","..","..","..","..","..","..","3.24","..","3.6","0.03","..","..","0.77","0.36","0.9","0.31","1.55","0.17","1.24","0.07","0.04","1.4","0.52","0.07","0.53","0.67","0.11"
"Aruba","","..","..","..","..","..","..","..","..","..","..","..","..","..","..","..","..","..","..","..","..","..","..","..","..","..","..","..","..","..","..","..","..","..","..","..","..","..","..","..","..","..","..","..","..","..","..","..","..","..","..","..","..","..",".."
"Azerbaijan","","..","..","..","..","..","..","..","..","..","..","..","..","..","..","..","..","..","..","..","..","..","..","..","..","..","..","..","..","..","..","..","..","..","..","..","..","..","..","..","1.65","0.01","0.03","0.72","0.21","0.11","1.24","0.05","..","0.16","0.03","0.01","0.03","0.03","0.02"
"Bahamas","","..","..","..","..","..","..","..","..","..","..","..","..","..","0.04","..","..","..","..","..","..","..","..","..","..","..","..","..","..","..","..","..","..","..","..","..","..","..","..","..","..","..","..","..","..","..","..","..","..","..","..","..","..","..",".."
"Bahrain","","..","..","..","..","..","..","..","..","..","..","..","..","..","..","..","..","..","..","..","..","..","..","..","..","..","..","..","..","..","..","..","..","..","..","..","..","..","..","..","..","..","..","..","..","..","..","..","..","..","..","..","..","..",".."
"Bangladesh","","..","..","..","..","..","..","..","..","..","..","..","..","..","0.01","0.02","2.21","0.02","0.11","1.27","0.03","1.17","0.04","0.09","0.13","0.32","0.63","0.38","4.05","0.2","1.99","1.38","4.81","2.01","11.45","5.67","4.87","2.63","1.09","3.71","2","0.19","0.41","2.27","0.1","0.72","1.87","0.14","2.77","6.81","7.22","5.39","2.02","0.72","2.9"
"Barbados","","..","..","..","..","..","..","..","..","..","..","..","..","..","..","..","..","..","..","..","..","..","..","..","..","..","..","0.02","0.02","..","..","..","..","..","..","..","..","..","..","..","..","..","..","..","..","..","..","..","..","0.04","..","..","..","..",".."
"Belarus","","..","..","..","..","..","..","..","..","..","..","..","..","..","..","..","..","..","..","..","..","..","..","..","..","..","..","..","..","..","..","..","..","..","..","..","..","..","..","..","..","..","..","..","..","..","0.05","0.09","0.13","0.35","0.22","0.13","0.12","0.24","0.23"
"Belize","","..","..","..","..","..","..","..","..","..","..","..","..","..","..","..","..","..","..","..","..","..","..","..","..","0.05","..","0.13","0.03","..","..","..","..","..","..","..","..","..","..","..","..","..","..","..","..","..","0.8","..","0.34","..","..","..","..","..",".."
"Benin","","..","..","..","..","0.01","..","..","0.08","1.11","-0.12","0.01","2.37","-0.17","-0.12","0.04","0.07","0.06","0.08","0.05","0.08","..","0.22","0.25","0.25","0.44","0.59","2.62","2.71","2.84","3.38","2.13","1.9","0.72","3.97","0.01","0.68","3.21","0.36","0.27","0.3","19.07","0.21","2.54","0.02","9.58","0.02","0.11","1.49","1.14","1.79","2.11","1.2","0.77","1.91"
"Bermuda","","..","..","..","..","..","..","..","..","..","..","..","..","..","..","..","..","..","..","..","..","..","..","..","..","..","..","..","..","..","..","..","..","..","..","..","..","..","..","..","..","..","..","..","..","..","..","..","..","..","..","..","..","..",".."
"Bhutan","","..","..","..","..","..","..","..","..","..","..","..","..","..","..","..","..","..","..","..","..","..","..","..","..","..","..","0.34","0.09","0.79","-1.73","0.16","0.2","..","0.09","0.22","0.01","0.02","..","..","0.07","0.03","0.02","0.01","..","..","..","..","..","..","..","..","..","..",".."
"Bolivia","","0.01","..","0.07","-0.06","0.04","0.03","..","0.01","0.02","0.02","0.02","0.02","0.31","0.2","0.25","0.31","0.24","0.68","0.26","0.23","0.08","0.4","0.76","0.7","2.53","2.83","11.72","6.95","28.34","14.35","22.27","25.72","34.85","19.42","4.84","5.57","6.07","7.9","3.46","9.13","1.76","-0.39","4.57","2.91","9.51","4.58","3.64","7.87","8.71","7.8","4.82","9.94","2.53","2.66"
"Bosnia-Herzegovina","","..","..","..","..","..","..","..","..","..","..","..","..","..","..","..","..","..","..","..","..","..","..","..","..","..","..","..","..","..","..","..","..","..","..","18.88","44.22","67.4","7.77","16.66","5.95","32.97","5.01","6.44","4.91","7.73","2.67","5.28","7.4","11.21","8.16","4.92","5.19","3.7","4.51"
"Botswana","","..","..","..","..","..","..","..","..","..","..","..","..","0.01","0.03","0.02","0.03","..","..","..","..","..","..","..","..","0.22","0.01","0.26","0.05","1.86","0.31","0.35","..","..","0.41","..","..","..","0.11","..","..","0.11","..","..","..","0.01","..","..","..","..","..","..","..","..",".."
"Brazil","","2.32","8.33","4.38","8.03","1.67","0.55","10.45","-6.55","-6.32","-7.5","-5.28","-3.01","-0.89","-0.1","0.31","0.17","0.63","1.26","1.38","1.74","1.17","1.24","2.37","2.56","3.79","3.78","7.35","8.79","30.5","18.48","14.78","13.34","14.13","7.41","16.78","16.69","20.8","9.2","4.03","3.43","1.72","5.49","3.25","5.41","12.59","1.54","8.12","6.63","17.4","12.42","9.2","7.86","5.26","4.82"
"Brunei","","..","..","..","..","..","..","..","..","..","..","..","..","..","..","..","..","..","..","..","..","..","..","..","..","..","..","..","..","..","..","..","..","..","..","..","..","..","..","..","..","..","..","..","..","..","..","..","..","..","..","..","..","..",".."
"Burkina Faso","","..","..","..","..","..","0.02","..","..","..","..","..","..","0.09","0.18","0.04","0.33","0.17","0.12","0.05","0.09","0.02","0.06","7.39","0.5","2.11","5.42","35.19","20.55","31.65","16.13","29.8","8.72","5.3","2.34","24.38","2.72","2.33","3.88","2.4","0.7","8.2","1.14","3.12","6.74","2.97","1.5","0.98","2.59","2.26","5.35","4.26","4.87","2.87","4.36"
"Burundi","","..","..","..","..","..","..","..","..","..","..","0.01","..","0.05","0.14","0.13","0.19","0.11","0.18","0.25","0.23","0.18","0.49","0.65","0.87","1.58","3.8","6.18","5.14","4.98","1.5","7.27","1.86","1.62","3.56","1.84","1.42","1.61","1.32","0.85","2.04","0.41","1.64","4.48","2.13","4.35","3.44","14.08","3.46","4.97","4.4","6.08","2.67","1.89","1.5"
"Cambodia","","..","..","..","..","..","..","..","..","..","0.01","1.01","..","..","..","-0.07","..","..","..","..","..","0.23","..","..","..","..","..","..","..","..","..","..","0.56","0.33","27.14","0.31","2.16","2.01","1.76","0.1","0.46","0.87","0.04","1.79","0.07","0.66","1.92","0.13","3.94","2.16","0.85","0.34","1.46","0.44","1.2"
"Cameroon","","..","..","..","..","0.01","0.11","..","0.04","0.01","2.77","1.81","-0.22","-0.24","-0.33","-0.39","-0.36","-0.12","-0.22","-0.21","0.08","-0.04","0.97","0.66","0.72","2.26","10.63","11.85","2.77","7.19","66.7","6.03","10.67","3.98","1.18","2.65","11.12","1.05","18.75","1.83","-0.35","26.96","-1.42","43.47","0.03","1.96","0.8","63.63","1.77","4.71","2.22","4.3","3.89","1.86","2.74"
"Cape Verde","","..","..","..","..","..","..","..","..","..","..","..","..","..","..","..","..","..","0.18","0.08","0.28","0.61","1.1","0.7","4.03","6.52","7.52","37.91","8.58","8.28","12.61","6.27","1.25","2.36","..","0.95","1.91","1.57","0.5","0.01","0.18","0.71","0.04","1.43","0.22","0.77","0.98","0.31","0.85","5.21","3.48","0.12","0.53","0.28","0.07"
"Cayman Islands","","..","..","..","..","..","..","..","..","..","..","..","..","..","..","..","..","..","..","..","..","..","..","..","..","..","..","..","..","..","..","..","..","..","..","..","..","..","..","..","..","..","..","..","..","..","..","..","..","..","..","..","..","..",".."
"Central African Rep.","","..","..","..","..","..","..","..","..","..","0.02","..","..","..","0.01","0.01","0.07","0.02","0.22","0.17","0.11","0.07","0.12","0.2","0.24","0.19","1.42","5.6","0.36","0.44","1","1.59","0.56","0.84","0.24","0.49","2.66","0.97","0.03","0.32","0.01","1.69","0.32","0.49","0.01","1.16","0.41","0.01","0.02","2.04","0.52","2.55","0.53","0.22","0.27"
"Chad","","..","..","..","..","..","..","..","..","..","0.02","..","..","..","0.02","0.11","0.13","0.12","0.09","0.09","0.11","0.03","0.08","0.09","9.2","4.55","25.09","24.27","7.33","25.06","12.42","8.94","2.61","1.74","1","0.09","0.56","5.1","0.21","0.08","0.67","0.38","0.46","2.21","0.04","1.16","0.1","0.45","0.76","1.6","1.13","0.56","1.2","0.66","0.48"
"Chile","","0.32","0.89","3.73","4.66","1.61","-1.49","2.8","7.52","2.68","0.06","-2.18","-1","0.18","3.16","0.13","0.12","0.03","-4.78","-0.59","-0.59","-0.08","-0.2","0.27","0.29","0.3","1.33","0.53","3.44","10.7","19.77","10.51","16.1","17.36","4.77","9.11","7.2","11.85","1.36","0.82","-0.82","0.55","-0.18","-0.55","-0.73","-0.36","-1.31","-1.06","-0.75","0.05","-1.06","1.82","-0.36","-1.02","-0.35"
"China","","..","..","..","..","..","..","..","..","..","..","..","..","..","..","..","..","..","..","..","0.11","0.16","0.42","2.66","11.13","9.93","14.42","31.9","106.69","111.54","118.83","45.33","54.9","201.59","135.48","69.59","6.23","6.24","-6.59","11.2","-9.85","-21.23","-13.68","-28.24","-19.57","-13.74","-12.82","-23.29","42.13","-16.74","-24.33","-26.71","-33.04","-13.09","-15.46"
"Chinese Taipei","","0.01","..","..","..","-0.03","0.39","..","..","0.01","0.01","..","..","..","..","..","0.01","..","..","..","..","..","..","..","0.05","..","..","..","..","..","..","..","..","..","..","..","..","..","..","..","..","..","..","..","..","..","..","..","..","..","..","..","..","..",".."
"Colombia","","-0.16","-0.2","0.82","0.18","0.18","-0.43","..","0.02","2.21","-0.15","-0.14","-0.05","0.03","-0.01","-0.07","0.35","0.28","0.4","0.31","0.46","0.23","0.66","2.74","2.56","3.05","4.31","10.23","14.15","11.89","6.78","16.34","27.46","37.5","17.14","12.44","6.89","0.25","-2.68","-3.32","-2.23","-2.62","-1.52","-2.3","-2.98","2.94","-6.04","-5.24","0.94","7.85","-0.45","3.64","3.01","2.59","2.53"
"Comoros","","..","..","..","..","..","..","..","..","..","..","..","..","..","..","..","..","..","0.14","0.29","0.28","0.03","0.01","..","0.05","0.08","..","..","0.12","0.01","0.02","..","..","..","0.3","0.43","..","..","..","0.39","..","..","..","..","..","0.04","..","..","0.01","..","..","..","1.3","..",".."
"Democratic Republic of the Congo","","..","..","..","..","1.08","0.91","..","0.35","0.12","0.18","0.11","0.08","0.72","1.14","1.26","1.09","0.33","0.49","0.34","0.78","0.55","4.77","3.08","3.04","29.11","11.47","27.57","31.41","55.95","33.06","145.05","11.39","12.68","0.4","0.56","5.85","1.84","1.28","1.52","3.8","0.96","1.59","3.87","428.98","23.8","1.02","1.27","4.14","8.16","12.19","9.58","576.89","6.92","7.44"
"Congo","","..","..","..","..","..","0.04","..","..","..","..","..","..","..","0.06","0.13","0.35","0.29","0.04","0.03","0.04","0.09","0.04","0.05","0.09","10.2","4.34","1.77","6.89","5.08","2.13","16.02","12.22","8.59","0.28","0.33","0.23","47.63","2.43","3.46","81.91","1.72","0.72","3.16","-0.98","-1.43","61.24","23.8","-0.84","-1.09","28.96","97.46","0.04","0.03","0.16"
"Cook Islands","","..","..","..","..","..","..","..","..","..","..","..","..","..","..","..","..","..","..","..","..","..","..","..","..","..","..","..","..","..","..","..","..","..","..","..","..","..","..","..","..","..","..","..","..","..","..","24.47","..","..","..","..","..","..",".."
"Costa Rica","","0.01","..","..","..","0.05","..","..","0.01","0.07","0.01","0.01","0.02","..","0.03","0.03","0.1","0.09","0.06","0.24","0.64","0.27","0.15","1.83","0.39","4.16","13.51","5.4","2.07","3.64","5.83","2.1","5.88","-0.02","0.26","0.27","-0.33","-0.31","1.89","1.59","0.72","0.09","-0.49","-0.74","-0.44","-0.4","-0.39","-0.47","-0.45","-0.41","-0.38","-13.38","-0.15","-0.05","0.2"
"Cote d'Ivoire","","..","..","..","..","0.01","0.01","..","0.01","0.01","0.01","0.05","0.03","0.21","0.26","0.2","0.21","0.17","0.12","0.05","0.02","0.05","0.16","0.33","0.8","0.68","0.67","0.98","2.89","2.15","1.14","2.01","2.42","0.13","0.27","0.1","29.59","0.51","0.5","28.25","0.16","0.21","0.32","0.32","0.71","49.73","1.18","0.76","0.82","1.74","65.97","2.24","1.22","2.63","0.62"
"Croatia","","..","..","..","..","..","..","..","..","..","..","..","..","..","..","..","..","..","..","..","..","..","..","..","..","..","..","..","..","..","..","..","..","..","..","3.16","0.02","0.98","-2.54","-3.53","-3.08","-1.8","-1.86","-2.75","-0.58","0.67","-1.53","-3.89","-3.19","-3.59","-1.72","-1.61","..","..",".."
"Cuba","","0.01","..","..","..","..","..","..","0.01","0.03","..","..","0.01","0.07","0.01","0.05","0.02","0.27","0.22","0.28","0.43","0.49","0.06","0.19","0.09","0.16","0.14","0.12","0.07","0.06","5.41","10.52","0.11","0.92","3.87","3.44","5.7","2.07","2.94","2.61","6.39","4.74","2.47","3.84","2.1","4.18","0.05","0.13","0.48","0.66","1.24","0.89","0.8","0.33","2.88"
"Cyprus","","..","..","..","..","..","..","..","..","0.01","0.02","0.01","0.01","..","0.02","0.01","0.02","0.02","0.02","0.04","0.02","0.03","0.05","0.09","0.04","0.29","0.26","0.07","0.01","..","0.01","0.01","0.04","0.08","0.82","0.11","0.1","0.01","..","..","..","..","..","..","..","..","..","..","..","..","..","..","..","..",".."
"Djibouti","","..","..","..","..","..","..","..","..","..","..","..","..","..","..","..","..","..","..","..","..","0.13","0.34","0.1","..","0.52","1.24","15.28","6.19","17.28","12.96","18.25","22.05","38.04","38.92","15","5.78","4.27","1.71","1.63","1.87","5.12","1.05","1.34","1.04","0.86","1.24","0.8","0.85","0.25","12.02","0.44","0.47","4.66","0.17"
"Dominica","","..","..","..","..","..","..","..","..","..","..","..","..","..","..","..","..","..","..","..","..","..","..","0.03","..","0.13","0.04","0.64","..","0.05","..","..","..","..","..","..","..","..","..","0.2","..","..","..","..","..","..","..","..","..","0.02","..","..","1.01","..",".."
"Dominican Republic","","..","..","..","0.04","-0.01","-0.01","..","..","0.01","..","..","..","..","0.01","0.02","0.04","0.01","0.04","0.08","0.14","0.04","0.06","0.11","0.08","2.27","2.27","11.94","4.8","3.75","27.41","9.19","13.93","10.53","9.69","5.93","3.1","2.5","0.98","..","0.87","-4.03","-3.77","-3.16","-5.04","3.78","-4.4","-7.74","-3.56","-3.4","-3.5","0.65","1.47","1.41","0.45"
"East African Community","","..","..","..","..","..","..","..","..","..","..","..","..","..","..","..","..","..","..","..","..","..","..","..","..","..","..","..","..","..","..","..","..","..","..","..","..","..","..","..","..","..","..","..","..","..","..","..","..","..","..","..","..","..",".."
"Ecuador","","0.01","..","..","..","..","..","..","..","0.02","0.01","0.04","0.08","0.08","0.2","0.19","0.27","0.37","0.51","0.57","0.37","0.06","1.25","2.72","5.72","10.51","6.5","5.05","21.32","12.33","42.41","12.3","21.15","15.32","6.73","2.85","2.02","12.7","10.61","20.29","6.26","-2.82","-1.93","0.32","-0.74","1.93","0.05","1.05","1.62","-2.07","-2.36","-1.85","2.48","-0.54","2.72"
"Egypt","","60.55","-0.05","-0.55","8.13","16.6","17.28","6.52","8.35","25.34","-1.34","14.25","0.31","-2.98","-2.89","-12.32","6.04","-1.43","-0.61","-2.39","-2.94","-4.4","2.37","8.1","10.29","38.52","11.49","24.18","33.27","116.57","56.09","86.61","80.5","138.66","145.41","616.67","22.48","24.17","16.71","13.25","18.31","-8.08","-7.56","0.75","3.5","18.84","-2.75","-10.39","-11.27","6.87","10.13","-2.15","14.47","4.33","3.87"
"El Salvador","","..","..","..","..","0.01","0.01","..","..","0.01","..","0.01","..","0.03","0.03","0.05","0.17","0.17","0.11","0.18","0.06","0.03","0.02","0.04","0.14","0.13","10.3","10.73","13","16.46","5.29","10.49","7.14","11.27","7.01","4.66","0.34","0.9","3.8","1.33","0.94","0.09","3.99","4.37","0.3","4.47","0.18","0.37","0.52","4.13","2.74","1.41","4.15","1.29","1.49"
"Equatorial Guinea","","..","..","..","..","..","..","..","..","..","..","..","..","..","..","..","..","..","..","..","0.06","..","..","0.95","..","0.01","1.18","1.5","3.63","2.31","1.78","0.07","1.22","3.39","1.34","0.19","0.16","0.89","..","0.3","0.3","..","0.02","..","0.77","..","..","..","..","0.18","..","54.65","..","..","0.15"
"Eritrea","","..","..","..","..","..","..","..","..","..","..","..","..","..","..","..","..","..","..","..","..","..","..","..","..","..","..","..","..","..","..","..","..","..","25","14.93","16.4","28.05","12.74","24.59","30.27","18.61","57.27","8.89","10.34","16.41","25","3.53","1.79","2.03","0.83","0.15","1.9","0.53","1.94"
"Ethiopia","","6.13","5.41","1.28","1.87","1.36","1.38","1.03","2.01","7.27","1.89","9.03","3.87","2.35","3.49","10.36","2.18","2.56","0.41","1.89","5.02","7.47","14.58","10.8","15.33","44.85","81.6","151.62","127.75","231.97","138.4","169.1","83.06","42.67","12.05","41.11","116.12","40.31","31.67","46.22","18.7","25.97","13.56","49.24","47.57","11.21","86.93","105.39","75.47","65.86","53.97","18.31","24.76","-3.02","-18.17"
"Falkland Islands","","..","..","..","..","..","..","..","..","..","..","..","..","..","..","..","..","..","..","..","..","..","..","..","..","..","..","..","..","..","..","..","..","..","..","..","..","..","..","..","..","..","..","..","..","..","..","..","..","..","..","..","..","..",".."
"Fiji","","..","..","..","..","..","..","..","..","..","..","..","..","..","..","..","..","..","..","..","..","..","..","..","..","..","..","..","..","..","..","..","..","..","..","..","..","..","..","..","..","..","..","..","..","..","..","..","0.02","0.06","..","..","..","..",".."
"Former Yugoslav Republic of Macedonia (FYROM)","","..","..","..","..","..","..","..","..","..","..","..","..","..","..","..","..","..","..","..","..","..","..","..","..","..","..","..","..","..","..","..","..","..","..","2.22","0.02","0.06","..","0.41","1.68","1.9","5.4","4.68","8.43","5.82","2.59","7.16","7.34","0.33","0.25","2.12","..","-0.35","-0.89"
"French Polynesia","","..","..","..","..","..","..","..","..","..","..","..","..","..","..","..","..","..","..","..","..","..","..","..","..","..","..","..","..","..","..","..","..","..","..","..","..","..","..","..","..","..","..","..","..","..","..","..","..","..","..","..","..","..",".."
"Gabon","","..","..","..","..","..","0.08","..","0.02","..","..","0.04","0.08","0.05","0.13","0.11","0.03","0.03","0.03","0.1","0.16","0.13","0.28","0.34","0.86","0.57","0.68","0.29","0.06","..","0.76","0.03","0.07","..","..","0.01","20.29","0.46","0.56","0.56","0.77","0.02","0.02","0.54","0.01","0.1","0.14","0.12","0.24","0.2","0.02","0.11","0.02","0.21","0.09"
"Gambia","","..","..","..","..","..","..","..","..","..","..","..","..","..","0.01","..","..","..","..","..","..","0.09","..","..","..","0.04","1.75","15.32","9.17","8.21","5.98","0.85","3.54","2.19","3.35","1.08","0.36","0.11","0.29","0.47","0.3","1.08","0.01","0.02","1.04","0.01","0.25","0.3","..","1.44","1.39","..","0.15","0.13",".."
"Georgia","","..","..","..","..","..","..","..","..","..","..","..","..","..","..","..","..","..","..","..","..","..","..","..","..","..","..","..","..","..","..","..","..","..","2.81","..","0.44","3.67","0.02","0.86","0.56","0.27","0.39","2.81","1.81","1.92","1.26","0.11","0.16","4.48","2.51","0.18","0.11","0.12","0.11"
"Ghana","","0.01","..","..","..","0.02","5.04","..","6.6","3.53","0.02","0.09","-0.05","0.12","0.32","0.37","12.68","0.3","0.31","0.61","0.53","0.5","0.26","-1.28","1.88","0.81","0.59","4.8","10.38","8.5","14.45","10.54","12.36","17.03","4.19","5.7","1.65","1.08","0.19","-0.51","-1.58","-3.9","-1.82","1.73","0.43","2.74","3.52","-22","11.08","3.45","1.14","1.19","16.25","0.69","14.56"
"Gibraltar","","..","..","..","..","..","..","..","..","..","..","..","..","..","..","..","..","..","..","..","..","..","..","..","..","..","..","..","..","..","..","..","..","..","..","..","..","..","..","..","..","..","..","..","..","..","..","..","..","..","..","..","..","..",".."
"Grenada","","..","..","..","..","..","..","..","..","..","..","..","..","..","..","..","..","..","..","..","..","..","..","..","..","..","..","..","..","..","..","..","..","..","..","..","..","..","..","..","..","..","..","..","..","..","..","..","..","..","..","..","..","..",".."
"Guatemala","","0.01","..","..","..","0.01","0.01","..","0.01","0.01","0.01","..","0.01","0.03","0.05","0.07","0.09","0.13","0.07","0.12","0.47","0.09","0.25","0.25","0.5","0.26","0.55","2.81","7.15","16.92","28.8","15.18","13.53","10.26","10.2","6.51","-0.16","-2.28","-2.43","-1.71","-2.45","-2.71","-1.97","0.51","-1.93","0.05","-1.63","-0.93","3.66","8.79","5.87","4.02","4.87","2.06","2.48"
"Guinea","","0.01","..","..","..","0.03","0.89","..","0.01","0.01","3.24","5.6","1.81","-0.05","4.69","0.03","0.05","0.05","-1.08","0.13","0.35","0.15","1.9","-0.21","0.73","3.29","3.2","6.82","5.15","12.81","21.23","13.17","12.09","11.4","3.01","21.79","0.69","1.3","14.83","3.58","-0.53","-0.93","10.33","0.75","0.01","0.12","..","0.03","0.1","27.8","0.21","0.37","0.14","0.08","1.16"
"Guinea-Bissau","","..","..","..","..","..","..","..","..","..","..","..","..","..","..","..","..","0.12","0.3","0.06","0.08","0.06","0.64","1.15","6.58","2.7","2.52","10.9","7.16","6.05","16.45","16.12","6.35","1.97","0.99","0.45","0.37","44","0.27","0.18","0.07","0.01","0.07","0.01","70.1","1.29","0.24","1.16","0.71","2.24","2.22","0.27","0.78","0.31","0.41"
"Guyana","","..","..","..","..","..","..","..","..","..","..","..","..","..","..","..","..","..","..","..","..","..","..","..","..","..","..","..","..","..","..","2.64","..","..","..","..","..","..","..","..","..","..","..","..","0.01","0.02","0.08","3.82","..","..","0.02","..","..","..",".."
"Haiti","","..","..","..","..","0.01","0.01","..","..","0.01","0.01","..","..","..","0.02","0.01","0.01","0.03","0.04","0.03","0.05","0.03","..","..","0.01","0.44","0.07","1.66","0.06","..","1.95","0.54","0.35","..","0.06","..","0.51","..","..","89.3","0.01","0.95","0.93","0.97","0.51","1.75","..","0.63","16.36","3.34","0.68","63.07","2.78","1.01","1.9"
"Honduras","","0.01","..","..","..","0.01","..","..","..","0.01","..","0.01","0.01","..","0.02","0.01","0.04","..","0.01","0.08","0.01","..","0.02","0.12","1.72","0.16","0.67","2.4","2.21","7.51","7.31","26.38","13.59","8.05","12.2","14.57","22.29","1.8","3.29","17.83","8.96","19.07","12.76","4.67","7.78","19.62","23.51","17.08","4.58","6.1","4.48","0.86","2.67","3.41","4.06"
"Hong Kong, China","","..","..","..","..","..","..","..","0.01","..","..","..","..","..","0.01","..","0.01","..","..","..","..","..","0.01","..","0.02","0.02","0.01","0.05","0.07","..","..","..","..","..","..","..","0.07","0.05","..","..","..","..","..","..","..","..","..","..","..","..","..","..","..","..",".."
"India","","2.96","2.45","-3.74","0.7","-3.12","-0.59","0.01","2.22","0.1","0.05","5.54","-0.1","7.73","7.11","-0.7","-1.01","-1.74","20.17","-1.63","-1.28","-3.08","-2.97","-2.03","-1.96","10.27","13.28","30.32","43.03","56.72","71.03","14.32","34.65","0.28","-4.14","0.92","-4.23","-4.88","-4.48","-13.61","-14.66","-15.58","-8.27","-20.14","-12.54","-80.06","3.49","2.4","1.4","20.23","15.33","11.49","12.47","4.74","8.39"
"Indonesia","","-0.13","-0.11","1.26","0.72","1.98","5.52","..","0.01","31.69","34.16","18.73","50.72","-3.23","0.02","-1.97","0.24","10.37","-1.7","-2.2","-1.43","3.27","-1.93","-1.27","4.38","1.7","1.22","11.84","19.43","1.3","17.48","9.84","14.31","12.47","72.05","39.51","16.63","0.67","-0.49","-1.83","1.1","1.27","0.94","2.33","3.34","-16.42","3.35","-25.31","-16.95","-19.45","-16.27","-14.41","-13.4","-11.44","-0.53"
"Iran","","0.1","0.27","-0.24","-0.19","-0.04","0.13","..","0.19","0.15","0.18","0.15","0.14","0.21","0.28","0.31","0.56","0.36","0.32","0.62","0.2","0.27","0.18","0.36","0.19","0.33","0.57","0.76","0.6","1.26","0.89","1.4","2.08","0.19","2.67","0.53","0.08","0.1","0.02","0.06","0.09","1.92","0.2","5.6","3.43","3.79","0.55","0.11","0.14","1.71","0.32","0.13","0.1","0.06","0.07"
"Iraq","","0.01","..","..","..","0.01","0.03","..","0.05","0.07","0.02","0.18","0.09","0.1","0.06","0.18","0.26","0.12","0.11","0.21","0.18","0.06","0.48","0.73","0.22","0.33","1.82","0.61","0.38","2.5","1.66","0.45","0.34","0.33","1.27","0.35","0.07","1.04","0.63","0.02","0.15","0.3","1.84","0.36","9.84","28.73","953.71","485.18","480.93","845.05","13.39","11.02","6.67","13.59","8.58"
"Israel","","0.06","-0.04","-0.04","-0.04","2.03","1.28","..","..","..","0.01","0.01","0.01","..","0.03","0.03","0.03","0.01","..","0.01","0.01","..","..","0.09","0.17","0.12","1.34","0.31","0.5","0.71","2.48","13.26","3.54","..","..","0.41","0.5","0.06","..","..","..","..","..","..","..","..","..","..","..","..","..","..","..","..",".."
"Jamaica","","..","..","..","..","..","..","..","..","..","..","..","..","..","..","..","..","..","0.01","0.01","0.05","0.03","..","1.01","2.68","5.85","3.28","4.31","4.41","17.61","11.76","3.64","1.68","5.18","3.45","2.47","3.32","5.3","-2.03","-0.02","-3.18","-2.61","-2.58","-2.23","-3.21","-3.45","-3.42","-3.34","-3.46","-2.55","-0.49","-0.27","-0.29","-0.22","-0.22"
"Jordan","","0.01","..","..","..","0.07","0.09","..","0.07","0.1","0.09","0.03","0.01","0.09","0.01","0.03","0.1","0.27","0.11","0.38","0.54","0.75","0.36","0.78","9.58","2.81","16.56","6.96","5.41","0.88","2.13","7.48","9.18","5.36","22.61","16.98","17.84","42.54","10.25","8.63","2.24","4.15","5.88","7.66","4.79","14.86","14.4","9.56","7.54","17.5","12.94","3.46","4.62","4.9","2.4"
"Kazakstan","","..","..","..","..","..","..","..","..","..","..","..","..","..","..","..","..","..","..","..","..","..","..","..","..","..","..","..","..","..","..","..","..","..","..","0.17","..","0.09","..","..","..","0.08","0.02","..","0.04","..","..","0.03","..","0.33","0.04","..","0.03","..","0.04"
"Kenya","","0.01","..","..","..","0.04","0.13","..","0.4","0.12","0.21","0.18","5.28","0.15","2.4","-0.22","-0.04","0.04","-0.01","-0.07","-0.13","-0.14","1.4","0.86","1.29","2.27","6.44","31.71","33.07","37.6","56.04","53.52","18.43","20.3","6.36","22.14","16.87","15.53","18.27","4.83","-2.79","-2.73","1.1","-3.13","-8.3","-0.1","-10.46","-7.88","-3.11","-14.57","2.96","6.69","27.54","-2.26","4.2"
"Kiribati","","..","..","..","..","..","..","..","..","..","..","..","..","..","..","..","..","..","..","..","..","..","..","..","..","..","..","..","..","..","..","..","..","..","..","..","..","..","..","..","..","..","..","..","..","..","..","..","..","0.06","..","..","..","..",".."
"Korea","","0.01","..","..","..","0.01","0.91","..","..","0.02","0.01","0.01","0.01","..","0.02","0.02","0.01","0.02","0.03","0.01","0.02","0.02","0.09","0.32","0.04","0.11","0.06","0.03","0.18","..","..","..","..","0.02","0.02","0.05","0.04","0.02","..","2.55","1.65","..","..","..","..","..","..","..","..","..","..","..","..","..",".."
"Korea, Dem. Rep.","","..","..","..","..","..","..","..","..","..","..","..","..","..","..","..","..","..","..","..","..","..","..","..","..","..","..","..","..","0.17","0.12","0.14","0.05","..","..","..","..","..","0.29","..","..","1.43","3.48","3.98","4.22","9.03","0.78","1.01","1.82","1.61","1.34","0.44","0.43","0.37","0.4"
"Kosovo","","..","..","..","..","..","..","..","..","..","..","..","..","..","..","..","..","..","..","..","..","..","..","..","..","..","..","..","..","..","..","..","..","..","..","..","..","..","..","..","..","..","..","..","..","..","..","..","..","..","3.28","1.99","3.05","0.46","0.44"
"Kuwait","","..","..","..","..","..","..","..","..","..","..","..","..","..","0.05","..","0.01","..","..","..","0.01","..","..","..","..","..","..","..","..","..","..","..","1.19","..","..","..","..","..","..","..","..","..","..","..","..","..","..","..","..","..","..","..","..","..",".."
"Kyrgyz Republic","","..","..","..","..","..","..","..","..","..","..","..","..","..","..","..","..","..","..","..","..","..","..","..","..","..","..","..","..","..","..","..","..","0.28","..","1.24","..","0.08","..","..","..","..","0.01","0.09","0.01","0.11","..","0.01","..","..","..","..","0.01","..",".."
"Laos","","..","..","..","..","..","..","..","..","..","..","..","..","..","..","..","..","..","..","0.02","..","..","..","..","..","..","..","0.28","..","..","..","..","0.46","0.01","0.01","0.01","0.16","..","..","..","0.01","0.01","0.01","0.81","0.58","0.17","..","..","..","1.43","0.78","0.03","0.32","0.41","0.1"
"Lebanon","","0.01","..","..","..","0.05","..","..","0.02","0.02","0.02","0.02","0.04","0.02","0.04","0.2","2.26","0.39","0.2","0.15","0.07","0.12","2.88","6.57","1.81","2.29","5.05","5.93","8.77","21.09","16.33","11.93","9.58","15.06","15","7.16","1.29","16.95","4.09","10.35","1.98","3.55","2.28","0.96","1.24","1.88","0.45","44.26","65.41","63.63","28.26","23.87","19.06","15.73","17.08"
"Lesotho","","..","..","..","..","..","..","..","..","..","..","..","..","..","0.01","..","..","..","..","..","..","..","..","0.02","1.01","0.62","0.73","1.26","1.38","0.34","1.24","0.44","1.03","0.24","1.47","0.04","..","0.03","0.15","..","0.83","..","..","0.48","..","..","..","..","..","0.02","..","..","..","..",".."
"Liberia","","-0.42","-0.89","0.57","-0.06","-0.15","-0.2","..","0.01","0.02","0.02","0.01","0.01","..","0.06","0.14","0.05","0.12","0.13","0.17","0.08","0.02","0.02","..","..","0.34","0.29","0.22","0.07","..","..","..","..","..","1.71","..","0.08","..","..","..","..","..","..","..","..","1.95","0.02","..","0.01","0.81","75.41","1.94","0.19","..","0.37"
"Libya","","0.03","3.4","1.79","-0.01","1.51","1.27","..","1.47","1.67","3.16","1.48","0.04","3.19","10.66","10.07","0.26","6.11","5.04","3.72","1.45","7","0.19","0.52","0.68","0.74","0.68","0.59","0.75","0.65","5.69","6.4","1.13","0.11","0.41","0.32","0.13","0.06","0.08","0.23","0.07","..","..","..","..","..","9.25","1.38","3.95","2.36","0.92","0.53","6.99","6.73","1.82"
"Macao","","..","..","..","..","..","..","..","..","..","..","..","..","..","..","..","..","..","..","..","..","..","..","..","..","..","..","..","..","..","..","..","..","..","..","..","..","..","..","..","..","..","..","..","..","..","..","..","..","..","..","..","..","..",".."
"Madagascar","","..","..","..","..","..","..","..","..","0.23","0.06","1.4","1.77","2.45","0.8","-0.31","0.23","0.13","-0.26","0.08","-0.2","-0.25","1.29","0.39","2.57","2.31","2.64","4.16","2.15","3.67","13.62","5.7","21.59","4.54","0.89","2.02","2.14","0.88","0.78","134.23","0.65","0.59","0.86","0.09","0.08","43.31","51","0.48","0.43","5.44","2.19","3.39","4.82","1.76","3.31"
"Malawi","","..","..","..","..","..","..","..","..","..","..","..","..","..","..","..","0.03","0.01","..","0.01","0.02","..","0.05","0.06","0.02","0.07","0.05","2.31","3.91","5.29","1.65","0.47","1.45","0.83","1.91","..","2.01","..","0.26","0.56","..","0.05","..","1.64","0.01","0.77","0.01","0.19","1.49","0.76","1.35","2.3","1.54","0.89","0.69"
"Malaysia","","..","..","0.01","..","..","..","..","0.01","..","0.01","0.01","..","..","0.01","0.01","0.04","..","..","..","0.08","0.01","0.51","0.54","0.12","0.51","1.05","2.01","1.02","1.34","0.61","0.8","0.7","0.96","0.05","0.29","0.08","0.03","0.03","..","..","..","0.03","..","0.04","..","..","..","..","0.07","0.03","..","0.07","0.01",".."
"Maldives","","..","..","..","..","..","..","..","..","..","..","..","..","..","..","..","..","..","..","..","..","..","..","..","..","..","..","..","0.01","..","..","..","..","..","..","..","..","..","..","..","..","0.16","..","..","..","..","..","..","..","..","..","..","..","..",".."
"Mali","","..","..","..","..","..","..","..","..","..","..","..","0.02","0.05","0.01","0.3","0.04","0.07","0.06","0.04","0.03","0.13","..","0.2","1.97","10.4","9.52","26.38","20.89","34.31","27.8","16.3","8.6","7.07","3.83","6.29","0.7","1.83","3.72","0.12","0.35","0.21","0.23","1.47","0.13","1.55","..","2.22","1.83","1.43","3.85","2.59","1.77","1.14","2.75"
"Malta","","..","..","-0.03","0.08","0.24","-0.03","..","0.05","0.06","4.94","0.11","-0.3","0.38","3.01","0.73","2.42","1.68","0.51","0.72","-0.18","0.59","37.84","19.09","31.47","4.04","4.85","1.15","1.2","0.2","-3.39","0.88","-0.38","5.84","26.88","43.81","8.92","65.93","22.22","23.5","23.6","20.83","0.01","-0.03","..","..","..","..","..","..","..","..","..","..",".."
"Marshall Islands","","..","..","..","..","..","..","..","..","..","..","..","..","..","..","..","..","..","..","..","..","..","..","..","..","..","..","..","..","..","..","..","..","..","..","..","..","..","..","..","..","..","..","..","..","..","..","..","..","0.06","..","..","..","..",".."
"Mauritania","","..","..","..","..","..","..","..","..","..","..","0.08","0.03","..","..","0.22","..","0.14","..","..","..","0.01","..","0.24","0.49","2.22","10.21","20.03","10.75","9.33","11.09","8.84","4.44","4.15","3.88","0.95","2.1","0.33","0.44","0.6","3.6","0.59","1.39","2.1","2.21","2.42","1.92","2.07","3.58","10.69","5.56","2.12","2.22","2.09","3.08"
"Mauritius","","..","..","..","..","..","..","..","..","..","..","..","..","..","0.03","0.05","0.04","..","..","..","..","..","..","..","..","0.15","0.18","0.17","0.2","0.6","..","..","..","0.01","..","..","0.04","..","..","..","..","0.01","0.01","..","..","0.03","..","..","..","..","..","..","..","..",".."
"Mayotte","","..","..","..","..","..","..","..","..","..","..","..","..","..","..","..","..","..","..","..","..","..","..","..","..","..","..","..","..","..","..","..","..","..","..","..","..","..","..","..","..","..","..","..","..","..","..","..","..","..","..","..","..","..",".."
"Mekong Delta Project","","..","..","..","..","..","..","..","..","..","..","..","..","..","..","..","..","..","..","..","..","..","..","..","..","..","..","..","..","..","..","..","..","..","..","..","..","..","..","..","..","..","..","..","..","..","..","..","..","..","..","..","..","..",".."
"Mexico","","-0.49","0.4","1.43","1.49","7.46","4.67","..","2.87","1.52","0.95","7.2","2.83","-1.99","-1.72","-1.87","0.27","0.35","-0.77","-0.23","0.06","1.16","0.85","1.36","0.85","6.62","2.14","4.62","3.02","0.4","1.13","1.47","2.06","0.4","..","0.45","-0.23","-0.13","0.33","0.03","0.29","0.18","0.5","0.49","0.29","1.33","0.14","0.02","0.39","5.59","0.62","1.05","0.98","0.69","1.42"
"Micronesia","","..","..","..","..","..","..","..","..","..","..","..","..","..","..","..","..","..","..","..","..","..","..","..","..","..","..","..","..","..","..","..","..","..","..","..","..","..","..","..","..","..","..","..","..","..","..","..","..","..","..","..","..","..",".."
"Moldova","","..","..","..","..","..","..","..","..","..","..","..","..","..","..","..","..","..","..","..","..","..","..","..","..","..","..","..","..","..","..","..","..","..","..","..","..","..","0.01","0.01","0.62","0.65","0.25","0.4","1.14","0.08","..","0.11","1.24","0.49","0.67","1.44","0.37","0.27","0.28"
"Mongolia","","..","..","..","..","..","..","..","..","..","..","..","..","..","..","..","..","..","..","..","..","..","..","..","..","..","..","..","..","..","..","..","..","..","0.01","1.25","0.01","1.29","0.02","..","0.01","0.89","1.64","1.01","0.02","0.01","0.06","14","0.21","0.18","0.86","0.09","0.12","..",".."
"Montenegro","","..","..","..","..","..","..","..","..","..","..","..","..","..","..","..","..","..","..","..","..","..","..","..","..","..","..","..","..","..","..","..","..","..","..","..","..","..","..","..","..","..","..","..","..","..","..","23.32","2.1","5.78","4.17","0.38","0.29","2.6","4.36"
"Montserrat","","..","..","..","..","..","..","..","..","..","..","..","..","..","..","..","..","..","..","..","..","..","..","..","..","..","..","..","..","..","..","..","..","..","..","..","..","..","..","..","..","..","..","..","..","..","..","..","..","..","..","..","..","..",".."
"Morocco","","..","0.03","0.29","0.86","0.45","0.41","..","0.46","0.46","10.65","0.22","1.11","-0.41","0.2","0.28","0.58","8.28","1","1.11","0.87","0.65","-0.18","3.29","5.68","3.86","1.78","2.79","7.84","21.81","8.17","36.13","72.12","159.22","33.83","39.3","84.23","19.29","4.86","-0.44","1.27","2.11","0.73","-3.62","21.94","3.89","39.43","4.88","83.75","-4.4","-0.34","9.6","15.67","-3.67","-4.3"
"Mozambique","","..","..","..","..","..","..","..","..","..","..","..","..","0.03","0.01","0.01","0.01","0.21","1.38","2.05","2.15","3.18","8.18","27.41","32.85","34.2","27.96","55.69","135.32","286.75","80.09","106.16","58.85","249.94","97","93.87","26.9","34.81","20.39","110.56","11.56","13.09","13.08","446.46","15.09","26.99","21.56","30.24","42.58","34.55","24.81","35.32","23.4","22.36","22.25"
"Myanmar (Burma)","","..","..","..","..","..","..","..","..","..","..","0.01","..","0.03","0.03","0.02","0.01","0.01","0.02","0.03","0.05","0.02","0.23","3.55","2.63","1.82","-0.24","2.35","1.11","0.4","0.05","..","0.04","0.17","0.05","..","0.32","..","..","..","..","..","0.28","0.02","0.38","0.6","0.27","..","0.49","7.54","0.95","1.01","3.22","1.54","8.35"
"Namibia","","..","..","..","..","..","..","..","..","..","..","..","..","..","..","..","..","..","..","..","..","..","..","..","..","..","..","0.44","..","..","..","1.79","..","0.84","0.31","0.93","0.03","1.11","..","0.01","0.28","0.02","0.22","0.03","0.02","0.66","0.01","0.33","0.68","0.58","0.91","0.01","0.54","0.01","0.37"
"Nauru","","..","..","..","..","..","..","..","..","..","..","..","..","..","..","..","..","..","..","..","..","..","..","..","..","..","..","..","..","..","..","..","..","..","..","..","..","..","..","..","..","..","..","..","..","..","..","..","0.07","..","..","..","0.06","..","0.13"
"Nepal","","..","..","..","..","..","..","..","..","..","..","0.01","..","..","0.01","0.01","0.01","..","..","..","0.01","..","0.01","0.01","0.93","0.18","0.9","4.73","0.82","1.11","1.77","0.11","0.48","0.47","0.03","1.51","0.06","0.18","0.25","0.01","0.17","0.25","0.36","0.07","0.27","0.28","0.01","0.01","0.1","0.12","0.32","0.29","0.39","0.33","0.29"
"Netherlands Antilles","","..","..","..","..","..","..","..","..","..","..","..","..","..","..","..","..","..","..","..","..","..","..","..","..","..","..","..","..","..","..","..","..","..","..","..","..","..","..","..","..","..","..","..","..","..","..","..","..","..","..","..","..","..",".."
"New Caledonia","","..","..","..","..","..","..","..","..","..","..","..","..","..","..","..","..","..","..","..","..","..","..","..","..","..","..","..","..","..","..","..","..","..","..","..","..","..","..","..","..","..","..","..","..","..","..","..","..","..","..","..","..","..",".."
"Nicaragua","","0.01","..","..","..","0.01","0.01","..","0.01","..","..","0.01","0.01","..","0.03","0.04","0.13","0.05","0.05","0.16","1.14","1.12","5.02","2.49","3.23","2.34","4.27","13.7","10.3","16.7","15.92","10.01","20.33","16.54","5.25","100.98","0.73","27.69","3.37","1.92","7.58","1.75","1.98","2.29","45.87","2.26","80.96","2.55","7.53","1.28","4.28","1.77","1.47","0.92","0.68"
"Niger","","..","..","..","..","..","..","..","..","0.03","0.06","0.08","0.1","0.11","..","..","0.01","0.02","0.05","0.04","0.07","0.19","0.04","0.02","7.94","0.46","9.84","26.35","15.22","33.54","21.61","19.95","6.33","18.61","6.17","9.37","2.83","7","11.02","5.81","0.82","0.55","1.41","1.32","0.89","1.82","0.81","5.37","2.51","5.05","3.77","3.02","0.52","1.45","1.86"
"Nigeria","","0.02","..","..","..","3.88","5.93","8.74","6.37","2.53","-1.23","-1.24","-1.2","-1.34","0.54","-0.27","0.2","-0.19","-0.39","-0.29","-0.31","0.22","0.57","1.33","0.56","1.56","0.69","2.86","2.92","5.75","14.32","12.47","1.84","5.47","3.23","1.64","1.64","0.18","0.11","0.03","0.07","0.94","1.12","0.96","0.17","-0.68","529.62","754.98","1.69","3.81","2.36","2.08","1.23","0.18","0.57"
"Niue","","..","..","..","..","..","..","..","..","..","..","..","..","..","..","..","..","..","..","..","..","..","..","..","..","..","..","..","..","..","..","..","..","..","..","..","..","..","..","..","..","..","..","..","..","..","..","..","..","..","..","..","..","..",".."
"Northern Marianas","","..","..","..","..","..","..","..","..","..","..","..","..","..","..","..","..","..","..","..","..","..","..","..","..","..","..","..","..","..","..","..","..","..","..","..","..","..","..","..","..","..","..","..","..","..","..","..","..","..","..","..","..","..",".."
"Oman","","..","..","..","..","..","..","..","..","..","..","..","..","..","..","..","..","..","..","..","..","..","..","..","0.01","..","..","..","0.11","0.01","0.01","0.01","..","..","..","..","0.03","0.01","0.01","0.09","0.02","0.08","0.01","0.12","0.01","0.01","0.01","..","0.01","..","0.06","..","..","..",".."
"Pakistan","","0.02","..","..","..","0.05","0.08","..","0.03","0.03","0.02","0.02","16.8","36.91","16.89","0.04","9.61","5.2","4.59","7.02","-0.46","-2.9","-0.81","-2.37","-0.42","-0.27","4.58","62.65","16.05","59","36.26","13.79","-2.64","-3.13","44.55","-4.03","4.44","-4.9","-6.13","-8.4","0.37","5.78","6.55","0.31","3.81","0.09","-0.8","3.07","2.73","3.87","9.08","12.16","26.78","42.75","14.94"
"Palau","","..","..","..","..","..","..","..","..","..","..","..","..","..","..","..","..","..","..","..","..","..","..","..","..","..","..","..","..","..","..","..","..","..","..","..","..","..","..","..","..","0.01","..","..","..","..","..","..","..","..","..","..","..","..",".."
"Panama","","-0.04","-0.04","0.01","0.12","0.16","10.93","..","..","0.01","0.01","0.01","0.01","..","0.04","0.03","0.05","0.03","0.03","0.02","0.09","..","0.01","0.08","0.1","0.14","0.11","0.63","0.23","..","..","0.83","0.22","0.3","0.68","0.01","0.68","0.01","..","..","..","..","..","0.1","0.02","0.09","..","0.01","..","0.01","0.01","..","0.01","0.01","0.12"
"Papua New Guinea","","..","..","..","..","..","..","..","..","..","..","..","..","..","..","..","..","..","..","0.01","..","..","..","..","..","..","..","..","0.02","..","..","..","..","..","..","0.12","0.13","..","..","..","..","..","..","..","..","..","..","..","0.18","0.92","0.11","..","0.29","0.19","0.16"
"Paraguay","","..","..","..","..","0.01","0.02","..","0.01","0.02","0.02","0.02","0.02","0.07","0.06","0.04","0.15","0.18","0.21","0.05","0.11","0.03","0.04","0.1","0.18","0.19","0.26","0.41","0.34","0.77","0.47","0.62","57.2","0.39","0.06","0.05","0.19","0.01","0.06","..","0.02","0.03","0.05","0.04","0.02","0.26","0.11","0.08","0.36","1.15","1.14","0.44","0.34","0.73","0.56"
"Peru","","-0.47","0.11","-0.41","-0.28","-0.42","-0.01","..","0.01","0.05","0.04","0.06","0.03","0.04","0.19","0.27","0.69","0.36","0.59","0.78","0.9","0.45","1.61","2.87","6.55","4.22","8.91","8.47","19.22","35.79","77.92","80.6","18.68","34.96","34.01","21.74","8.42","7.22","1.97","0.56","-9.9","-17.75","-11.49","4.78","-9.03","6.26","1.24","3.43","4.19","10.62","9.27","5.27","10.83","3.18","3.41"
"Philippines","","0.01","0.38","-0.1","-0.1","-0.15","0.01","..","..","0.1","0.01","0.01","0.01","..","0.04","0.13","0.1","0.01","0.32","0.1","0.23","0.04","0.12","0.26","0.4","0.87","0.24","0.2","0.66","1.19","12.46","14.88","7.67","43.8","71.81","4.46","2.97","8.66","2.05","2.08","3.05","0.72","-6.93","-6.89","-7.7","-6.55","-8.57","-8.34","-8.42","-5.13","-5.65","-6.92","1.7","3.33","10.43"
"Qatar","","..","..","..","..","..","..","..","..","..","..","..","..","..","..","..","..","..","..","..","..","..","..","..","..","..","..","..","..","..","..","..","..","..","..","..","..","..","..","..","..","..","..","..","..","..","..","..","..","..","..","..","..","..",".."
"Rwanda","","..","..","..","..","..","..","..","..","..","0.05","0.07","..","..","0.04","0.05","0.04","0.02","0.05","0.04","0.03","..","0.04","0.03","0.69","0.8","3.73","6.21","2.18","0.92","1.45","1.32","1.93","1.87","2.97","12.44","3.85","4.18","4.06","3.86","2.46","0.81","1.18","1","0.19","1.3","0.19","0.58","2.52","2.74","1.75","1.31","1.01","0.41","0.18"
"Samoa","","..","..","..","..","..","..","..","..","..","..","..","..","..","..","..","..","..","..","..","..","..","..","..","..","..","..","..","..","..","..","..","..","..","..","..","..","..","..","..","..","..","..","..","..","..","..","..","..","0.06","..","..","..","..",".."
"Sao Tome & Principe","","..","..","..","..","..","..","..","..","..","..","..","..","..","..","..","..","..","..","..","..","..","..","0.09","0.04","0.38","0.3","0.44","0.38","2.24","2.14","0.74","1.07","0.01","1.89","0.01","0.94","0.57","..","0.02","0.22","0.01","0.24","0.02","0.01","0.64","..","0.23","0.83","0.22","..","..","0.06","0.01",".."
"Saudi Arabia","","0.01","..","..","..","0.02","0.01","..","0.01","..","0.02","0.01","..","..","0.01","0.02","0.02","0.05","0.04","0.04","0.06","0.06","0.05","0.05","0.06","0.01","0.07","0.07","0.21","0.36","0.51","0.58","..","..","..","0.04","0.06","..","..","..","..","..","..","..","..","..","..","..","..","..","..","..","..","..",".."
"Senegal","","..","..","..","..","..","..","..","..","..","..","0.07","0.05","..","0.07","0.1","0.29","0.4","1.8","0.16","0.25","0.05","1.23","0.9","7.02","8.09","15.7","31.01","45.13","49.61","72.29","45.83","32.57","48.78","29.72","17.01","5.5","13.59","8.73","10.21","1.83","15.21","4.21","0.15","2.27","5.42","11.65","1.75","6.26","8.62","19.08","7.19","7.28","6.58","19.13"
"Serbia","","..","..","..","..","..","..","..","..","..","..","..","..","..","..","..","..","..","..","..","..","..","..","..","..","..","..","..","..","..","..","..","..","..","..","10.42","3.29","6.56","-0.01","1.53","36.82","19.51","32.08","3.72","13.33","-0.01","16.13","129.65","22.62","18.75","2.66","2.32","18.63","-2.44","-1.59"
"Seychelles","","..","..","..","..","..","..","..","..","..","..","..","..","..","..","..","..","..","..","0.02","0.16","0.07","0.03","0.07","0.1","0.15","0.1","0.32","0.15","0.16","0.06","0.48","..","..","..","..","..","..","..","12.75","0.01","..","..","..","..","..","..","..","..","0.05","..","8.31","..","..",".."
"Sierra Leone","","..","..","..","..","0.01","0.01","..","0.01","0.03","0.02","0.01","..","..","0.06","0.13","0.03","0.15","0.01","0.02","0.02","0.04","0.13","10.98","6.02","0.35","0.26","11.27","3.31","5.57","16.64","7.94","37.47","32.83","56.62","0.83","1.4","10.5","..","6.35","0.02","1.85","0.24","20.55","8.46","24.93","0.71","1.92","44.31","0.66","6.69","0.34","1.17","0.35","0.63"
"Singapore","","..","..","..","..","..","..","..","0.02","..","..","..","..","..","..","..","..","..","..","..","..","..","..","..","..","..","0.01","..","..","..","..","..","..","..","0.01","..","..","..","..","..","..","..","..","..","..","..","..","..","..","..","..","..","..","..",".."
"Slovenia","","..","..","..","..","..","..","..","..","..","..","..","..","..","..","..","..","..","..","..","..","..","..","..","..","..","..","..","..","..","..","..","..","..","..","0.91","-0.39","-1.49","-1.24","-1.22","-0.23","-1.41","-0.27","-0.84","..","..","..","..","..","..","..","..","..","..",".."
"Solomon Islands","","..","..","..","..","..","..","..","..","..","..","..","..","..","..","..","..","..","..","..","..","..","..","..","..","..","..","..","0.01","..","..","..","..","..","..","..","..","..","..","..","..","..","..","..","..","..","..","..","0.05","0.54","..","..","..","..","0.02"
"Somalia","","10.7","13.4","10.9","17.9","7.51","12.97","8.13","2.18","10.38","9.51","4.88","12.51","6.21","11.46","4.35","5.53","3.98","8.18","7.36","7.32","27.36","27.64","48.9","51.48","104.61","55.93","159.28","215.05","197.23","164.48","111.26","54.61","24.08","97.38","32.6","11.8","1.52","6.05","8.36","19.6","2.16","28.98","7.68","7.8","16.18","11.08","8.45","6.6","25.5","5.94","10.53","18.58","10.38","6.85"
"South Africa","","..","..","..","..","..","..","..","..","..","..","..","..","..","..","..","..","..","..","..","..","..","..","..","..","..","..","..","..","..","..","..","..","..","0.41","0.27","0.25","0.91","1.35","1.11","3.9","0.87","2.67","7.76","3.72","6.68","3.23","1.7","5.64","11.59","2.01","0.28","9.03","1.8","6.4"
"South Sudan","","..","..","..","..","..","..","..","..","..","..","..","..","..","..","..","..","..","..","..","..","..","..","..","..","..","..","..","..","..","..","..","..","..","..","..","..","..","..","..","..","..","..","..","..","..","..","..","..","..","..","..","0.18","8.95","1.93"
"Sri Lanka","","..","..","..","..","..","0.74","..","0.01","0.01","0.01","4.01","-0.14","-0.32","-0.31","-0.27","1.12","-0.2","0.79","-0.08","0.08","0.08","0.18","-0.32","0.68","0.16","0.24","0.11","3.65","4.07","5.1","4.78","2.17","5.15","6.93","5.42","0.35","0.01","0.47","0.28","..","0.02","0.17","0.04","-1.09","-1.18","20.82","2.46","0.85","3.48","3.83","0.72","2.16","0.84","0.72"
"St. Helena","","..","..","..","..","..","..","..","..","..","..","..","..","..","..","..","..","..","..","..","..","..","..","..","..","..","..","..","..","..","..","..","..","..","..","..","..","..","..","..","..","..","..","..","..","..","..","..","..","..","..","..","..","..",".."
"St. Kitts-Nevis","","..","..","..","..","..","..","..","..","..","..","..","..","..","..","..","..","..","..","..","..","..","..","..","..","..","..","..","..","..","..","0.04","0.03","..","..","..","..","..","..","..","..","..","..","..","..","..","..","..","..","33.53","..","..","..","..",".."
"St. Lucia","","..","..","..","..","..","..","..","..","..","..","..","..","..","..","..","..","..","..","..","..","..","..","..","..","..","..","..","..","..","..","..","..","..","..","0.06","..","..","..","..","..","..","..","..","..","..","..","..","..","..","..","..","..","..",".."
"St.Vincent & Grenadines","","..","..","..","..","..","..","..","..","..","..","..","..","..","..","..","..","..","..","..","..","..","..","..","..","..","..","..","..","..","..","..","..","..","..","..","..","..","..","..","..","..","..","..","..","..","..","..","41.41","..","..","..","..","..",".."
"Sts Ex-Yugo. Unspec.","","3.95","45.85","22.68","32.06","18.86","15.89","22.8","7.3","0.1","24.63","-7.11","7.13","9.02","28.36","-15.13","0.04","0.06","-17.98","-12.45","-11.63","-5.66","-6.32","-1.34","0.27","1.63","2.44","10.83","16.07","4.04","1.83","25.48","57.52","35.57","135.34","..","0","..","0.75","2.05","3.03","8.67","6.71","7.84","4.1","25.73","3.25","17.55","1","3.1","0.16","0.37","11.35","-0.44","0.38"
"Sudan","","0.18","0.58","-0.29","2.62","2.57","-0.57","..","0.11","12.09","0.26","-0.85","-0.87","-1.08","-0.89","-0.82","0.79","-0.01","-0.63","0.46","1.09","-1.69","0.79","13.66","26.86","11.32","65.32","90.81","79.47","75.43","48.97","21.9","18.58","10.08","3.83","5.68","3.79","1.69","0.93","1.9","1.6","5.17","5.69","7.61","8.9","16.88","16.79","12.5","19.93","35.1","19.79","12.77","17.82","9.59","4.46"
"Suriname","","..","..","..","..","..","..","..","..","..","..","..","..","..","0.01","..","..","..","..","..","..","..","..","..","..","..","..","..","..","..","..","..","..","..","..","..","..","..","..","..","..","..","..","..","0.01","..","..","16.31","..","..","..","..","..","..",".."
"Swaziland","","..","..","..","..","..","..","..","..","..","..","..","..","..","..","..","..","..","..","..","..","..","0.02","0.05","..","0.09","0.3","0.69","0.74","4.09","1.66","5.53","1.32","0.44","-0.01","-0.27","0.52","-0.14","0.31","-0.06","0.11","0.16","0.32","3.79","6.72","2.67","0.31","0.41","1.28","0.93","0.05","0.38","0.35","..",".."
"Syria","","..","..","..","..","0.02","0.02","..","..","0.01","..","2.39","0.52","0.09","0.04","0.13","1.12","0.29","2.01","0.18","0.06","0.07","0.14","0.4","0.02","0.29","0.21","0.15","0.12","0.01","0.03","0.04","2.21","8.78","3.09","0.86","1.14","-0.33","-0.97","0.19","4.41","2.81","8.24","2.75","1.21","5.68","0.39","2.88","0.41","15.03","8.8","0.85","-1.02","1.86","15"
"Tajikistan","","..","..","..","..","..","..","..","..","..","..","..","..","..","..","..","..","..","..","..","..","..","..","..","..","..","..","..","..","..","..","..","..","..","..","..","..","..","..","..","..","..","0.02","0.4","0.73","..","..","0.02","0.22","0.01","0.42","0.01","0.27","0.18","0.07"
"Tanzania","","..","..","..","..","0.02","0.01","..","9.01","6.24","-0.24","4.98","3.36","-1.05","-1.38","-1.52","-0.33","0.01","-0.37","-0.23","-0.38","0.46","10.51","13.57","18.67","36.37","34.82","28.09","195.76","76.93","61.12","105.7","37.7","66.16","22.16","10.56","6.28","3.21","3.94","3.41","33.87","0.69","1.51","132.25","1.34","5.06","4.72","2.24","4.31","6.03","6.73","5.21","6.72","6.1","6.59"
"Thailand","","0.02","0.22","0.1","0.05","-0.11","0.12","..","..","0.01","0.02","0.02","0.01","0.11","0.03","0.01","0.02","0.02","0.01","0.06","0.75","2.03","0.79","2.18","0.88","1.19","1.84","2.49","6.14","5.17","3.51","1.12","0.78","8.4","1.97","0.36","0.93","0.23","0.06","..","0.03","..","0.01","0.5","0.31","0.32","1.49","1.19","0.31","0.55","1.08","1.13","0.81","0.46","0.9"
"Timor-Leste","","..","..","..","..","..","..","..","0.01","..","..","..","..","..","..","..","..","..","..","..","0.06","..","..","..","..","..","..","..","..","..","..","..","..","..","..","..","..","..","..","..","0.66","..","0.01","..","0.56","0.37","..","..","..","1.65","..","0.76","0.01","0.65","1.15"
"Togo","","..","..","..","..","0.01","0.01","..","0.01","0.01","0.01","0.01","..","..","0.11","0.12","0.04","0.24","0.08","0.02","0.08","0.01","0.08","0.18","0.14","0.39","0.31","3.06","2.33","0.47","0.07","1.02","0.5","0.91","..","..","0.57","3.1","..","..","0.01","0.01","0.08","0.01","..","0.19","0.01","0.15","0.73","1.31","3.04","11.53","0.94","0.47","0.52"
"Tokelau","","..","..","..","..","..","..","..","..","..","..","..","..","..","..","..","..","..","..","..","..","..","..","..","..","..","..","..","..","..","..","..","..","..","..","..","..","..","..","..","..","..","..","..","..","..","..","..","..","..","..","..","..","..",".."
"Tonga","","..","..","..","..","..","..","..","..","..","..","..","..","..","..","..","..","..","..","..","..","..","..","0.04","..","..","..","..","..","..","..","..","..","..","..","..","..","..","..","..","..","..","..","..","..","..","..","..","..","0.06","..","..","..","..",".."
"Trinidad & Tobago","","..","..","..","..","..","..","..","..","..","..","..","..","..","0.01","..","..","..","0.02","..","..","..","..","..","..","..","..","..","..","..","..","..","..","0.07","..","..","..","..","..","..","0.01","..","..","..","..","..","..","..","..","..","..","..","..","..",".."
"Tunisia","","0.02","0.02","0.29","14.6","-1.18","0.21","-0.81","19.98","-0.48","1.59","1.76","2.19","-3.61","13.77","7.89","3.75","18.45","3.15","-2.39","-3.52","-2.68","-1.71","2.3","11.49","8.87","22.84","35.29","86.69","74.88","26.97","65.15","102.6","160.43","39.73","3.24","-6.64","1.89","-16.81","-19.43","-19.88","-12.9","6.46","1.07","2.21","20","-9.24","20.83","0.48","-16.79","3.23","8.65","2.94","-5.07","16.95"
"Turkey","","0.76","5.11","-2.04","6.91","-4.65","-6.27","5.19","13.14","12.82","20.79","1.38","20.64","-4.74","7.09","-6.43","-7.27","8.28","-3.92","0.38","0.22","0.57","0.51","20.58","2.02","17.87","22.22","19.25","-0.26","0.15","-5.71","21.91","20.21","51.31","0.94","-2.98","-6","-4.52","-5.63","-2.24","-1.12","-1.78","-1.42","-4.12","-6.74","-7.05","-5.01","-10.76","-6.75","-6.1","-5.87","-4.87","-3.8","-3.12","-3.11"
"Turkmenistan","","..","..","..","..","..","..","..","..","..","..","..","..","..","..","..","..","..","..","..","..","..","..","..","..","..","..","..","..","..","..","..","..","..","0.02","0.02","..","0.04","..","0.02","0.01","0.02","0.01","0.03","..","..","..","..","..","..","..","..","..","..",".."
"Turks & Caicos Islands","","..","..","..","..","..","..","..","..","..","..","..","..","..","..","..","..","..","..","..","..","..","..","..","..","..","..","..","..","..","..","..","..","..","..","..","..","..","..","..","..","..","..","..","..","..","..","..","..","..","..","..","..","..",".."
"Tuvalu","","..","..","..","..","..","..","..","..","..","..","..","..","..","..","..","..","..","..","..","..","..","..","..","..","..","..","..","..","..","..","..","..","..","..","..","..","..","..","..","..","..","..","..","..","..","..","..","..","..","..","..","..","..",".."
"Uganda","","..","..","0.07","0.15","-0.05","-0.05","..","..","0.01","0.01","0.24","0.09","0.08","0.05","0.13","0.33","0.38","0.2","0.2","0.81","0.13","1.03","1.03","1.85","6.74","10.79","30.02","25.11","21.79","14","44.64","17.33","11.84","10.11","3.08","24.14","5.4","73.35","3.48","3.64","82.09","3.74","26.68","8.85","8.23","3.92","9.56","13.28","12.4","8.95","11.4","9.29","5.76","3.35"
"Ukraine","","..","..","..","..","..","..","..","..","..","..","..","..","..","..","..","..","..","..","..","..","..","..","..","..","..","..","..","..","..","..","..","..","..","..","..","..","..","..","..","..","..","..","..","..","..","0.02","0.18","0.1","1.38","0.18","0.28","0.32","0.18","0.36"
"United Arab Emirates","","..","..","..","..","..","..","..","0.04","..","..","..","..","..","0.01","..","..","..","..","0.01","..","..","0.03","..","..","0.05","..","0.05","..","..","..","..","..","..","..","..","..","..","..","..","..","..","..","..","..","..","..","..","..","..","..","..","..","..",".."
"Uruguay","","0.02","0.09","0.19","-0.03","1.06","0.28","..","0.05","0.05","0.05","0.1","0.12","..","5.55","-0.21","0.19","0.08","-0.39","-0.39","-0.49","0.28","0.23","0.31","0.23","0.43","0.49","0.69","1.01","3.77","6.39","8.57","12.35","15.12","21","3.5","1.05","0.75","-1.98","-2.91","-2.62","-1.98","-2.06","-2.95","-3.29","0.55","-2.75","-3.05","-0.55","-1.5","13.34","8.61","0.89","0.43","0.58"
"Uzbekistan","","..","..","..","..","..","..","..","..","..","..","..","..","..","..","..","..","..","..","..","..","..","..","..","..","..","..","..","..","..","..","..","..","..","0.09","..","0.01","..","1.17","0.04","0.04","0.01","0.18","0.37","0.24","0.01","..","..","..","0.12","0.03","..","0.03","0.01","0.01"
"Vanuatu","","..","..","..","..","..","..","..","..","..","..","..","..","..","..","..","..","..","..","..","..","..","..","..","..","..","..","..","..","..","..","..","..","..","..","..","..","..","..","..","..","..","..","..","..","..","..","..","0.05","..","..","..","..","..",".."
"Venezuela","","-1.66","-15.94","19.29","4.42","-9.95","-22.95","..","0.08","0.1","0.12","0.11","0.1","0.31","0.28","0.27","0.36","0.1","0.44","0.56","0.49","0.24","0.75","1.32","1.54","2.44","2.21","3.57","2.9","1.65","4.61","4.04","2.09","0.89","0.62","0.9","0.46","0.5","0.46","0.38","0.22","6.17","0.29","0.17","0.12","0.36","0.23","0.49","0.28","1.09","0.38","0.37","1.26","0.16","0.41"
"Vietnam","","0.01","..","..","..","0.09","0.14","..","..","0.01","0.02","0.02","0.02","..","0.03","0.01","0.03","0.03","0.19","0.64","0.83","0.05","3.81","6.12","0.07","0.01","0.01","0.04","0.01","0.02","0.01","0.81","0.8","26.35","32.17","92.27","3.49","1.58","1.11","0.88","1.13","0.4","0.02","-2.31","-3.13","-4.28","-3.19","-2.64","6.07","6.44","1.18","5.69","3.98","4.45","2.42"
"Virgin Islands (UK)","","..","..","..","..","..","..","..","..","..","..","..","..","..","..","..","..","..","..","..","..","..","..","..","..","..","..","..","..","..","..","..","..","..","..","..","..","..","..","..","..","..","..","..","..","..","..","..","..","..","..","..","..","..",".."
"Wallis & Futuna","","..","..","..","..","..","..","..","..","..","..","..","..","..","..","..","..","..","..","..","..","..","..","..","..","..","..","..","..","..","..","..","..","..","..","..","..","..","..","..","..","..","..","..","..","..","..","..","..","..","..","..","..","..",".."
"West Bank & Gaza Strip","","..","..","..","..","..","..","..","..","..","..","..","..","..","..","..","..","..","..","..","..","..","..","..","..","..","..","..","..","..","..","..","..","..","1.54","9.02","7.74","6.14","8.58","5.61","18.53","11.78","15.84","22.99","38.39","15.12","15.89","7.32","19.91","70.3","39.51","35.04","9.49","7.27","12.13"
"Yemen","","0.02","0.02","-0.03","..","0.1","0.14","..","..","0.14","0.21","0.08","0.69","0.27","0.37","0.29","0.42","1.54","3","0.71","1.06","0.61","0.74","1.22","9.26","8.05","5.89","9.49","9.97","4.85","-1.98","-0.16","7.59","8.84","2.97","1.26","-1.85","1.18","13.18","1.32","3.55","1.31","0.18","2.36","0.69","4.19","2.91","1.06","7.08","15.63","9.19","4.28","1.34","0.1","0.17"
"Zambia","","..","..","..","..","0.02","..","..","17.98","12.45","-0.54","-2.13","-2.12","-2.08","-1.24","-2.98","0.19","0.18","-1.28","-1.28","-1.62","-1.62","2.34","0.43","0.68","3.51","1.3","13.62","36.12","39.49","23.11","12.26","42.22","6.28","51.45","2.44","5.96","1","18.78","2.34","0.57","24.02","0.43","0.96","27.46","1.73","0.23","51.66","0.45","5.86","1.95","1.39","0.83","0.57","1.1"
"Zimbabwe","","..","..","..","..","..","..","..","..","..","..","..","..","..","..","..","..","..","..","..","..","2.67","4.38","1.62","3.66","17.04","7.47","5.16","26.09","11.05","7.12","5.72","10.4","12.55","10.98","11.13","7.61","16.14","5.02","5.41","-3.27","0.71","1.74","2.09","1.12","1.44","1.07","2.16","2.13","2.82","2.04","1.42","1.17","0.04","0.46"
"North of Sahara, regional","","..","..","0.01","..","..","..","..","..","..","..","..","..","..","..","..","..","..","..","..","0.05","..","0.18","..","..","1.98","..","..","10.31","2.11","1.54","..","..","0.64","..","..","..","..","1.17","6.16","1.02","0.31","1.66","..","0.27","0.17","0.6","0.82","0.35","1.03","1.95","0.05","0.39","1.04","0.84"
"South of Sahara, regional","","..","..","..","..","..","0.02","..","..","..","..","..","..","..","0.57","0.01","1.32","0.97","0.61","0.3","0.39","12.05","1.82","..","..","2.29","4.28","2.13","3.7","5.35","7.74","8.94","6.98","0.69","..","5.15","1.22","0.12","0.16","0.55","1.99","0.38","22.69","6.86","8.25","4.41","25.97","8.88","8.02","14.05","15.39","6.38","1.08","0.44","1.98"
"Africa, regional","","..","..","..","..","0.02","..","7.02","..","..","..","..","..","..","..","0.91","..","..","1.91","4.28","5.02","4.01","3.15","9.82","5.37","28.9","51.45","22.78","44.79","33.32","77.95","0.38","37.02","3.73","0.97","7.5","0.96","0.97","..","0.31","0.18","1.52","5.39","0.19","4.55","10.91","..","2.3","1.36","14.6","0.25","2.22","6.2","6.07","4.03"
"N. & C. America, regional","","..","..","..","..","..","..","..","..","..","..","..","..","..","..","0.05","..","0.08","..","0.11","0.07","..","..","..","..","..","..","..","1.85","0.33","..","2.88","32.61","29.22","..","32.54","..","..","..","0.01","..","..","6.27","..","..","..","0.63","0.79","5.26","0.62","2.38","..","0.15","0.18",".."
"South America, regional","","..","..","..","..","..","0.02","..","..","..","..","..","..","..","0.23","..","1","..","..","0.04","0.14","..","..","..","..","..","..","..","0.67","0.13","4.09","..","0.9","0.91","..","3.86","0.98","1.03","..","..","..","..","..","..","13.3","10.36","6","2.03","9.03","18.34","5.35","0.31","3.52","1.75","0.36"
"America, regional","","..","..","..","..","-0.03","..","0.36","..","..","..","..","..","..","..","..","0.41","0.94","0.55","0.06","0.45","0.39","1.63","1","4.42","1.42","7.31","10.61","22.76","15.9","7.68","1.82","3.83","1.76","20.05","..","..","..","..","0.09","2.21","1.84","7.19","4.11","1.01","..","0.15","..","0.01","0.01","0.33","2.28","2.73","1.98","3.41"
"Middle East, regional","","..","..","-0.01","..","..","0.01","..","0.1","..","..","..","..","..","..","..","..","..","..","0.14","0.1","..","..","..","..","..","0.13","..","1","14.37","4.2","..","0.03","9.75","..","3.27","0.22","1","..","0.01","..","..","..","..","0.05","0.43","1.3","0.08","0.12","5.16","2.45","1.33","1","0.02","5.39"
"Central Asia, regional","","..","..","..","..","..","..","..","..","..","..","..","..","..","..","..","..","..","..","..","..","..","..","..","..","..","..","..","..","..","..","..","..","..","..","..","..","..","..","..","..","..","..","..","..","..","..","..","..","..","..","..","..","0.04","0.01"
"South Asia, regional","","..","..","..","..","..","..","..","..","..","..","..","..","..","..","..","..","..","..","..","..","..","..","..","..","..","..","..","..","..","..","..","..","..","..","..","..","..","..","..","..","..","..","..","..","..","..","..","..","..","0.13","..","0.11","..","0.11"
"South & C.Asia, regional","","..","..","..","..","..","0.01","..","..","..","..","..","..","..","..","..","..","..","..","0.04","..","..","..","..","..","..","..","..","..","..","..","..","..","..","..","..","..","..","..","..","..","..","7.18","0.13","..","0.06","0.01","0.01","..","0.1","..","1.47","0.12","..","0.63"
"Far East Asia, regional","","..","..","..","..","..","-0.01","..","..","..","..","..","..","..","..","0.01","..","..","..","0.12","0.2","0.56","..","..","..","..","..","13.25","..","..","..","..","..","..","..","0.02","..","..","..","..","..","..","..","0.07","..","5.51","0.04","..","1.65","2.21","1.51","..","..","0.77",".."
"Asia, regional","","..","..","..","..","-0.02","..","1.36","..","..","..","..","..","..","..","0.07","0.04","0.04","0.18","..","0.25","0.77","0.57","0.23","..","0.1","0.29","..","0.05","..","1.17","..","0.02","..","1.55","0.46","..","..","..","0.01","..","..","0.69","0.22","0.01","0.16","..","0.19","..","1.5","0.73","0.69","..","0.07","0.07"
"Europe, regional","","-0.13","-2.22","9.65","-0.08","0.9","9.79","0.79","0.12","0.17","0.12","-0.02","0.09","-0.54","0.56","0.44","1.28","0.98","1.44","1.25","1.14","0.18","2.35","1.64","0.84","0.91","0.96","3.81","1.75","2.42","11.09","22.56","3.81","1.09","1.83","0.85","..","..","..","0.9","..","1.49","3.26","3.99","3","16.57","1.1","16.24","4.46","4.92","1.35","2.03","3.63","0.67","3.66"
"Oceania, regional","","..","..","..","..","..","..","..","..","..","..","..","..","..","..","..","..","..","..","..","..","..","..","..","..","..","..","..","..","..","..","..","0.36","..","..","..","0.05","..","..","..","..","..","4.48","..","..","..","..","..","..","0.09","..","..","..","..","1.19"
"West Indies, regional","","..","..","..","..","..","..","..","..","..","..","..","..","..","..","..","..","..","..","..","..","..","..","..","..","..","..","..","..","..","..","..","..","..","..","..","..","..","..","..","..","..","..","..","..","..","..","..","..","..","..","..","..","0.05",".."
"Developing Countries, Unspecified","","0.07","1.39","1.93","2.92","1.81","1.6","1.42","1.1","1.33","2.48","2.78","4.2","8.03","1.54","3.74","2.3","1.87","1.39","1.31","3.01","18.28","20.96","43.36","74.53","51.75","62.11","103.69","134.77","213.49","248.67","249.62","330.26","277.35","168.31","108.67","113.44","63.84","40.89","50.17","38.09","39.03","125.77","99.94","141.77","150.96","169.55","63.66","119.43","111.1","137.67","104.53","617.45","319.32","515.52"
"MADCT Unallocated","","..","..","..","..","..","..","..","..","..","..","..","..","..","..","..","..","..","..","..","..","..","..","..","..","..","..","..","..","..","..","..","..","..","..","..","..","..","..","..","..","..","..","..","..","..","..","..","..","..","..","..","..","..",".."
"AfDB (African Dev.Bank)","","..","..","..","..","..","..","..","..","..","..","..","..","..","..","..","..","..","..","..","..","..","..","4.11","3.66","3.16","2.91","3.73","..","3.47","3.04","3.17","3.3","3.63","0.14","..","..","..","..","..","0.28","29.84","70.22","1.87","4.49","2.46","2.46","2.48","2.71","..","..","..","12.77","11.96","12.19"
"AfDF (African Dev.Fund)","","..","..","..","..","..","..","..","..","..","..","..","..","..","..","..","9.7","0.53","16.29","9.34","..","22.5","8.48","..","..","74.94","..","77.49","44.56","..","146.65","83.95","..","..","..","..","..","..","..","92.57","32.39","..","..","35.77","..","..","165.12","7.14","4.49","214.09","17.67","4.76","139.78","42.34","138.82"
"African Solidarity Fund","","..","..","..","..","..","..","..","..","..","..","..","..","..","..","..","..","..","..","..","..","..","..","..","..","..","..","..","..","..","..","..","..","..","..","..","..","..","..","..","..","..","..","..","..","..","..","..","..","..","..","..","..","..",".."
"AsDB (Asian Dev.Bank)","","..","..","..","..","..","..","..","..","2","2","2","..","..","2.11","2.41","2.33","32.77","11.92","15.26","..","3.4","..","1.04","1.87","1.96","1.96","1.88","1.86","10.46","2.68","..","..","10.26","..","..","..","284.39","..","..","5.65","20.22","..","..","..","..","..","..","..","..","..","..","23.87","..","12.55"
"AsDB Special Funds","","..","..","..","..","..","..","..","..","..","..","..","..","..","..","..","..","..","..","..","0.06","..","28.63","12.03","10.72","48.61","22.37","28.64","..","97.78","46.38","53.1","..","..","..","..","..","1.92","..","87.5","23.38","..","..","..","..","136.94","..","..","..","123.59","..","..","29.64","44.02","53.11"
"CarDB (Carribean Dev. Bank)","","..","..","..","..","..","..","..","..","..","..","..","..","..","..","..","..","..","..","..","..","..","..","..","..","..","..","..","..","4.77","..","1.32","1.41","2.88","0.47","0.53","0.5","..","..","..","3.08","1.33","..","..","..","..","..","3.29","..","..","5.36","..","..","..","6.14"
"CABEI","","..","..","..","..","..","..","..","..","..","..","..","..","..","..","..","..","..","..","..","..","..","..","..","..","..","..","..","..","..","..","..","..","..","..","..","..","..","..","..","..","..","..","..","..","..","..","0.75","0.68","..","..","..","..","..",".."
"EC","","..","..","..","..","..","..","..","..","..","..","..","..","..","..","51.3","55.63","19.36","23.38","50.77","67.79","83.86","136.77","90.68","101.12","129.75","123.25","147.74","142.31","194.45","236.03","234.98","396.17","331.89","326.88","334.81","350.37","390.18","384.61","366.9","396.21","415.32","521.23","578.1","627.47","818.95","845.81","892.34","993.65","1181.94","1331","1140.81","1202.96","1040.82","1060.01"
"EDF","","..","..","..","..","..","..","..","..","12.33","15.07","24.6","39.8","23.29","23.05","33.55","30.59","64.75","61.02","22.62","91.12","101.89","71.96","78.72","71.63","65.06","56.78","76.98","97.51","134.45","171.34","199.61","236.09","261.14","235.61","278.22","279.64","155.59","229.15","339.91","282.79","222.3","97.55","183.98","314.96","367.06","414.76","423.44","491.82","527.07","530.54","416.39","721.32","474.9","545.3"
"EIB","","..","..","..","..","..","..","..","..","5.79","4.5","..","3.54","3","2.74","4.55","2.03","11.98","5.33","1.76","2.76","1.44","0.84","0.37","0.47","0.31","0.17","0.17","0.23","..","0.11","..","-0.21","..","3.25","..","4.21","5.67","..","..","..","..","..","..","..","..","0.89","..","8.76","3.61","..","..","..","..",".."
"Other EU Institutions","","..","..","..","..","..","..","..","..","..","..","..","..","..","..","..","..","..","..","..","..","..","..","..","..","..","..","..","..","..","..","..","..","..","..","..","..","..","..","..","..","..","..","..","..","..","..","..","..","0.58","..","..","..","..",".."
"IBRD","","..","..","..","..","..","..","..","..","..","..","..","..","..","0.65","22.5","..","..","..","..","..","19.41","..","77.1","..","..","..","..","..","30.81","26.87","48.5","19.29","..","..","3.1","..","18.15","11.45","7.98","4.67","13.77","10.9","3.87","34.22","16.67","9.19","66.97","68.64","89.14","55.87","2.21","3.14","15.41","28.57"
"IDA","","..","..","..","..","..","..","..","..","..","..","48.36","..","..","..","96.72","..","9.29","..","192.28","38.56","312.17","112.06","93.38","83.53","73.04","..","408.34","234.48","..","508.49","291.1","..","595.43","233.37","1.98","10.18","411.92","5.39","490.23","297.06","..","240.22","126.4","1.69","..","679.31","29.53","35.2","552.57","211.32","375.21","162.59","151.12","324.81"
"IDA-MDRI","","..","..","..","..","..","..","..","..","..","..","..","..","..","..","..","..","..","..","..","..","..","..","..","..","..","..","..","..","..","..","..","..","..","..","..","..","..","..","..","..","..","..","..","..","..","..","..","..","3.32","2.73","11.14","16.69","14.78","4.06"
"IDB","","..","..","..","..","..","..","..","..","..","..","..","..","..","..","..","..","..","23.91","23.92","23.92","21.29","25.5","23.93","21.15","12.86","..","7.37","8.19","..","..","4.14","3.49","3.75","3.23","2.92","0.98","20.63","1.35","2.48","69.26","19.86","5.52","1.88","15.93","25.06","..","1.86","1.79","1.37","..","..","..","6.37","6.54"
"IDB Spec. Fund","","..","..","..","..","..","..","..","..","..","..","..","..","..","..","..","..","..","..","..","..","..","10.3","..","..","..","..","..","..","..","..","..","..","..","..","..","..","..","..","..","..","..","..","..","..","..","..","..","..","..","..","..","..","..",".."
"IFAD","","..","..","..","..","..","..","..","..","..","..","..","..","..","..","..","..","..","8.33","8.54","8.63","..","0.35","35.15","..","0.64","8.9","8.69","8.74","28.68","1.28","0.78","28.56","5.62","3.5","3.83","1.23","3.37","3.68","3.56","3.4","19.86","1.39","8.49","8.59","49.03","18.28","25.16","42.27","13.26","31.97","44.63","76.48","32.21","35.7"
"IFC","","..","..","..","..","..","..","..","..","..","..","..","..","..","..","..","..","..","..","..","..","13.79","0.05","3.53","..","..","..","8.56","4.66","4.87","4.78","..","4.16","..","..","15.99","9.15","8.24","0.59","0.58","1.1","0.95","1.39","..","1.69","..","..","..","..","..","..","..","..","..",".."
"IMF","","..","..","..","..","..","..","..","..","..","..","..","..","..","..","..","..","..","..","..","..","..","..","..","..","..","..","..","..","..","..","75.11","60.45","60.87","72.98","2.68","..","0.02","..","..","5.5","28.56","13.88","32.57","0.34","..","7.33","6.48","7.41","11.26","6.19","..","..","..",".."
"IMF Trust Fund","","..","..","..","..","..","..","..","..","..","..","..","..","..","..","..","..","..","..","..","..","..","..","..","..","..","..","..","..","..","..","..","..","..","..","..","..","..","..","..","..","..","..","..","..","..","..","..","..","..","..","..","..","..",".."
"MIGA","","..","..","..","..","..","..","..","..","..","..","..","..","..","..","..","..","..","..","..","..","..","..","..","..","..","..","..","..","6.24","0.07","..","..","..","..","..","..","..","..","..","..","3.97","..","..","..","..","..","..","..","..","..","..","..","..",".."
"UNDP","","..","..","..","..","..","..","..","..","..","..","5.5","..","..","11.38","..","16.4","..","..","5.3","5.42","6.42","25.51","24.4","26.98","26.75","31.36","43.6","55.17","59.16","80.16","78.04","72.55","73.05","25.45","27.9","18.42","50.41","18.59","13.51","12.66","35.75","16.19","17.85","21.98","24.78","24.02","1.44","63.24","8.39","5.64","3.86","2.5","0.17","5.31"
"UNFPA","","..","..","..","..","..","..","..","..","..","..","..","..","..","..","..","..","..","..","..","..","..","1.01","0.15","1.97","1.99","1.83","2.01","2.31","3.07","2.91","..","3.22","3.25","2.16","1.55","1.23","1.62","..","1.44","3.3","2.86","3.05","3.02","2.6","2.86","2.49","1.26","8.59","2.88","0.7","2.65","1.81","0.13","1.33"
"UNHCR","","..","..","..","..","..","..","..","..","..","..","..","..","..","..","0.14","..","0.08","0.04","0.06","0.06","0.06","3.48","2.37","2.34","2.28","2.62","3.35","3.86","6.91","7.29","8.35","8.46","13.39","9.65","9.92","10.44","10.51","7.05","8.01","7.15","7","14.34","11.03","11.3","11.18","11.19","1.19","34.57","9.16","6.98","5.96","1.67","..","3.32"
"UNICEF","","..","..","..","..","..","..","..","..","0.32","0.32","..","0.48","..","0.52","0.46","..","..","0.45","0.47","0.48","..","7.22","8.87","14.03","12.69","15.71","22.14","29.32","33.8","42.27","45.9","46.74","47.08","24.3","33.79","14.43","4.21","18.56","13.25","9.6","13.71","15.96","14.45","12.43","16.34","17.51","3.48","37.51","5.19","10.83","11.45","8.54","1.99","7.88"
"UNRWA","","..","..","..","..","..","..","..","..","0.16","0.16","..","..","..","0.17","0.15","0.15","..","0.23","0.24","..","..","1.73","1.48","1.32","1.42","1.31","3.35","4.63","8.45","9.47","10.85","10.47","14.61","9.54","9.3","7.37","5.19","4.99","4.32","3.3","4.28","6.01","10.27","10.06","8.7","1.24","1.26","20.53","..","6.96","5.96","2.78","..","5.31"
"WFP","","..","..","..","..","..","..","..","..","0.5","..","..","..","..","2.04","0.07","..","0.36","0.34","0.35","..","..","14.82","18.34","16.33","14.12","10.47","13.42","15.43","23.05","21.86","16.69","16.12","16.23","7.57","5.58","2.15","18.82","5.69","7.57","19.51","21.85","9.71","15.93","19.66","19.07","24.31","12.63","1.31","32.49","20.61","13.32","15.65","15.74","19.54"
"Other UN","","..","..","..","..","..","..","..","..","2.52","..","1.13","0.3","4.2","3.82","4.04","6.64","8.91","11.4","11.36","9.34","11.8","34.43","23.52","19.45","27.92","27.13","37.26","46","78.7","77.25","101.15","156.85","155.78","106.18","102.41","93.48","125.34","108.72","123.53","95.7","116.92","116.8","130.89","129.4","169.91","206.3","68.7","272.31","138.69","120.8","82.33","40.47","137.36","138.68"
"Other World Bank (AMCs)","","..","..","..","..","..","..","..","..","..","..","..","..","..","..","..","..","..","..","..","..","..","..","..","..","..","..","..","..","..","..","..","..","..","..","..","..","..","..","..","..","..","..","..","..","..","..","..","..","..","0.19","50.33","53.2","48.84","50.45"
"Other Regional Banks","","..","..","..","..","..","..","..","..","..","..","..","..","..","..","..","..","..","..","..","..","..","..","..","..","..","..","..","..","..","..","..","..","..","..","..","..","31.75","..","..","12.63","4.65","..","6.7","13.05","4.97","..","..","..","12.26","0.87","1.06","..","..",".."
"Other Multilateral","","..","..","..","..","..","..","..","..","..","2.6","2.84","1.53","20.4","27.3","..","..","..","0.57","11.9","2.38","1.59","10.24","2.78","8.36","10.49","9.79","21.97","38.19","55.89","35.23","26.13","35.25","92.6","48.95","35.74","13.18","56.53","12.02","17.54","66.39","16.48","40.23","142.5","141.72","83.42","391.13","90.75","604.83","91.54","56.55","65.18","107.4","74.98","103.05"
