"Sector(s):","Total Bilateral Aid To All Sectors","","Flow(s):","ODA","","Donor(s):","Luxembourg","","Flow Type(s):","Disbursement","","Amount:","Current Prices (USD millions)","",

"","Time Period","1960","1961","1962","1963","1964","1965","1966","1967","1968","1969","1970","1971","1972","1973","1974","1975","1976","1977","1978","1979","1980","1981","1982","1983","1984","1985","1986","1987","1988","1989","1990","1991","1992","1993","1994","1995","1996","1997","1998","1999","2000","2001","2002","2003","2004","2005","2006","2007","2008","2009","2010","2011","2012","2013",
"Recipient(s)",
"All Recipients","","..","..","..","..","..","..","..","..","..","..","..","..","..","..","..","..","..","..","..","..","..","..","..","..","..","..","..","..","..","..","25.4","41.62","36.35","49.62","40.38","68.34","82.3","94.51","111.79","118.66","122.97","138.94","146.76","193.82","235.59","256.41","290.72","375.58","414.94","414.74","402.7","409.2","399.03","429.32"
"All Developing Countries","","..","..","..","..","..","..","..","..","..","..","..","..","..","..","..","..","..","..","..","..","..","..","..","..","..","..","..","..","..","..","14.9","25.7","20.27","31.41","40.38","44.84","56.64","66.2","76.77","88.54","98.55","107.21","115.72","149.63","171.12","187","204.88","253.49","278.51","265.98","262.02","279.68","276.64","298.81"
"All Multilateral Recipients","","..","..","..","..","..","..","..","..","..","..","..","..","..","..","..","..","..","..","..","..","..","..","..","..","..","..","..","..","..","..","10.5","15.92","16.08","18.21","..","23.5","25.66","28.31","35.02","30.12","24.42","31.73","31.04","44.19","64.47","69.41","85.84","122.09","136.43","148.76","140.68","129.52","122.39","130.51"
"Afghanistan","","..","..","..","..","..","..","..","..","..","..","..","..","..","..","..","..","..","..","..","..","..","..","..","..","..","..","..","..","..","..","0.3","0.15","0.34","0.14","0.18","0.52","0.47","0.45","0.52","0.14","0.18","6.08","4.72","1.51","0.96","1.46","2.13","3.2","3.59","3.74","3.19","3.47","3.02","4.13"
"Albania","","..","..","..","..","..","..","..","..","..","..","..","..","..","..","..","..","..","..","..","..","..","..","..","..","..","..","..","..","..","..","..","..","0.16","0.14","0.18","0.07","0.75","0.31","0.31","2.94","1.06","..","0.27","0.68","0.92","1.47","1.99","1.66","0.68","0.3","0.09","0.04","0.16","0.01"
"Algeria","","..","..","..","..","..","..","..","..","..","..","..","..","..","..","..","..","..","..","..","..","..","..","..","..","..","..","..","..","..","..","..","..","..","..","..","..","..","0.05","..","..","..","0.11","..","0.11","..","0.02","0.15","..","0.02","..","..","..","0",".."
"Angola","","..","..","..","..","..","..","..","..","..","..","..","..","..","..","..","..","..","..","..","..","..","..","..","..","..","..","..","..","..","..","0.3","..","0.19","..","..","0.48","..","0.28","..","0.01","0.48","0.44","0.7","0.11","0.23","..","..","..","..","..","..","..","..",".."
"Anguilla","","..","..","..","..","..","..","..","..","..","..","..","..","..","..","..","..","..","..","..","..","..","..","..","..","..","..","..","..","..","..","..","..","..","..","..","..","..","..","..","..","..","..","..","..","..","..","..","..","..","..","..","..","..",".."
"Antigua & Barbuda","","..","..","..","..","..","..","..","..","..","..","..","..","..","..","..","..","..","..","..","..","..","..","..","..","..","..","..","..","..","..","..","..","..","..","..","..","..","..","..","..","..","..","..","..","..","..","..","..","..","..","..","..","..",".."
"Argentina","","..","..","..","..","..","..","..","..","..","..","..","..","..","..","..","..","..","..","..","..","..","..","..","..","..","..","..","..","..","..","0.06","0.03","0.05","0.04","0.05","0.36","0.2","0.12","0.41","0.13","0.23","..","0.18","0.06","0.08","0.1","0.21","0.17","0.23","0.14","0.15","0.17","0.09","0.16"
"Armenia","","..","..","..","..","..","..","..","..","..","..","..","..","..","..","..","..","..","..","..","..","..","..","..","..","..","..","..","..","..","..","..","..","0.16","0.14","0.18","0.19","..","..","..","0.3","0.2","..","..","..","0.25","0.08","..","..","..","..","0.11","0.1","0.12",".."
"Aruba","","..","..","..","..","..","..","..","..","..","..","..","..","..","..","..","..","..","..","..","..","..","..","..","..","..","..","..","..","..","..","..","..","..","..","..","..","..","..","..","..","..","..","..","..","..","..","..","..","..","..","..","..","..",".."
"Azerbaijan","","..","..","..","..","..","..","..","..","..","..","..","..","..","..","..","..","..","..","..","..","..","..","..","..","..","..","..","..","..","..","..","..","..","0.14","0.18","..","0.19","..","..","..","..","..","..","0.14","..","0.02","..","..","..","..","0.08","0.1","0.1","0.01"
"Bahamas","","..","..","..","..","..","..","..","..","..","..","..","..","..","..","..","..","..","..","..","..","..","..","..","..","..","..","..","..","..","..","..","..","..","..","..","..","..","..","..","..","..","..","..","..","..","..","..","..","..","..","..","..","..",".."
"Bahrain","","..","..","..","..","..","..","..","..","..","..","..","..","..","..","..","..","..","..","..","..","..","..","..","..","..","..","..","..","..","..","..","..","..","..","..","..","..","..","..","..","..","..","..","..","..","..","..","..","..","..","..","..","..",".."
"Bangladesh","","..","..","..","..","..","..","..","..","..","..","..","..","..","..","..","..","..","..","..","..","..","..","..","..","..","..","..","..","..","..","0.3","0.46","0.14","0.02","0.03","0.24","0.01","0.12","0.1","0.22","0.11","..","0.32","0.24","0.61","0.3","0.22","0.45","0.57","0.62","0.87","1.67","1.4","2.22"
"Barbados","","..","..","..","..","..","..","..","..","..","..","..","..","..","..","..","..","..","..","..","..","..","..","..","..","..","..","..","..","..","..","..","..","..","..","..","..","..","..","..","..","..","..","..","..","..","..","..","..","..","..","..","..","..",".."
"Belarus","","..","..","..","..","..","..","..","..","..","..","..","..","..","..","..","..","..","..","..","..","..","..","..","..","..","..","..","..","..","..","..","..","..","..","..","..","..","..","..","..","..","..","..","..","..","0.07","0.02","0.03","0.02","..","..","0.01","..",".."
"Belize","","..","..","..","..","..","..","..","..","..","..","..","..","..","..","..","..","..","..","..","..","..","..","..","..","..","..","..","..","..","..","..","..","..","..","..","..","..","..","..","..","..","0.04","..","..","..","..","..","..","..","..","..","..","..",".."
"Benin","","..","..","..","..","..","..","..","..","..","..","..","..","..","..","..","..","..","..","..","..","..","..","..","..","..","..","..","..","..","..","0.07","0.08","0.07","0.03","0.04","0.12","0.03","0.38","0.38","0.31","0.78","..","0.73","1.47","1.42","1.58","5.25","4.28","0.86","1.16","1.96","1.45","1.26","1.32"
"Bermuda","","..","..","..","..","..","..","..","..","..","..","..","..","..","..","..","..","..","..","..","..","..","..","..","..","..","..","..","..","..","..","..","..","..","..","..","..","..","..","..","..","..","..","..","..","..","..","..","..","..","..","..","..","..",".."
"Bhutan","","..","..","..","..","..","..","..","..","..","..","..","..","..","..","..","..","..","..","..","..","..","..","..","..","..","..","..","..","..","..","..","..","..","..","..","..","..","..","..","..","..","..","..","..","..","..","..","..","..","..","..","..","..",".."
"Bolivia","","..","..","..","..","..","..","..","..","..","..","..","..","..","..","..","..","..","..","..","..","..","..","..","..","..","..","..","..","..","..","0.01","0.04","0.34","0.13","0.17","0.14","0.94","0.13","0.41","0.07","0.12","0.12","0.39","1.1","0.59","1.12","0.97","1.08","1.1","0.96","1.19","1.24","1.75","1.27"
"Bosnia-Herzegovina","","..","..","..","..","..","..","..","..","..","..","..","..","..","..","..","..","..","..","..","..","..","..","..","..","..","..","..","..","..","..","..","..","..","..","..","0.37","0.91","1.37","1.44","1.22","0.89","0.58","0.34","0.65","0.35","0.2","0.31","0.08","0.06","0.07","0.04","..","..",".."
"Botswana","","..","..","..","..","..","..","..","..","..","..","..","..","..","..","..","..","..","..","..","..","..","..","..","..","..","..","..","..","..","..","..","..","..","..","..","0.16","0.51","0.05","0.03","..","..","..","..","..","0.02","..","..","..","..","..","..","..","..",".."
"Brazil","","..","..","..","..","..","..","..","..","..","..","..","..","..","..","..","..","..","..","..","..","..","..","..","..","..","..","..","..","..","..","0.27","0.22","0.28","0.57","0.73","0.83","0.49","1.02","0.85","0.64","1.07","1","0.52","1.22","1.14","1.21","1.83","1.54","2.17","1.87","2.09","2.85","2.6","1.43"
"Brunei","","..","..","..","..","..","..","..","..","..","..","..","..","..","..","..","..","..","..","..","..","..","..","..","..","..","..","..","..","..","..","..","..","..","..","..","..","..","..","..","..","..","..","..","..","..","..","..","..","..","..","..","..","..",".."
"Burkina Faso","","..","..","..","..","..","..","..","..","..","..","..","..","..","..","..","..","..","..","..","..","..","..","..","..","..","..","..","..","..","..","0.35","1.04","0.33","0.56","0.72","1.11","0.79","1.86","2.22","3.48","6.23","4.88","5.26","7.65","7.4","11.01","10.5","14.21","13.39","14.78","17.9","16.92","19.06","20.47"
"Burundi","","..","..","..","..","..","..","..","..","..","..","..","..","..","..","..","..","..","..","..","..","..","..","..","..","..","..","..","..","..","..","0.73","1.27","0.51","2.15","2.76","1.04","1.3","..","1.8","1.4","1.86","1.63","0.17","0.24","0.42","0.38","0.54","3.21","0.53","0.64","1.15","1.14","0.76","1.03"
"Cambodia","","..","..","..","..","..","..","..","..","..","..","..","..","..","..","..","..","..","..","..","..","..","..","..","..","..","..","..","..","..","..","0.15","0.09","..","0.11","0.14","0.2","..","0.16","0.35","0.04","0.5","..","0.19","0.14","0.17","0.13","0.2","0.12","0.34","1.11","0.44","0.2","0.33","0.26"
"Cameroon","","..","..","..","..","..","..","..","..","..","..","..","..","..","..","..","..","..","..","..","..","..","..","..","..","..","..","..","..","..","..","0.05","0.04","0.05","0.03","0.04","0.16","0.05","0.27","0.1","0.11","0.23","..","0.3","0.44","0.52","0.46","0.53","0.29","0.52","0.3","0.24","0.45","0.44","0.6"
"Cape Verde","","..","..","..","..","..","..","..","..","..","..","..","..","..","..","..","..","..","..","..","..","..","..","..","..","..","..","..","..","..","..","0.47","1.99","1.82","2.54","3.26","4.57","6","7.13","7.8","7.58","8.3","5.38","7.65","9.64","13.2","16.55","13.82","15.87","19.44","14.24","16.87","15.21","18.15","18.98"
"Cayman Islands","","..","..","..","..","..","..","..","..","..","..","..","..","..","..","..","..","..","..","..","..","..","..","..","..","..","..","..","..","..","..","..","..","..","..","..","..","..","..","..","..","..","..","..","..","..","..","..","..","..","..","..","..","..",".."
"Central African Rep.","","..","..","..","..","..","..","..","..","..","..","..","..","..","..","..","..","..","..","..","..","..","..","..","..","..","..","..","..","..","..","..","0.01","..","..","..","..","0.01","..","..","..","..","..","..","..","..","..","0.31","0.68","0.36","0.35","0.41","0.5","0.27","1.7"
"Chad","","..","..","..","..","..","..","..","..","..","..","..","..","..","..","..","..","..","..","..","..","..","..","..","..","..","..","..","..","..","..","..","..","..","..","..","0.18","0.54","0.19","0.3","0.4","0.23","0.37","0.28","0.33","0.43","1.01","2.04","2.43","1.83","0.98","1.59","0.07","..","0.69"
"Chile","","..","..","..","..","..","..","..","..","..","..","..","..","..","..","..","..","..","..","..","..","..","..","..","..","..","..","..","..","..","..","0.74","0.85","1.09","0.62","0.8","1.3","1.58","2.23","2.65","2.13","1.3","0.74","1.73","0.66","0.98","0.48","0.38","0.27","0.27","0.13","0.52","0.68","0.28","0.35"
"China","","..","..","..","..","..","..","..","..","..","..","..","..","..","..","..","..","..","..","..","..","..","..","..","..","..","..","..","..","..","..","..","..","0.01","0.35","0.45","0.09","1.19","0.23","1.34","0.34","0.28","1.51","0.54","0.45","0.98","0.88","0.86","1.06","1.84","0.62","0.9","0.23","0.97","0.67"
"Chinese Taipei","","..","..","..","..","..","..","..","..","..","..","..","..","..","..","..","..","..","..","..","..","..","..","..","..","..","..","..","..","..","..","..","..","..","..","..","..","..","..","..","..","..","..","..","..","..","..","..","..","..","..","..","..","..",".."
"Colombia","","..","..","..","..","..","..","..","..","..","..","..","..","..","..","..","..","..","..","..","..","..","..","..","..","..","..","..","..","..","..","0.43","0.61","0.51","0.78","1","0.78","0.45","0.5","0.72","0.18","0.46","..","0.26","0.51","0.53","0.89","1.43","2","2.28","2.32","1.83","2.25","2","1.88"
"Comoros","","..","..","..","..","..","..","..","..","..","..","..","..","..","..","..","..","..","..","..","..","..","..","..","..","..","..","..","..","..","..","..","..","..","0.17","0.22","0.19","..","..","..","..","..","..","..","..","..","..","..","..","..","..","..","0.11","0.14","0.26"
"Democratic Republic of the Congo","","..","..","..","..","..","..","..","..","..","..","..","..","..","..","..","..","..","..","..","..","..","..","..","..","..","..","..","..","..","..","0.32","0.63","0.18","0.19","0.24","0.55","1.7","1.28","0.5","0.16","0.2","0.18","1.52","0.96","1.22","1.72","2.12","3.56","3.45","3.46","3.27","2.29","3.47","2.94"
"Congo","","..","..","..","..","..","..","..","..","..","..","..","..","..","..","..","..","..","..","..","..","..","..","..","..","..","..","..","..","..","..","..","..","..","..","..","..","0.28","..","..","0.02","0.77","0.18","0.42","0.12","0.16","0.19","0.24","0.31","0.13","..","0.07","0.28","0.04",".."
"Cook Islands","","..","..","..","..","..","..","..","..","..","..","..","..","..","..","..","..","..","..","..","..","..","..","..","..","..","..","..","..","..","..","..","..","..","..","..","..","..","..","..","..","..","..","..","..","..","..","..","..","..","..","..","..","..",".."
"Costa Rica","","..","..","..","..","..","..","..","..","..","..","..","..","..","..","..","..","..","..","..","..","..","..","..","..","..","..","..","..","..","..","..","0.09","..","..","..","..","..","..","..","0.07","..","..","..","..","0.01","..","..","0.06","..","0.12","0.11","0.12","0.06","0.08"
"Cote d'Ivoire","","..","..","..","..","..","..","..","..","..","..","..","..","..","..","..","..","..","..","..","..","..","..","..","..","..","..","..","..","..","..","0.27","0.08","0.13","0.13","0.17","0.14","0.13","0.07","0.11","0.02","..","..","0.49","0.02","1.25","0.58","0.02","0.55","0.02","0.42","0.51","0.32","0.07","0.08"
"Croatia","","..","..","..","..","..","..","..","..","..","..","..","..","..","..","..","..","..","..","..","..","..","..","..","..","..","..","..","..","..","..","..","..","..","..","..","0.05","..","0.07","0.1","0.03","..","..","0.47","0.31","0.12","0.49","..","0.04","0.11","..","..","..","..",".."
"Cuba","","..","..","..","..","..","..","..","..","..","..","..","..","..","..","..","..","..","..","..","..","..","..","..","..","..","..","..","..","..","..","..","..","..","0.06","0.08","0.1","0.12","..","0.21","0.1","..","..","0.05","0.02","..","0.07","0.17","0.22","0.23","0.23","0.32","0.21","0.55","0.24"
"Cyprus","","..","..","..","..","..","..","..","..","..","..","..","..","..","..","..","..","..","..","..","..","..","..","..","..","..","..","..","..","..","..","..","..","..","..","..","..","..","..","..","..","..","..","..","..","..","..","..","..","..","..","..","..","..",".."
"Djibouti","","..","..","..","..","..","..","..","..","..","..","..","..","..","..","..","..","..","..","..","..","..","..","..","..","..","..","..","..","..","..","..","0.79","0.1","1.4","1.8","0.01","..","..","..","..","..","..","..","..","..","0.31","..","..","..","..","..","..","..",".."
"Dominica","","..","..","..","..","..","..","..","..","..","..","..","..","..","..","..","..","..","..","..","..","..","..","..","..","..","..","..","..","..","..","..","..","..","..","..","..","..","..","..","..","..","..","..","..","..","..","..","..","..","..","..","0.01","..",".."
"Dominican Republic","","..","..","..","..","..","..","..","..","..","..","..","..","..","..","..","..","..","..","..","..","..","..","..","..","..","..","..","..","..","..","..","..","..","..","..","..","..","..","..","..","..","..","..","..","..","..","..","0.13","..","..","..","..","..",".."
"East African Community","","..","..","..","..","..","..","..","..","..","..","..","..","..","..","..","..","..","..","..","..","..","..","..","..","..","..","..","..","..","..","..","..","..","..","..","..","..","..","..","..","..","..","..","..","..","..","..","..","..","..","..","..","..",".."
"Ecuador","","..","..","..","..","..","..","..","..","..","..","..","..","..","..","..","..","..","..","..","..","..","..","..","..","..","..","..","..","..","..","0.14","0.02","0.14","0.13","0.17","0.94","0.17","0.11","0.21","..","0.15","1.47","2.18","3.37","0.48","0.6","0.88","1.09","2.21","3.73","0.31","0.23","0.17","0.17"
"Egypt","","..","..","..","..","..","..","..","..","..","..","..","..","..","..","..","..","..","..","..","..","..","..","..","..","..","..","..","..","..","..","0.47","..","0.09","0.1","0.13","0.08","..","..","..","..","..","..","..","..","0.13","0.13","0.12","0.07","0.12","0.16","0.09","0.17","0.13","0.13"
"El Salvador","","..","..","..","..","..","..","..","..","..","..","..","..","..","..","..","..","..","..","..","..","..","..","..","..","..","..","..","..","..","..","0.03","0.02","0.04","1.4","1.8","0.03","1.14","1.45","2.25","6.01","4.9","5.4","5.6","5.12","6.94","6.86","10.34","9.1","11.41","13.48","7.07","7.76","9.8","9.8"
"Equatorial Guinea","","..","..","..","..","..","..","..","..","..","..","..","..","..","..","..","..","..","..","..","..","..","..","..","..","..","..","..","..","..","..","..","0.13","0.1","0.02","0.03","0.03","0.95","..","..","..","..","..","..","..","..","..","..","..","..","..","..","..","..",".."
"Eritrea","","..","..","..","..","..","..","..","..","..","..","..","..","..","..","..","..","..","..","..","..","..","..","..","..","..","..","..","..","..","..","..","..","..","..","..","0.13","..","..","..","..","0.11","0.4","0.28","..","..","..","..","..","..","..","..","..","..",".."
"Ethiopia","","..","..","..","..","..","..","..","..","..","..","..","..","..","..","..","..","..","..","..","..","..","..","..","..","..","..","..","..","..","..","0.13","0.53","0.1","0.18","0.23","0.29","0.32","0.56","0.25","0.46","0.2","0.53","0.67","0.48","0.44","0.15","1.73","0.98","1.43","1.63","0.74","1.4","0.77","0.78"
"Falkland Islands","","..","..","..","..","..","..","..","..","..","..","..","..","..","..","..","..","..","..","..","..","..","..","..","..","..","..","..","..","..","..","..","..","..","..","..","..","..","..","..","..","..","..","..","..","..","..","..","..","..","..","..","..","..",".."
"Fiji","","..","..","..","..","..","..","..","..","..","..","..","..","..","..","..","..","..","..","..","..","..","..","..","..","..","..","..","..","..","..","..","..","..","..","..","0.15","..","..","..","..","..","..","..","..","..","..","..","..","..","..","..","..","0.03",".."
"Former Yugoslav Republic of Macedonia (FYROM)","","..","..","..","..","..","..","..","..","..","..","..","..","..","..","..","..","..","..","..","..","..","..","..","..","..","..","..","..","..","..","..","..","..","..","..","..","..","..","..","0.15","..","0.22","0.19","0.47","..","0.25","0.07","0.34","0.1","..","..","..","..",".."
"French Polynesia","","..","..","..","..","..","..","..","..","..","..","..","..","..","..","..","..","..","..","..","..","..","..","..","..","..","..","..","..","..","..","..","..","..","..","..","..","..","..","..","..","..","..","..","..","..","..","..","..","..","..","..","..","..",".."
"Gabon","","..","..","..","..","..","..","..","..","..","..","..","..","..","..","..","..","..","..","..","..","..","..","..","..","..","..","..","..","..","..","..","..","..","..","..","..","..","..","..","..","..","..","..","..","..","..","..","..","..","..","..","0.08","..",".."
"Gambia","","..","..","..","..","..","..","..","..","..","..","..","..","..","..","..","..","..","..","..","..","..","..","..","..","..","..","..","..","..","..","0.83","0.64","0.73","1.01","1.3","..","..","..","..","..","..","..","..","..","..","..","..","..","..","..","0.12","0.16","0.16","0.26"
"Georgia","","..","..","..","..","..","..","..","..","..","..","..","..","..","..","..","..","..","..","..","..","..","..","..","..","..","..","..","..","..","..","..","..","..","0.14","0.18","0.16","..","0.07","..","..","..","..","..","0.12","0.07","0.06","..","..","0.18","0.12","0.02","..","0.03","0.01"
"Ghana","","..","..","..","..","..","..","..","..","..","..","..","..","..","..","..","..","..","..","..","..","..","..","..","..","..","..","..","..","..","..","..","..","..","..","..","..","0.28","..","..","0.42","..","..","0.21","0.05","0.05","0.05","0.05","0.06","0.06","0.19","0.22","0.17","0.16","0.16"
"Gibraltar","","..","..","..","..","..","..","..","..","..","..","..","..","..","..","..","..","..","..","..","..","..","..","..","..","..","..","..","..","..","..","..","..","..","..","..","..","..","..","..","..","..","..","..","..","..","..","..","..","..","..","..","..","..",".."
"Grenada","","..","..","..","..","..","..","..","..","..","..","..","..","..","..","..","..","..","..","..","..","..","..","..","..","..","..","..","..","..","..","..","..","..","..","..","..","..","..","..","..","..","..","..","..","..","..","..","0.07","..","..","..","..","..",".."
"Guatemala","","..","..","..","..","..","..","..","..","..","..","..","..","..","..","..","..","..","..","..","..","..","..","..","..","..","..","..","..","..","..","0.01","..","0.01","..","..","0.03","0.01","0.42","0.42","0.41","..","..","0.09","0.09","0.12","0.3","0.17","0.19","0.2","0.49","0.5","0.58","0.41","0.4"
"Guinea","","..","..","..","..","..","..","..","..","..","..","..","..","..","..","..","..","..","..","..","..","..","..","..","..","..","..","..","..","..","..","0.08","0.37","0.34","0.01","0.01","0.6","..","0.76","0.69","0.36","0.35","0.57","0.87","0.12","0.63","0.36","0.6","0.21","0.74","0.24","0.35","0.6","0.4","0.81"
"Guinea-Bissau","","..","..","..","..","..","..","..","..","..","..","..","..","..","..","..","..","..","..","..","..","..","..","..","..","..","..","..","..","..","..","0.03","0.03","..","0.04","0.05","0.03","0.04","..","..","..","..","..","..","0.05","0.04","0.05","0.05","0.05","0.2","0.15","0.05","0.42","0.02","0.02"
"Guyana","","..","..","..","..","..","..","..","..","..","..","..","..","..","..","..","..","..","..","..","..","..","..","..","..","..","..","..","..","..","..","..","..","..","..","..","..","..","..","..","0.08","..","..","0.02","..","0.02","0.03","..","0.05","0.04","..","0.03","..","..",".."
"Haiti","","..","..","..","..","..","..","..","..","..","..","..","..","..","..","..","..","..","..","..","..","..","..","..","..","..","..","..","..","..","..","0.06","0.02","0.16","0.27","0.35","0.4","0.44","0.48","0.3","0.61","0.35","0.19","0.3","0.22","1.02","0.48","0.39","0.44","1.11","1.04","3.82","2.35","1.88","1.71"
"Honduras","","..","..","..","..","..","..","..","..","..","..","..","..","..","..","..","..","..","..","..","..","..","..","..","..","..","..","..","..","..","..","..","..","..","..","..","..","..","..","..","0.37","..","..","..","0.01","0.09","0.05","0.09","0.14","0.22","0.07","0.1","0.18","0.17","0.14"
"Hong Kong, China","","..","..","..","..","..","..","..","..","..","..","..","..","..","..","..","..","..","..","..","..","..","..","..","..","..","..","..","..","..","..","..","..","..","..","..","..","..","..","..","..","..","..","..","..","..","..","..","..","..","..","..","..","..",".."
"India","","..","..","..","..","..","..","..","..","..","..","..","..","..","..","..","..","..","..","..","..","..","..","..","..","..","..","..","..","..","..","0.33","0.64","0.45","1.04","1.33","1.77","0.94","3.28","2.84","3.56","2.5","2.91","1.95","2.58","2.19","2.33","2.05","2.96","3.34","3.13","3.7","3.09","2.35","3.02"
"Indonesia","","..","..","..","..","..","..","..","..","..","..","..","..","..","..","..","..","..","..","..","..","..","..","..","..","..","..","..","..","..","..","..","0.02","0.02","0.02","0.03","0.02","..","..","0.25","0.24","..","..","0.08","0.19","0.03","0.05","1.19","0.52","0.31","0.5","0.49","0.6","0.21","0"
"Iran","","..","..","..","..","..","..","..","..","..","..","..","..","..","..","..","..","..","..","..","..","..","..","..","..","..","..","..","..","..","..","0.3","..","..","0.07","0.09","..","..","0.28","..","..","..","..","..","0.53","0.82","..","..","..","..","..","..","..","..",".."
"Iraq","","..","..","..","..","..","..","..","..","..","..","..","..","..","..","..","..","..","..","..","..","..","..","..","..","..","..","..","..","..","..","..","..","0.31","..","..","0.16","0.16","0.14","0.2","0.14","0.34","0.13","0.3","4.18","0.99","1.24","0.13","0.89","0.27","0.21","0.36","0.46","0.37","0.27"
"Israel","","..","..","..","..","..","..","..","..","..","..","..","..","..","..","..","..","..","..","..","..","..","..","..","..","..","..","..","..","..","..","..","0.44","..","..","..","..","..","..","..","..","..","..","..","..","..","..","..","..","..","..","..","..","..",".."
"Jamaica","","..","..","..","..","..","..","..","..","..","..","..","..","..","..","..","..","..","..","..","..","..","..","..","..","..","..","..","..","..","..","..","..","..","..","..","..","..","..","..","0.06","..","..","..","..","0.01","..","..","..","..","..","..","..","..",".."
"Jordan","","..","..","..","..","..","..","..","..","..","..","..","..","..","..","..","..","..","..","..","..","..","..","..","..","..","..","..","..","..","..","0.37","0.44","..","..","..","..","..","..","..","..","..","..","..","..","..","..","..","..","..","..","..","..","0.09","0.02"
"Kazakstan","","..","..","..","..","..","..","..","..","..","..","..","..","..","..","..","..","..","..","..","..","..","..","..","..","..","..","..","..","..","..","..","..","..","0.24","0.31","0.26","0.22","0.2","..","0.08","0.03","0.03","..","0.6","..","0.05","..","0.15","..","0.02","0.06","0.05","..",".."
"Kenya","","..","..","..","..","..","..","..","..","..","..","..","..","..","..","..","..","..","..","..","..","..","..","..","..","..","..","..","..","..","..","..","..","0.08","0.02","0.03","0.05","0.03","0.2","..","..","..","..","0.08","0.12","0.18","0.44","0.91","0.27","0.66","1.77","0.22","0.54","0.28","0.66"
"Kiribati","","..","..","..","..","..","..","..","..","..","..","..","..","..","..","..","..","..","..","..","..","..","..","..","..","..","..","..","..","..","..","..","..","..","..","..","..","..","..","..","..","..","..","..","..","..","..","..","..","..","..","..","..","..",".."
"Korea","","..","..","..","..","..","..","..","..","..","..","..","..","..","..","..","..","..","..","..","..","..","..","..","..","..","..","..","..","..","..","0.03","0.02","0.03","..","..","..","..","0.11","0.09","..","..","..","..","..","..","..","..","..","..","..","..","..","..",".."
"Korea, Dem. Rep.","","..","..","..","..","..","..","..","..","..","..","..","..","..","..","..","..","..","..","..","..","..","..","..","..","..","..","..","..","..","..","..","..","..","..","..","..","..","..","..","..","..","..","0.63","0.59","3.31","0.66","0.63","0.34","0.29","0.35","..","0.7","0.37","0.52"
"Kosovo","","..","..","..","..","..","..","..","..","..","..","..","..","..","..","..","..","..","..","..","..","..","..","..","..","..","..","..","..","..","..","..","..","..","..","..","..","..","..","..","..","..","..","..","..","..","..","..","..","..","7.97","9.16","6.89","14.54","9.03"
"Kuwait","","..","..","..","..","..","..","..","..","..","..","..","..","..","..","..","..","..","..","..","..","..","..","..","..","..","..","..","..","..","..","..","..","..","..","..","..","..","..","..","..","..","..","..","..","..","..","..","..","..","..","..","..","..",".."
"Kyrgyz Republic","","..","..","..","..","..","..","..","..","..","..","..","..","..","..","..","..","..","..","..","..","..","..","..","..","..","..","..","..","..","..","..","..","0.08","0.03","0.04","..","..","..","..","..","..","..","..","..","..","..","..","..","..","..","0.13","0.02","0",".."
"Laos","","..","..","..","..","..","..","..","..","..","..","..","..","..","..","..","..","..","..","..","..","..","..","..","..","..","..","..","..","..","..","..","..","..","..","..","0.02","..","0.58","1.25","2.03","3.53","4.85","4.74","7.75","7.42","8.56","6.8","11.34","14.21","7.91","12.35","16.53","16.69","17.76"
"Lebanon","","..","..","..","..","..","..","..","..","..","..","..","..","..","..","..","..","..","..","..","..","..","..","..","..","..","..","..","..","..","..","0.02","0.02","0.11","0.12","0.15","0.04","0.15","0.49","..","0.32","0.21","0.31","0.34","0.58","0.63","0.1","1.43","0.36","0.49","0.32","0.18","1.1","0.33","1.05"
"Lesotho","","..","..","..","..","..","..","..","..","..","..","..","..","..","..","..","..","..","..","..","..","..","..","..","..","..","..","..","..","..","..","..","..","..","..","..","..","..","..","..","..","..","..","..","..","..","..","..","..","..","0.31","..","0.28","0.26",".."
"Liberia","","..","..","..","..","..","..","..","..","..","..","..","..","..","..","..","..","..","..","..","..","..","..","..","..","..","..","..","..","..","..","..","..","..","..","..","..","..","..","..","..","..","..","0.28","0.45","0.65","..","0.11","..","0.08","0.08","0.41","0.3","0.46","0.25"
"Libya","","..","..","..","..","..","..","..","..","..","..","..","..","..","..","..","..","..","..","..","..","..","..","..","..","..","..","..","..","..","..","..","..","..","..","..","..","..","..","..","..","..","..","..","..","..","..","..","..","..","..","..","..","0.14",".."
"Macao","","..","..","..","..","..","..","..","..","..","..","..","..","..","..","..","..","..","..","..","..","..","..","..","..","..","..","..","..","..","..","..","..","..","..","..","..","..","..","..","..","..","..","..","..","..","..","..","..","..","..","..","..","..",".."
"Madagascar","","..","..","..","..","..","..","..","..","..","..","..","..","..","..","..","..","..","..","..","..","..","..","..","..","..","..","..","..","..","..","..","..","0.03","..","..","0.03","0.03","0.29","0.2","0.04","0.21","..","0.08","0.16","0.15","0.1","0.1","0.34","0.64","0.65","0.28","0.62","0.39","0.41"
"Malawi","","..","..","..","..","..","..","..","..","..","..","..","..","..","..","..","..","..","..","..","..","..","..","..","..","..","..","..","..","..","..","0.18","0.15","0.41","0.08","0.1","0.4","..","0.62","0.2","0.46","1.23","0.16","1.29","1.43","1.24","1.04","0.53","0.1","0.52","0.09","0.31","0.11","0.4","0.8"
"Malaysia","","..","..","..","..","..","..","..","..","..","..","..","..","..","..","..","..","..","..","..","..","..","..","..","..","..","..","..","..","..","..","..","..","..","..","..","0.1","..","..","..","..","..","..","..","..","..","..","..","..","..","..","..","..","..",".."
"Maldives","","..","..","..","..","..","..","..","..","..","..","..","..","..","..","..","..","..","..","..","..","..","..","..","..","..","..","..","..","..","..","..","..","..","..","..","..","..","..","..","..","..","..","..","..","..","..","..","..","..","0.03","0.07","..","..",".."
"Mali","","..","..","..","..","..","..","..","..","..","..","..","..","..","..","..","..","..","..","..","..","..","..","..","..","..","..","..","..","..","..","0.28","0.26","0.36","0.23","0.3","0.67","1","1.15","1.46","2.14","3.6","5.18","5.39","6.4","7.61","11.19","9.45","16.86","20.21","22.75","14.24","24.65","20.29","22.74"
"Malta","","..","..","..","..","..","..","..","..","..","..","..","..","..","..","..","..","..","..","..","..","..","..","..","..","..","..","..","..","..","..","..","..","..","..","..","..","..","..","..","..","..","..","..","..","..","..","..","..","..","..","..","..","..",".."
"Marshall Islands","","..","..","..","..","..","..","..","..","..","..","..","..","..","..","..","..","..","..","..","..","..","..","..","..","..","..","..","..","..","..","..","..","..","..","..","..","..","..","..","..","..","..","..","..","..","..","..","..","..","..","..","..","..",".."
"Mauritania","","..","..","..","..","..","..","..","..","..","..","..","..","..","..","..","..","..","..","..","..","..","..","..","..","..","..","..","..","..","..","..","..","0.01","..","..","0.03","0.08","..","..","..","..","..","..","..","0.1","..","..","..","..","..","..","..","0.06",".."
"Mauritius","","..","..","..","..","..","..","..","..","..","..","..","..","..","..","..","..","..","..","..","..","..","..","..","..","..","..","..","..","..","..","0.16","0.16","0.07","0.54","0.69","1.38","2.4","1.34","1.87","0.85","1.15","0.96","..","0.57","0.86","0.72","0.21","0.02","..","0.15","0.37","0.12","0.13","0.07"
"Mayotte","","..","..","..","..","..","..","..","..","..","..","..","..","..","..","..","..","..","..","..","..","..","..","..","..","..","..","..","..","..","..","..","..","..","..","..","..","..","..","..","..","..","..","..","..","..","..","..","..","..","..","..","..","..",".."
"Mekong Delta Project","","..","..","..","..","..","..","..","..","..","..","..","..","..","..","..","..","..","..","..","..","..","..","..","..","..","..","..","..","..","..","..","..","..","..","..","..","..","..","..","..","..","..","..","..","..","..","..","..","..","..","..","..","..",".."
"Mexico","","..","..","..","..","..","..","..","..","..","..","..","..","..","..","..","..","..","..","..","..","..","..","..","..","..","..","..","..","..","..","0.03","0.02","0.06","0.07","0.09","0.07","0.09","0.05","0.03","..","0.09","..","0.09","0.37","0.03","..","..","0.07","..","..","..","..","..",".."
"Micronesia","","..","..","..","..","..","..","..","..","..","..","..","..","..","..","..","..","..","..","..","..","..","..","..","..","..","..","..","..","..","..","..","..","..","..","..","..","..","..","..","..","..","..","..","..","..","..","..","..","..","..","..","..","..","0.3"
"Moldova","","..","..","..","..","..","..","..","..","..","..","..","..","..","..","..","..","..","..","..","..","..","..","..","..","..","..","..","..","..","..","..","..","..","..","..","..","..","..","..","0.2","..","0.01","0.35","0.29","0.39","0.07","0.2","0.2","0.24","0.31","0.28","0.27","0.27","0.09"
"Mongolia","","..","..","..","..","..","..","..","..","..","..","..","..","..","..","..","..","..","..","..","..","..","..","..","..","..","..","..","..","..","..","..","..","..","..","..","..","0.28","..","..","..","0.09","0.23","0.91","0.62","0.31","0.3","0.54","1.58","2.75","1.45","2.05","2.85","2.96","3.29"
"Montenegro","","..","..","..","..","..","..","..","..","..","..","..","..","..","..","..","..","..","..","..","..","..","..","..","..","..","..","..","..","..","..","..","..","..","..","..","..","..","..","..","..","..","..","..","..","..","..","2.43","3.45","4.89","4.52","6.79","2.83","5.44","2.78"
"Montserrat","","..","..","..","..","..","..","..","..","..","..","..","..","..","..","..","..","..","..","..","..","..","..","..","..","..","..","..","..","..","..","..","..","..","..","..","..","..","..","..","..","..","..","..","..","..","..","..","..","..","..","..","..","..",".."
"Morocco","","..","..","..","..","..","..","..","..","..","..","..","..","..","..","..","..","..","..","..","..","..","..","..","..","..","..","..","..","..","..","0.03","..","..","..","..","0.02","0.02","0.61","0.81","1.06","1.95","2.77","1.66","2.03","1.89","1.76","1.35","0.97","1.34","1.39","..","..","..",".."
"Mozambique","","..","..","..","..","..","..","..","..","..","..","..","..","..","..","..","..","..","..","..","..","..","..","..","..","..","..","..","..","..","..","..","0.03","0.22","0.17","0.22","0.12","..","0.15","0.3","0.19","1.45","0.29","0.41","0.73","0.35","1.35","1.52","0.73","0.19","0.11","0.11","0.11","0.1",".."
"Myanmar (Burma)","","..","..","..","..","..","..","..","..","..","..","..","..","..","..","..","..","..","..","..","..","..","..","..","..","..","..","..","..","..","..","0.02","0.02","0.01","..","..","0.02","..","0.02","..","..","..","..","..","0.28","0.31","0.31","0.31","0.46","0.84","0.24","0.23","0.19","0.01","0.3"
"Namibia","","..","..","..","..","..","..","..","..","..","..","..","..","..","..","..","..","..","..","..","..","..","..","..","..","..","..","..","..","..","..","..","0.05","1.21","0.2","0.26","3.52","2.3","4.54","5.65","3.96","4.2","3.77","4.35","5.92","7.21","5.11","7.48","7.86","5.87","9.99","12.46","6.97","..","0.2"
"Nauru","","..","..","..","..","..","..","..","..","..","..","..","..","..","..","..","..","..","..","..","..","..","..","..","..","..","..","..","..","..","..","..","..","..","..","..","..","..","..","..","..","..","..","..","..","..","..","..","..","..","..","..","..","..",".."
"Nepal","","..","..","..","..","..","..","..","..","..","..","..","..","..","..","..","..","..","..","..","..","..","..","..","..","..","..","..","..","..","..","0.11","0.12","0.08","0.15","0.19","0.26","0.41","1.03","0.3","0.73","0.3","0.01","0.12","0.62","1.16","0.69","0.85","2.06","1.96","1.35","0.78","1.02","1.92","2.12"
"Netherlands Antilles","","..","..","..","..","..","..","..","..","..","..","..","..","..","..","..","..","..","..","..","..","..","..","..","..","..","..","..","..","..","..","..","..","..","..","..","..","..","..","..","..","..","..","..","..","..","..","..","..","..","..","..","..","..",".."
"New Caledonia","","..","..","..","..","..","..","..","..","..","..","..","..","..","..","..","..","..","..","..","..","..","..","..","..","..","..","..","..","..","..","..","..","..","..","..","..","..","..","..","..","..","..","..","..","..","..","..","..","..","..","..","..","..",".."
"Nicaragua","","..","..","..","..","..","..","..","..","..","..","..","..","..","..","..","..","..","..","..","..","..","..","..","..","..","..","..","..","..","..","..","0.35","0.15","1.45","1.86","1.49","3.15","2.15","4.77","9.34","7.9","5.12","3.21","7.13","6.91","9.09","9.37","13.89","16.39","11.85","9.45","12.15","9.6","15.39"
"Niger","","..","..","..","..","..","..","..","..","..","..","..","..","..","..","..","..","..","..","..","..","..","..","..","..","..","..","..","..","..","..","0.3","0.87","0.18","1.42","1.82","4.23","1.48","3.7","2.6","2.43","3.1","3.67","4.12","4.4","7.41","7.94","10.25","10.53","12.15","9.33","8.8","6.87","8.26","15.5"
"Nigeria","","..","..","..","..","..","..","..","..","..","..","..","..","..","..","..","..","..","..","..","..","..","..","..","..","..","..","..","..","..","..","0.07","0.09","0.15","0.09","0.12","0.26","0.05","0.12","0.1","..","..","..","0.03","..","0.02","..","0.02","..","..","0.18","..","..","..","0.33"
"Niue","","..","..","..","..","..","..","..","..","..","..","..","..","..","..","..","..","..","..","..","..","..","..","..","..","..","..","..","..","..","..","..","..","..","..","..","..","..","..","..","..","..","..","..","..","..","..","..","..","..","..","..","..","..",".."
"Northern Marianas","","..","..","..","..","..","..","..","..","..","..","..","..","..","..","..","..","..","..","..","..","..","..","..","..","..","..","..","..","..","..","..","..","..","..","..","..","..","..","..","..","..","..","..","..","..","..","..","..","..","..","..","..","..",".."
"Oman","","..","..","..","..","..","..","..","..","..","..","..","..","..","..","..","..","..","..","..","..","..","..","..","..","..","..","..","..","..","..","..","..","..","..","..","..","..","..","..","..","..","..","..","..","..","..","..","..","..","..","..","..","..",".."
"Pakistan","","..","..","..","..","..","..","..","..","..","..","..","..","..","..","..","..","..","..","..","..","..","..","..","..","..","..","..","..","..","..","..","..","..","..","..","..","..","..","..","..","..","0.22","..","..","..","4.35","1.13","0.43","0.61","1.51","3.74","1.89","0.23",".."
"Palau","","..","..","..","..","..","..","..","..","..","..","..","..","..","..","..","..","..","..","..","..","..","..","..","..","..","..","..","..","..","..","..","..","..","..","..","..","..","..","..","..","..","..","..","..","..","..","..","..","..","..","..","..","..","0.04"
"Panama","","..","..","..","..","..","..","..","..","..","..","..","..","..","..","..","..","..","..","..","..","..","..","..","..","..","..","..","..","..","..","..","..","..","..","..","0.04","..","..","..","..","..","..","..","..","..","..","..","..","..","..","..","..","0","0.02"
"Papua New Guinea","","..","..","..","..","..","..","..","..","..","..","..","..","..","..","..","..","..","..","..","..","..","..","..","..","..","..","..","..","..","..","..","..","..","..","..","..","..","..","..","..","..","..","..","..","..","..","..","..","..","..","..","..","..",".."
"Paraguay","","..","..","..","..","..","..","..","..","..","..","..","..","..","..","..","..","..","..","..","..","..","..","..","..","..","..","..","..","..","..","0.08","0.02","0.01","0.16","0.21","..","0.05","..","..","..","..","..","0.05","..","0.06","0.06","0.07","0.07","0.15","0.14","0.12","0.14","0.16","0.11"
"Peru","","..","..","..","..","..","..","..","..","..","..","..","..","..","..","..","..","..","..","..","..","..","..","..","..","..","..","..","..","..","..","0.29","0.7","0.65","0.69","0.89","0.73","0.42","1.48","1.2","0.7","0.47","0.34","1.24","2.48","0.95","1.57","1.18","4.1","2.1","1.69","1.49","1.16","1.08","1.37"
"Philippines","","..","..","..","..","..","..","..","..","..","..","..","..","..","..","..","..","..","..","..","..","..","..","..","..","..","..","..","..","..","..","0.21","0.35","0.3","0.46","0.59","0.6","0.55","0.59","1.25","0.47","..","..","0.03","0.01","0.12","0.06","0.19","0.13","0.28","1.1","0.27","1.35","1.1","2.37"
"Qatar","","..","..","..","..","..","..","..","..","..","..","..","..","..","..","..","..","..","..","..","..","..","..","..","..","..","..","..","..","..","..","..","..","..","..","..","..","..","..","..","..","..","..","..","..","..","..","..","..","..","..","..","..","..",".."
"Rwanda","","..","..","..","..","..","..","..","..","..","..","..","..","..","..","..","..","..","..","..","..","..","..","..","..","..","..","..","..","..","..","0.83","1.29","0.59","1.27","1.63","1.15","1.83","2.06","3.05","1.8","2.26","1.79","3.99","3.87","3.6","1.38","2.81","5.52","7.9","5.41","5.21","5.52","3.64","2.26"
"Samoa","","..","..","..","..","..","..","..","..","..","..","..","..","..","..","..","..","..","..","..","..","..","..","..","..","..","..","..","..","..","..","..","..","..","..","..","..","..","..","..","..","..","..","..","..","..","..","..","..","..","0.07","..","..","..",".."
"Sao Tome & Principe","","..","..","..","..","..","..","..","..","..","..","..","..","..","..","..","..","..","..","..","..","..","..","..","..","..","..","..","..","..","..","..","..","..","..","..","0.03","..","..","..","..","..","0.11","..","0.1","0.14","0.04","0.1","0.09","..","..","..","..","..",".."
"Saudi Arabia","","..","..","..","..","..","..","..","..","..","..","..","..","..","..","..","..","..","..","..","..","..","..","..","..","..","..","..","..","..","..","..","..","..","..","..","..","..","..","..","..","..","..","..","..","..","..","..","..","..","..","..","..","..",".."
"Senegal","","..","..","..","..","..","..","..","..","..","..","..","..","..","..","..","..","..","..","..","..","..","..","..","..","..","..","..","..","..","..","1.91","0.29","1","0.41","0.53","2.45","2.55","2.24","2.7","3.02","4.1","1.94","4.9","5.01","9.08","10.31","14.63","15.65","21.84","22.89","18.84","13.95","16.67","14.42"
"Serbia","","..","..","..","..","..","..","..","..","..","..","..","..","..","..","..","..","..","..","..","..","..","..","..","..","..","..","..","..","..","..","..","..","..","..","..","..","..","..","..","7.05","7.89","6.45","7.94","0.51","7.05","6.36","6.82","6.26","8.72","1.13","0.67","1.27","2.73","2.6"
"Seychelles","","..","..","..","..","..","..","..","..","..","..","..","..","..","..","..","..","..","..","..","..","..","..","..","..","..","..","..","..","..","..","..","..","..","..","..","..","..","..","..","..","..","..","..","..","..","..","..","..","..","..","..","..","..",".."
"Sierra Leone","","..","..","..","..","..","..","..","..","..","..","..","..","..","..","..","..","..","..","..","..","..","..","..","..","..","..","..","..","..","..","..","0.01","0.01","0.03","0.04","0.03","0.25","0.04","0.04","0.17","0.11","0.44","0.28","0.14","0.13","0.25","..","0.21","0.43","0.14","0.1","0.15","0.15","0.51"
"Singapore","","..","..","..","..","..","..","..","..","..","..","..","..","..","..","..","..","..","..","..","..","..","..","..","..","..","..","..","..","..","..","..","..","..","..","..","..","..","..","..","..","..","..","..","..","..","..","..","..","..","..","..","..","..",".."
"Slovenia","","..","..","..","..","..","..","..","..","..","..","..","..","..","..","..","..","..","..","..","..","..","..","..","..","..","..","..","..","..","..","..","..","..","..","..","..","..","..","..","..","..","..","0.01","..","..","..","..","..","..","..","..","..","..",".."
"Solomon Islands","","..","..","..","..","..","..","..","..","..","..","..","..","..","..","..","..","..","..","..","..","..","..","..","..","..","..","..","..","..","..","..","..","..","..","..","..","..","..","..","..","..","..","..","..","..","..","..","..","..","..","..","..","..",".."
"Somalia","","..","..","..","..","..","..","..","..","..","..","..","..","..","..","..","..","..","..","..","..","..","..","..","..","..","..","..","..","..","..","0.08","0.06","1.74","0.06","0.08","..","..","0.41","0.2","..","0.11","..","0.46","0.11","0.06","0.1","0.71","1.22","2.08","1.16","0.85","1.39","0.28","0.99"
"South Africa","","..","..","..","..","..","..","..","..","..","..","..","..","..","..","..","..","..","..","..","..","..","..","..","..","..","..","..","..","..","..","..","..","..","0.02","0.03","0.13","0.32","0.56","1.01","1.14","1.27","0.39","1.01","0.07","1.87","2.62","0.87","0.38","0.4","0.3","0.36","0.38","0.71","0.67"
"South Sudan","","..","..","..","..","..","..","..","..","..","..","..","..","..","..","..","..","..","..","..","..","..","..","..","..","..","..","..","..","..","..","..","..","..","..","..","..","..","..","..","..","..","..","..","..","..","..","..","..","..","..","..","..","0.73","1.72"
"Sri Lanka","","..","..","..","..","..","..","..","..","..","..","..","..","..","..","..","..","..","..","..","..","..","..","..","..","..","..","..","..","..","..","..","0.16","..","..","..","..","0.16","0.14","0.1","0.07","..","..","..","..","0.11","0.02","1.04","0.5","0.46","1.2","0.72","0.41","0.5","0.19"
"St. Helena","","..","..","..","..","..","..","..","..","..","..","..","..","..","..","..","..","..","..","..","..","..","..","..","..","..","..","..","..","..","..","..","..","..","..","..","..","..","..","..","..","..","..","..","..","..","..","..","..","..","..","..","..","..",".."
"St. Kitts-Nevis","","..","..","..","..","..","..","..","..","..","..","..","..","..","..","..","..","..","..","..","..","..","..","..","..","..","..","..","..","..","..","..","..","..","..","..","..","..","..","..","..","..","..","..","..","..","..","..","..","..","..","..","..","..",".."
"St. Lucia","","..","..","..","..","..","..","..","..","..","..","..","..","..","..","..","..","..","..","..","..","..","..","..","..","..","..","..","..","..","..","..","..","..","..","..","..","..","..","..","..","..","..","..","..","..","..","..","..","..","..","0.03","..","..",".."
"St.Vincent & Grenadines","","..","..","..","..","..","..","..","..","..","..","..","..","..","..","..","..","..","..","..","..","..","..","..","..","..","..","..","..","..","..","..","..","..","..","..","..","..","..","..","..","..","..","..","..","..","..","..","..","..","..","..","..","..",".."
"Sts Ex-Yugo. Unspec.","","..","..","..","..","..","..","..","..","..","..","..","..","..","..","..","..","..","..","..","..","..","..","..","..","..","..","..","..","..","..","..","..","1.93","1.17","1.5","1.52","1.15","0.59","0.65","..","0.45","0.63","0.67","6.23","0.87","0.14","0.17","1.6","..","..","0.01","0","1.08",".."
"Sudan","","..","..","..","..","..","..","..","..","..","..","..","..","..","..","..","..","..","..","..","..","..","..","..","..","..","..","..","..","..","..","0.01","0.18","..","..","..","0.54","0.45","..","0.28","0.56","0.11","0.2","0.04","0.54","2.62","2.58","3.43","3.49","3.45","3.65","2.64","3.08","0.81","0.76"
"Suriname","","..","..","..","..","..","..","..","..","..","..","..","..","..","..","..","..","..","..","..","..","..","..","..","..","..","..","..","..","..","..","..","..","..","..","..","..","..","..","..","..","..","..","..","..","..","..","..","..","..","..","..","..","..",".."
"Swaziland","","..","..","..","..","..","..","..","..","..","..","..","..","..","..","..","..","..","..","..","..","..","..","..","..","..","..","..","..","..","..","..","..","..","..","..","..","..","..","..","..","..","..","..","..","..","..","..","..","..","0.38","0.66","0.42","..",".."
"Syria","","..","..","..","..","..","..","..","..","..","..","..","..","..","..","..","..","..","..","..","..","..","..","..","..","..","..","..","..","..","..","..","..","..","..","..","..","..","..","..","..","..","..","..","..","..","..","..","..","..","..","..","..","1.98","7.34"
"Tajikistan","","..","..","..","..","..","..","..","..","..","..","..","..","..","..","..","..","..","..","..","..","..","..","..","..","..","..","..","..","..","..","..","..","..","0.16","0.21","..","0.13","0.24","0.2","..","..","0.15","..","0.34","0.42","0.53","0.34","0.36","0.29","0.43","0.32","0.57","0.13","0.24"
"Tanzania","","..","..","..","..","..","..","..","..","..","..","..","..","..","..","..","..","..","..","..","..","..","..","..","..","..","..","..","..","..","..","..","..","0.24","..","..","0.06","0.16","..","..","0.23","..","0.22","0.47","0.14","0.2","0.17","0.14","0.68","0.5","0.61","0.03","0.02","0.2","0.01"
"Thailand","","..","..","..","..","..","..","..","..","..","..","..","..","..","..","..","..","..","..","..","..","..","..","..","..","..","..","..","..","..","..","0.02","0.02","0.02","0.02","0.03","0.02","..","1.01","0.52","..","0.02","0.07","0.07","0.35","0.25","0.32","0.31","0.51","0.38","0.51","0.4","0.67","0.26","0.28"
"Timor-Leste","","..","..","..","..","..","..","..","..","..","..","..","..","..","..","..","..","..","..","..","..","..","..","..","..","..","..","..","..","..","..","..","..","..","..","..","..","..","..","..","0.47","0.49","0.98","..","0.21","0.04","..","..","..","..","..","0.01","..","..",".."
"Togo","","..","..","..","..","..","..","..","..","..","..","..","..","..","..","..","..","..","..","..","..","..","..","..","..","..","..","..","..","..","..","0.02","0.06","0.04","0.12","0.15","0.08","0.2","0.06","0.06","0.07","..","..","0.06","0.27","0.25","0.85","0.7","0.44","0.59","0.73","0.85","0.9","0.65","0.5"
"Tokelau","","..","..","..","..","..","..","..","..","..","..","..","..","..","..","..","..","..","..","..","..","..","..","..","..","..","..","..","..","..","..","..","..","..","..","..","..","..","..","..","..","..","..","..","..","..","..","..","..","..","..","..","..","..",".."
"Tonga","","..","..","..","..","..","..","..","..","..","..","..","..","..","..","..","..","..","..","..","..","..","..","..","..","..","..","..","..","..","..","..","..","..","..","..","..","..","..","..","..","..","..","..","..","..","..","..","..","..","..","..","..","..",".."
"Trinidad & Tobago","","..","..","..","..","..","..","..","..","..","..","..","..","..","..","..","..","..","..","..","..","..","..","..","..","..","..","..","..","..","..","..","..","..","..","..","..","..","..","..","..","..","..","..","..","..","..","..","..","..","..","..","..","..",".."
"Tunisia","","..","..","..","..","..","..","..","..","..","..","..","..","..","..","..","..","..","..","..","..","..","..","..","..","..","..","..","..","..","..","0.23","..","0.08","1.45","1.86","0.62","2.02","4.48","4.58","2.64","1.65","2.14","2.34","2.88","1.58","0.81","1.39","1.02","1.34","0.61","..","0.13","1.08","1.19"
"Turkey","","..","..","..","..","..","..","..","..","..","..","..","..","..","..","..","..","..","..","..","..","..","..","..","..","..","..","..","..","..","..","0.3","0.44","..","..","..","..","0.02","..","..","1.11","0.2","0.02","..","0.07","0.02","..","..","..","..","..","..","0.28","0.13",".."
"Turkmenistan","","..","..","..","..","..","..","..","..","..","..","..","..","..","..","..","..","..","..","..","..","..","..","..","..","..","..","..","..","..","..","..","..","..","..","..","..","..","..","..","..","..","..","..","..","..","..","..","..","..","..","0.04","..","..",".."
"Turks & Caicos Islands","","..","..","..","..","..","..","..","..","..","..","..","..","..","..","..","..","..","..","..","..","..","..","..","..","..","..","..","..","..","..","..","..","..","..","..","..","..","..","..","..","..","..","..","..","..","..","..","..","..","..","..","..","..",".."
"Tuvalu","","..","..","..","..","..","..","..","..","..","..","..","..","..","..","..","..","..","..","..","..","..","..","..","..","..","..","..","..","..","..","..","..","..","..","..","..","..","..","..","..","..","..","..","..","..","..","..","..","..","..","..","..","..",".."
"Uganda","","..","..","..","..","..","..","..","..","..","..","..","..","..","..","..","..","..","..","..","..","..","..","..","..","..","..","..","..","..","..","..","..","0.05","0.02","0.03","0.9","..","0.06","0.1","..","..","..","0.05","0.11","0.11","0.11","0.11","1.55","1.62","1.04","0.27","0.79","0.28","0.29"
"Ukraine","","..","..","..","..","..","..","..","..","..","..","..","..","..","..","..","..","..","..","..","..","..","..","..","..","..","..","..","..","..","..","..","..","..","..","..","..","..","..","..","..","..","..","..","..","..","0.24","0.19","0.14","0.16","0.11","0.03","..","0.02","0.05"
"United Arab Emirates","","..","..","..","..","..","..","..","..","..","..","..","..","..","..","..","..","..","..","..","..","..","..","..","..","..","..","..","..","..","..","..","..","..","..","..","..","..","..","..","..","..","..","..","..","..","..","..","..","..","..","..","..","..",".."
"Uruguay","","..","..","..","..","..","..","..","..","..","..","..","..","..","..","..","..","..","..","..","..","..","..","..","..","..","..","..","..","..","..","0.04","..","0.06","0.06","0.08","0.03","0.02","0.01","..","..","..","..","..","..","..","0.1","0.01","0.03","0.16","0.06","0.12","0.04","0.06","0.02"
"Uzbekistan","","..","..","..","..","..","..","..","..","..","..","..","..","..","..","..","..","..","..","..","..","..","..","..","..","..","..","..","..","..","..","..","..","..","..","..","..","..","..","..","..","..","..","..","..","..","0.18","..","..","..","..","0.35","0.28","0.29","0.14"
"Vanuatu","","..","..","..","..","..","..","..","..","..","..","..","..","..","..","..","..","..","..","..","..","..","..","..","..","..","..","..","..","..","..","..","..","..","..","..","..","..","..","..","..","..","..","..","..","..","..","..","..","..","..","..","0.03","0.07",".."
"Venezuela","","..","..","..","..","..","..","..","..","..","..","..","..","..","..","..","..","..","..","..","..","..","..","..","..","..","..","..","..","..","..","..","..","..","..","..","..","0.16","..","..","0.2","0.13","..","0.06","..","..","0.22","..","..","0.25","..","..","..","0.02","0.12"
"Vietnam","","..","..","..","..","..","..","..","..","..","..","..","..","..","..","..","..","..","..","..","..","..","..","..","..","..","..","..","..","..","..","0.16","0.02","0.2","0.1","0.13","0.5","2.59","2.72","4.52","2.99","5.01","4.63","5.26","10.35","10.83","11.92","11.97","14.34","17.95","12.87","12.14","8.77","11.27","12.38"
"Virgin Islands (UK)","","..","..","..","..","..","..","..","..","..","..","..","..","..","..","..","..","..","..","..","..","..","..","..","..","..","..","..","..","..","..","..","..","..","..","..","..","..","..","..","..","..","..","..","..","..","..","..","..","..","..","..","..","..",".."
"Wallis & Futuna","","..","..","..","..","..","..","..","..","..","..","..","..","..","..","..","..","..","..","..","..","..","..","..","..","..","..","..","..","..","..","..","..","..","..","..","..","..","..","..","..","..","..","..","..","..","..","..","..","..","..","..","..","..",".."
"West Bank & Gaza Strip","","..","..","..","..","..","..","..","..","..","..","..","..","..","..","..","..","..","..","..","..","..","..","..","..","..","..","..","..","..","..","..","..","..","..","..","0.19","1.13","0.75","1.31","0.86","1.95","2.17","4.28","2.62","2.73","4","2.79","6.25","6.06","6.82","9.45","9.83","4.32","5.23"
"Yemen","","..","..","..","..","..","..","..","..","..","..","..","..","..","..","..","..","..","..","..","..","..","..","..","..","..","..","..","..","..","..","..","..","..","..","..","..","..","..","..","..","..","..","..","..","..","..","..","..","..","0.35","0.53","0.42","..","0.27"
"Zambia","","..","..","..","..","..","..","..","..","..","..","..","..","..","..","..","..","..","..","..","..","..","..","..","..","..","..","..","..","..","..","..","..","..","..","..","0.03","..","..","..","..","..","..","0.28","..","..","..","0.01","0.01","..","..","..","..","..",".."
"Zimbabwe","","..","..","..","..","..","..","..","..","..","..","..","..","..","..","..","..","..","..","..","..","..","..","..","..","..","..","..","..","..","..","..","..","..","0.18","0.23","0.02","..","..","..","..","..","..","0.11","0.15","0.02","0.01","0.03","1.04","2.1","2.47","..","..","..",".."
"North of Sahara, regional","","..","..","..","..","..","..","..","..","..","..","..","..","..","..","..","..","..","..","..","..","..","..","..","..","..","..","..","..","..","..","..","..","..","..","..","..","..","..","..","..","..","..","..","..","..","..","..","..","..","..","1.63","..","0.04","0.52"
"South of Sahara, regional","","..","..","..","..","..","..","..","..","..","..","..","..","..","..","..","..","..","..","..","..","..","..","..","..","..","..","..","..","..","..","..","0.18","..","..","..","..","4.12","..","0.28","0.69","2.26","..","..","3.2","7.39","5.69","8","4.17","1.8","4.17","0.84","8.48","2.2","3.46"
"Africa, regional","","..","..","..","..","..","..","..","..","..","..","..","..","..","..","..","..","..","..","..","..","..","..","..","..","..","..","..","..","..","..","0.17","0.32","0.53","1.03","1.32","2.69","0.08","1.77","2.65","..","..","2.01","2.85","5.58","1.84","0.79","0.62","11.58","7.92","5.3","11.93","7.37","5.51","6.84"
"N. & C. America, regional","","..","..","..","..","..","..","..","..","..","..","..","..","..","..","..","..","..","..","..","..","..","..","..","..","..","..","..","..","..","..","..","..","..","..","..","0.66","2.9","..","0.14","..","..","0.18","..","0.13","0.67","0.6","0.02","..","0.94","0.14","1.86","1.39","0.74","0.1"
"South America, regional","","..","..","..","..","..","..","..","..","..","..","..","..","..","..","..","..","..","..","..","..","..","..","..","..","..","..","..","..","..","..","..","..","..","..","..","..","..","..","..","0.35","..","..","..","1.27","..","0.01","0.01","..","..","..","..","..","..","0.03"
"America, regional","","..","..","..","..","..","..","..","..","..","..","..","..","..","..","..","..","..","..","..","..","..","..","..","..","..","..","..","..","..","..","..","0.03","..","..","..","..","..","..","..","..","..","0.07","..","..","..","..","..","..","..","0.13","0.04","..","..","0.01"
"Middle East, regional","","..","..","..","..","..","..","..","..","..","..","..","..","..","..","..","..","..","..","..","..","..","..","..","..","..","..","..","..","..","..","0.19","6.94","0.16","..","..","..","..","..","..","..","..","..","..","..","..","..","..","..","0.02","0.09","0.08","0.08","0.09",".."
"Central Asia, regional","","..","..","..","..","..","..","..","..","..","..","..","..","..","..","..","..","..","..","..","..","..","..","..","..","..","..","..","..","..","..","..","..","..","..","..","..","..","..","..","..","..","..","..","..","..","..","..","..","..","..","..","0.18","..",".."
"South Asia, regional","","..","..","..","..","..","..","..","..","..","..","..","..","..","..","..","..","..","..","..","..","..","..","..","..","..","..","..","..","..","..","..","..","..","..","..","..","..","..","..","..","..","..","..","..","..","..","0.05","0.02","0.07","0.15","0.16","0.71","0.17","0.23"
"South & C.Asia, regional","","..","..","..","..","..","..","..","..","..","..","..","..","..","..","..","..","..","..","..","..","..","..","..","..","..","..","..","..","..","..","..","..","..","..","..","..","..","..","..","..","..","..","..","..","0.32","1.22","..","..","0.11","..","..","0.31","..",".."
"Far East Asia, regional","","..","..","..","..","..","..","..","..","..","..","..","..","..","..","..","..","..","..","..","..","..","..","..","..","..","..","..","..","..","..","..","..","0.16","..","..","0.01","0.6","..","..","..","..","..","..","..","0.26","0.03","0.02","..","0.02","..","0.03","..","..",".."
"Asia, regional","","..","..","..","..","..","..","..","..","..","..","..","..","..","..","..","..","..","..","..","..","..","..","..","..","..","..","..","..","..","..","..","..","..","..","..","..","..","..","..","..","..","..","0.98","0.71","..","..","..","..","0.03","..","0.57","..","0.02","0.61"
"Europe, regional","","..","..","..","..","..","..","..","..","..","..","..","..","..","..","..","..","..","..","..","..","..","..","..","..","..","..","..","..","..","..","..","..","..","..","..","0.07","..","..","..","0.53","..","..","0.02","..","0.5","0.34","1.38","0.66","1.17","2.07","2.18","0.72","..","1.19"
"Oceania, regional","","..","..","..","..","..","..","..","..","..","..","..","..","..","..","..","..","..","..","..","..","..","..","..","..","..","..","..","..","..","..","..","..","..","..","..","..","..","..","..","..","..","..","..","..","..","..","..","..","..","..","..","..","0.11",".."
"West Indies, regional","","..","..","..","..","..","..","..","..","..","..","..","..","..","..","..","..","..","..","..","..","..","..","..","..","..","..","..","..","..","..","..","..","..","..","..","..","..","..","..","..","..","..","..","..","..","..","..","..","..","..","..","..","..",".."
"Developing Countries, Unspecified","","..","..","..","..","..","..","..","..","..","..","..","..","..","..","..","..","..","..","..","..","..","..","..","..","..","..","..","..","..","..","1.53","0.7","0.31","4.32","5.54","..","..","3.82","2.24","4.68","6.65","19.64","9.95","14.78","20.86","23.77","25.05","24.8","26.91","29.73","29.85","51.09","60.02","57.63"
"MADCT Unallocated","","..","..","..","..","..","..","..","..","..","..","..","..","..","..","..","..","..","..","..","..","..","..","..","..","..","..","..","..","..","..","..","..","..","..","..","..","..","..","..","..","..","..","..","..","..","..","..","..","..","..","..","..","..",".."
"AfDB (African Dev.Bank)","","..","..","..","..","..","..","..","..","..","..","..","..","..","..","..","..","..","..","..","..","..","..","..","..","..","..","..","..","..","..","..","..","..","..","..","..","..","..","..","..","..","..","..","..","..","..","..","..","..","..","0.34","..","0.64",".."
"AfDF (African Dev.Fund)","","..","..","..","..","..","..","..","..","..","..","..","..","..","..","..","..","..","..","..","..","..","..","..","..","..","..","..","..","..","..","..","..","..","..","..","..","..","..","..","..","..","..","..","..","..","..","..","..","..","..","..","..","..",".."
"African Solidarity Fund","","..","..","..","..","..","..","..","..","..","..","..","..","..","..","..","..","..","..","..","..","..","..","..","..","..","..","..","..","..","..","..","..","..","..","..","..","..","..","..","..","..","..","..","..","..","..","..","..","..","..","..","..","..",".."
"AsDB (Asian Dev.Bank)","","..","..","..","..","..","..","..","..","..","..","..","..","..","..","..","..","..","..","..","..","..","..","..","..","..","..","..","..","..","..","..","..","..","..","..","..","..","..","..","..","..","..","..","2.25","2.34","2.48","3","2","1.44","1.59","..","2.09","2.95","1.5"
"AsDB Special Funds","","..","..","..","..","..","..","..","..","..","..","..","..","..","..","..","..","..","..","..","..","..","..","..","..","..","..","..","..","..","..","..","..","..","..","..","..","..","..","..","..","..","..","..","..","8.3","7.62","8.28","7.89","0.59","0.74","2.89","1.09","..",".."
"CarDB (Carribean Dev. Bank)","","..","..","..","..","..","..","..","..","..","..","..","..","..","..","..","..","..","..","..","..","..","..","..","..","..","..","..","..","..","..","..","..","..","..","..","..","..","..","..","..","..","..","..","..","..","..","..","..","..","..","..","0.1","..",".."
"CABEI","","..","..","..","..","..","..","..","..","..","..","..","..","..","..","..","..","..","..","..","..","..","..","..","..","..","..","..","..","..","..","..","..","..","..","..","..","..","..","..","..","..","..","..","..","..","..","..","..","..","..","..","..","..",".."
"EC","","..","..","..","..","..","..","..","..","..","..","..","..","..","..","..","..","..","..","..","..","..","..","..","..","..","..","..","..","..","..","5.9","9.22","5.01","5.65","..","7.63","12.01","12.67","12.65","11.89","6.91","11.47","9.91","11.43","13.74","14.62","14.52","20.93","20.24","24.75","19.22","22.2","22.21","26.04"
"EDF","","..","..","..","..","..","..","..","..","..","..","..","..","..","..","..","..","..","..","..","..","..","..","..","..","..","..","..","..","..","..","..","..","4.11","5","..","4.09","2.05","1.63","6.3","3.78","3.73","1.33","4.21","7.48","5.53","8.42","9.14","10.48","12.04","13.33","13.44","11.82","9.02","10.57"
"EIB","","..","..","..","..","..","..","..","..","..","..","..","..","..","..","..","..","..","..","..","..","..","..","..","..","..","..","..","..","..","..","..","..","..","..","..","..","..","..","..","..","..","..","..","0.26","1.07","1.74","0.58","1.92","3.17","2.4","2.91","2.13","..","1.38"
"Other EU Institutions","","..","..","..","..","..","..","..","..","..","..","..","..","..","..","..","..","..","..","..","..","..","..","..","..","..","..","..","..","..","..","..","..","..","..","..","..","..","..","..","..","..","..","..","..","..","..","..","..","..","..","..","..","..",".."
"IBRD","","..","..","..","..","..","..","..","..","..","..","..","..","..","..","..","..","..","..","..","..","..","..","..","..","..","..","..","..","..","..","..","0.55","0.55","..","..","0.45","0.79","..","2.22","1.73","..","0.13","0.86","2.25","2.2","4.05","6.09","10.05","5.51","6.65","6.47","6.74","5.13","3.78"
"IDA","","..","..","..","..","..","..","..","..","..","..","..","..","..","..","..","..","..","..","..","..","..","..","..","..","..","..","..","..","..","..","3.1","3.15","3.11","2.87","..","3.89","4.83","4.71","4.13","3.96","4.47","4.06","3.79","4.1","8.37","5.88","12.17","7.94","8.37","15.29","17.58","17.84","20.96","20.05"
"IDA-MDRI","","..","..","..","..","..","..","..","..","..","..","..","..","..","..","..","..","..","..","..","..","..","..","..","..","..","..","..","..","..","..","..","..","..","..","..","..","..","..","..","..","..","..","..","..","..","..","..","..","..","..","..","..","..",".."
"IDB","","..","..","..","..","..","..","..","..","..","..","..","..","..","..","..","..","..","..","..","..","..","..","..","..","..","..","..","..","..","..","..","..","..","..","..","..","..","..","..","..","..","0.01","..","..","..","..","..","..","..","..","..","..","..",".."
"IDB Spec. Fund","","..","..","..","..","..","..","..","..","..","..","..","..","..","..","..","..","..","..","..","..","..","..","..","..","..","..","..","..","..","..","..","..","..","..","..","..","..","..","..","..","..","..","..","..","..","..","..","..","..","..","..","..","..",".."
"IFAD","","..","..","..","..","..","..","..","..","..","..","..","..","..","..","..","..","..","..","..","..","..","..","..","..","..","..","..","..","..","..","..","..","0.17","..","..","..","0.04","..","..","0.08","0.05","0.2","0.34","0.79","0.87","0.22","0.22","1.05","0.84","0.32","0.63","1.24","1.92","0.67"
"IFC","","..","..","..","..","..","..","..","..","..","..","..","..","..","..","..","..","..","..","..","..","..","..","..","..","..","..","..","..","..","..","..","..","..","0.19","..","..","..","..","..","..","..","..","..","0.73","0.37","..","1.13","1.37","1.72","1.5","2.91","1.11","2.25","2.32"
"IMF","","..","..","..","..","..","..","..","..","..","..","..","..","..","..","..","..","..","..","..","..","..","..","..","..","..","..","..","..","..","..","..","..","0.72","0.81","..","..","..","..","..","1.1","1.05","0.97","0.94","1.92","2.11","1.9","1.13","1.07","1.25","0.35","0.99","1.04","0.64",".."
"IMF Trust Fund","","..","..","..","..","..","..","..","..","..","..","..","..","..","..","..","..","..","..","..","..","..","..","..","..","..","..","..","..","..","..","..","..","..","..","..","..","..","..","..","..","..","..","..","..","..","..","..","..","..","..","..","..","..",".."
"MIGA","","..","..","..","..","..","..","..","..","..","..","..","..","..","..","..","..","..","..","..","..","..","..","..","..","..","..","..","..","..","..","..","..","..","..","..","..","..","..","..","..","..","0.08","..","..","..","..","..","..","..","..","..","..","..",".."
"UNDP","","..","..","..","..","..","..","..","..","..","..","..","..","..","..","..","..","..","..","..","..","..","..","..","..","..","..","..","..","..","..","1.3","0.28","0.25","0.29","..","0.47","0.55","1.67","1.84","1.23","0.69","0.76","1.46","1.1","1.5","3.01","1.76","2.33","11.83","10.36","10.73","9.94","7.69","11.15"
"UNFPA","","..","..","..","..","..","..","..","..","..","..","..","..","..","..","..","..","..","..","..","..","..","..","..","..","..","..","..","..","..","..","..","..","0.06","0.84","..","1.05","..","..","..","0.45","0.41","0.44","0.51","0.82","1.14","1.24","1.44","1.78","7.26","7.37","7.8","6.66","6.16","6.36"
"UNHCR","","..","..","..","..","..","..","..","..","..","..","..","..","..","..","..","..","..","..","..","..","..","..","..","..","..","..","..","..","..","..","..","..","0.04","0.72","..","0.2","0.1","0.11","0.15","0.23","0.46","0.56","0.7","1.04","1.15","3.72","1.38","1.78","2.52","2.72","2.38","2.09","1.93","1.99"
"UNICEF","","..","..","..","..","..","..","..","..","..","..","..","..","..","..","..","..","..","..","..","..","..","..","..","..","..","..","..","..","..","..","..","..","0.07","..","..","0.23","0.65","0.91","0.94","0.69","0.41","0.44","0.56","0.84","0.96","1.16","1.51","1.92","7.07","7.83","7.42","7.09","6.56","6.77"
"UNRWA","","..","..","..","..","..","..","..","..","..","..","..","..","..","..","..","..","..","..","..","..","..","..","..","..","..","..","..","..","..","..","..","..","0.04","..","..","0.05","0.4","0.9","0.97","1.23","0.23","1.26","0.65","1.81","1.99","2.36","2.2","2.6","3.03","3.83","..","..","..","4.98"
"WFP","","..","..","..","..","..","..","..","..","..","..","..","..","..","..","..","..","..","..","..","..","..","..","..","..","..","..","..","..","..","..","..","..","..","..","..","..","..","..","..","..","..","..","..","..","..","1.99","..","..","3.95","3.59","5","0.97","0.9","0.93"
"Other UN","","..","..","..","..","..","..","..","..","..","..","..","..","..","..","..","..","..","..","..","..","..","..","..","..","..","..","..","..","..","..","..","0.94","1.95","1.57","..","4.22","4.24","5.26","5.82","3.75","4.65","4.8","4.84","5.69","5.04","5.76","17.47","38.89","31.87","32.3","27.14","24.61","26.91","25.82"
"Other World Bank (AMCs)","","..","..","..","..","..","..","..","..","..","..","..","..","..","..","..","..","..","..","..","..","..","..","..","..","..","..","..","..","..","..","..","..","..","..","..","..","..","..","..","..","..","..","..","..","..","..","..","..","1.34","0.28","0.29","2.28","0.03","1.21"
"Other Regional Banks","","..","..","..","..","..","..","..","..","..","..","..","..","..","..","..","..","..","..","..","..","..","..","..","..","..","..","..","..","..","..","..","..","..","..","..","..","..","..","..","..","..","0.45","..","0.14","..","0.31","..","0.73","..","3.48","2.52","2.09","0.64",".."
"Other Multilateral","","..","..","..","..","..","..","..","..","..","..","..","..","..","..","..","..","..","..","..","..","..","..","..","..","..","..","..","..","..","..","0.2","1.78","..","0.27","..","1.22","..","0.45","..","..","1.36","4.77","2.27","1.54","7.79","2.93","3.82","7.36","12.39","10.08","10.02","6.39","5.86","4.98"
