"Sector(s):","Total Bilateral Aid To All Sectors","","Flow(s):","ODA","","Donor(s):","Netherlands","","Flow Type(s):","Disbursement","","Amount:","Current Prices (USD millions)","",

"","Time Period","1960","1961","1962","1963","1964","1965","1966","1967","1968","1969","1970","1971","1972","1973","1974","1975","1976","1977","1978","1979","1980","1981","1982","1983","1984","1985","1986","1987","1988","1989","1990","1991","1992","1993","1994","1995","1996","1997","1998","1999","2000","2001","2002","2003","2004","2005","2006","2007","2008","2009","2010","2011","2012","2013",
"Recipient(s)",
"All Recipients","","24.5","30.39","46.65","17.9","33","46.52","..","75.46","123.4","140.87","196.4","210.22","306.69","322.14","434.47","608.31","728.42","907.56","1073.54","1472.49","1630.4","1504.96","1471.84","1195.3","1267.84","1135.92","1740.39","2094.26","2231.1","2093.59","2538.08","2516.69","2756.72","2528.18","2516.73","3226.07","3246.35","2946.72","3041.57","3134.02","3134.78","3172.5","3338.02","3972.21","4203.91","5114.65","5451.71","6224.29","6992.64","6426.11","6357.34","6343.94","5522.85","5435.45"
"All Developing Countries","","24.5","30.39","46.65","17.9","33","46.52","..","75.46","96.83","104.95","154.61","152.39","192.9","230.01","302.58","365.13","496.22","643.58","789.2","1030.93","1227.56","1143.42","1064.27","812.24","878.6","762.23","1180.4","1418.7","1552.19","1511.23","1833.06","1755.71","1883.42","1779.12","1700.62","2244.81","2275.07","2133.25","2132.98","2161.59","2242.75","2224.35","2448.63","2829.28","2670.27","3682.71","4282.23","4643.87","5199.58","4797.96","4841.43","4336.26","3857.53","3646.86"
"All Multilateral Recipients","","..","..","..","..","..","..","..","..","26.57","35.92","41.79","57.83","113.79","92.13","131.89","243.18","232.2","263.98","284.34","441.56","402.84","361.54","407.57","383.06","389.24","373.69","559.99","675.56","678.91","582.36","705.02","760.98","873.3","749.06","816.11","981.26","971.28","813.47","908.59","972.43","892.03","948.15","889.39","1142.93","1533.64","1431.94","1169.48","1580.42","1793.06","1628.15","1515.91","2007.68","1665.31","1788.58"
"Afghanistan","","..","..","..","..","..","..","..","..","..","..","..","0.02","0.16","0.35","0.19","0.22","0.19","1.56","1.72","0.2","0.18","0.19","..","0.74","..","..","0.43","0.89","3.48","2.57","3.13","0.72","5.21","9.95","12.37","26.6","12.34","42.94","25.47","9.36","10.17","71.95","88.28","77.37","90.31","79.09","87.34","88.82","111.97","147.93","115","108.48","68.5","79.95"
"Albania","","..","..","..","..","..","..","..","..","..","..","..","..","..","..","..","..","..","..","..","..","..","..","..","..","..","..","..","..","..","..","..","0.49","2.57","2.25","6.75","4.73","7.98","7.72","5.47","1.98","3.77","11.47","11.56","12.74","11","9.12","5.34","6.78","18.27","8.24","4.16","0.38","..",".."
"Algeria","","..","..","..","..","..","..","..","..","..","..","..","0.03","0.08","0.07","3.27","0.06","0.45","0.06","..","0.21","0.61","0.12","1.26","0.79","0.12","0.02","..","..","..","0.04","1.9","0.03","0.01","0.16","0.12","0.39","1.14","1.83","0.57","0.35","0.06","0.51","0.35","1.53","0.11","0.1","0.12","..","..","..","0.16","0.05","0.15","0.08"
"Angola","","..","..","..","..","..","..","..","..","..","..","..","..","..","..","0.13","0.65","3.08","4.72","10.71","2.26","7.97","2.3","4","8.9","16.66","8.05","16.77","15.58","12.44","4.94","12.58","2.15","1.24","0.72","5.88","23.33","30.08","21.7","15.16","13.67","11.65","20.49","27.67","21.08","19.55","12.8","2.11","-49.29","-2.67","-3.27","-2.72","-2.96","-2.74","-3.08"
"Anguilla","","..","..","..","..","..","..","..","..","..","..","..","..","..","..","..","..","..","..","..","..","..","..","..","..","0.01","..","..","..","..","..","..","..","..","..","..","..","..","..","..","..","..","0.02","..","..","..","..","..","..","..","..","..","..","..",".."
"Antigua & Barbuda","","..","..","..","..","..","..","..","..","..","..","..","..","..","..","..","..","..","..","..","..","..","..","0.05","0.07","0.06","0.06","..","..","..","..","..","0.01","..","..","..","0.02","..","..","0.05","..","..","0.07","..","0.14","..","..","..","..","..","..","..","..","..",".."
"Argentina","","-5.2","-5.5","..","1.3","0.9","0.68","..","-0.46","..","..","..","..","0.08","0.1","0.21","0.32","0.96","1.06","0.71","2.32","3.02","2.45","1.67","1.5","0.82","0.85","0.93","0.96","2.92","3.03","3.85","1.71","1.67","1.41","1.57","2.05","1.32","0.72","0.19","0.05","0.21","0.45","0.26","0.2","1.03","0.31","0.13","0.03","0.25","0.22","0.52","0.05","0.03",".."
"Armenia","","..","..","..","..","..","..","..","..","..","..","..","..","..","..","..","..","..","..","..","..","..","..","..","..","..","..","..","..","..","..","..","..","0.6","0.54","0.82","12.99","7.52","5.05","8.29","5.23","4.7","7.86","7.18","9.91","9.22","11.64","8.49","5.8","0.17","3.01","1.56","0.86","0.26","0.18"
"Aruba","","..","..","..","..","..","..","..","..","..","..","..","..","..","..","..","..","..","..","..","..","..","..","..","..","..","12.04","40.43","20.83","19.26","24.19","28.92","24.81","29.85","22.97","15.93","17.98","20.33","23.71","10.68","-7.1","..","..","..","..","..","..","..","..","..","..","..","..","..",".."
"Azerbaijan","","..","..","..","..","..","..","..","..","..","..","..","..","..","..","..","..","..","..","..","..","..","..","..","..","..","..","..","..","..","..","..","..","..","0.69","1.39","4.6","4.41","1.26","2.71","1.1","0.8","2.59","4.06","3.86","3.5","5.47","0.05","0.06","..","..","..","..","..","0.06"
"Bahamas","","..","..","..","..","..","..","..","..","..","..","..","..","0.02","0.02","0.02","0.02","0.05","0.05","0.06","0.1","0.01","0.03","..","..","..","0.1","0.07","0.09","0.1","0.1","0.22","0.01","0.02","..","..","..","..","..","..","..","..","..","..","..","..","..","..","..","..","..","..","..","..",".."
"Bahrain","","..","..","..","..","..","..","..","..","..","..","..","..","..","..","..","0.03","0.01","..","..","..","0.02","..","..","..","..","..","0.02","0.02","0.02","0.03","0.06","..","..","..","..","..","..","..","..","..","..","..","..","0.02","0.04","..","..","..","..","..","..","..","..",".."
"Bangladesh","","..","..","..","..","..","..","..","..","..","..","..","2.57","5.58","2.45","18.15","26.74","11.77","27.06","63.61","45.86","53.16","54.66","72.16","30.85","61.03","41.77","40.92","66.97","71.8","65.89","71.52","57.27","72.12","53.17","54.53","57.5","67.15","63.66","57.89","36.14","32.63","43.23","44.31","57.45","65.23","60.68","67.45","99.45","84.74","70.35","78.57","77.75","66.54","72.01"
"Barbados","","..","..","..","..","..","..","..","..","..","..","..","0.01","0.01","0.01","0.01","0.02","0.08","0.13","0.07","0.04","0.11","0.02","0.29","0.16","0.22","0.41","0.23","0.7","0.76","0.59","0.85","1.02","0.41","0.39","0.27","0.19","0.19","0.33","0.12","..","..","0.15","0.02","0.02","0.02","0.01","..","..","..","..","..","..","..",".."
"Belarus","","..","..","..","..","..","..","..","..","..","..","..","..","..","..","..","..","..","..","..","..","..","..","..","..","..","..","..","..","..","..","..","..","..","..","..","..","..","..","..","..","..","..","..","..","..","0.23","0.03","..","0.04","..","..","..","0.33","0.09"
"Belize","","..","..","..","..","..","..","..","..","..","..","..","0.01","..","..","..","..","..","..","..","..","..","0.06","0.21","0.21","0.02","0.05","0.01","0.02","0.25","0.24","0.31","0.42","0.31","0.2","0.38","0.2","0.32","0.3","0.19","0.02","0.03","0.42","0.29","0.4","..","0.35","..","..","..","..","..","..","..",".."
"Benin","","..","..","..","..","..","..","..","..","..","..","0.03","0.08","0.03","0.18","0.34","0.36","0.37","0.67","0.65","1","1.01","2.22","3.27","2.72","1.43","2.09","3.38","5.35","5.68","5.6","6.8","13.11","5.64","4.67","8.27","4.94","8.44","11.06","10.08","4.64","4.38","8.01","2.4","19.77","10.4","22.7","24.49","34.72","35.33","41.97","31.26","27.81","20.64","37.78"
"Bermuda","","..","..","..","..","..","..","..","..","..","..","..","..","..","..","..","..","..","..","..","..","..","..","..","..","..","..","..","..","..","..","..","..","..","..","..","..","..","..","..","..","..","..","..","..","..","..","..","..","..","..","..","..","..",".."
"Bhutan","","..","..","..","..","..","..","..","..","..","..","..","..","..","..","..","..","..","..","..","0.07","..","0.07","..","0.35","0.32","0.17","0.13","0.16","0.36","0.74","1.18","0.12","1.42","1.01","3.74","5.54","6.34","4.28","2.91","2.12","3.19","6.49","3.75","5.67","12.3","8.37","4.69","0.31","3.09","3.78","2.66","2.78","2.57",".."
"Bolivia","","..","..","..","..","..","..","..","..","..","..","0.08","0.11","0.31","0.35","0.58","1","1.11","2.2","1.53","2","3.15","2.65","1.65","9.02","7.48","4.83","11.5","13.68","22.35","36.37","30.89","35.93","28.36","34.67","33.07","57","57.05","59.76","67.55","27.22","33.25","73.31","62.59","50.32","48.06","46.68","34.41","48.26","41.43","45.56","47.54","53.65","37.51","21.23"
"Bosnia-Herzegovina","","..","..","..","..","..","..","..","..","..","..","..","..","..","..","..","..","..","..","..","..","..","..","..","..","..","..","..","..","..","..","..","..","..","..","43.75","77.67","88.35","84.13","77.17","77.01","43.3","52.91","37.34","25.16","24.82","21.09","18.92","21.1","31.27","21.75","14.8","10.72","7.78","6.06"
"Botswana","","..","..","..","..","..","..","..","..","..","..","0.04","0.3","0.05","0.06","0.46","0.28","1.11","1.35","1.9","2.8","3.38","4.21","2.74","3.26","1.92","2.1","4.62","5.39","4.33","3.86","4.36","1.93","3.62","3.37","5.41","3.55","4.23","4.5","4.56","0.29","0.11","2.8","1.85","0.64","1.18","1.03","0.61","0.1","..","..","..","..","..",".."
"Brazil","","..","..","..","..","..","1.13","..","0.51","0.48","0.01","0.7","0.24","0.85","1.41","1.86","1.96","3.66","2.22","3.24","2.78","6.97","8.26","4.51","3.91","6.62","5.69","4.29","6.21","10.35","9.87","10.96","14.77","16.27","18.14","16.42","19.93","21.34","18","18.9","0.2","2","15.15","14.72","13.53","16.3","15.44","1.95","0.22","0.48","0.64","0.41","0.24","0.24","0.29"
"Brunei","","..","..","..","..","..","..","..","..","..","..","..","..","..","..","..","..","..","..","..","..","..","..","..","..","..","..","..","..","..","..","..","..","..","..","..","..","..","..","..","..","..","..","..","..","..","..","..","..","..","..","..","..","..",".."
"Burkina Faso","","..","..","..","..","..","..","..","..","..","..","0.08","0.04","0.39","0.15","0.06","1.93","4.59","7.74","18.36","24.8","18.05","19.16","26.53","25.55","17.68","13.73","16.43","27.61","28.19","31.33","34.54","28.5","32.48","27.21","28.63","39.14","37.6","36.55","34.16","21.05","16.13","44.42","37.28","39.38","55","53.75","55.14","65.7","88.9","65.98","54.36","53.88","41.23","42.83"
"Burundi","","..","..","..","..","..","..","..","..","..","..","..","..","0.09","0.08","0.08","0.11","0.23","0.51","0.3","0.91","0.69","1.59","0.9","0.67","0.6","1.8","2.8","1.61","1.18","1.24","1.26","0.18","0.18","2.17","1.6","2.79","3.26","4.02","4.04","4.27","4.39","11.68","9.59","12.67","23.33","22.87","16.98","23.14","32.32","18.31","19.07","19.64","17.19","32.65"
"Cambodia","","..","..","..","..","..","..","..","..","..","..","..","0.02","0.02","0.01","0.08","0.23","..","..","..","1.5","6.75","5.97","2.15","0.88","0.98","0.37","0.16","0.21","0.54","0.78","4.06","7.79","13.64","12.6","11.02","11.77","8.39","11.52","9.31","6.29","7.38","8.16","9.27","7.2","8.7","8.04","2.02","0.17","1.87","0.08","1.26","0.25","0.52","0.01"
"Cameroon","","..","..","..","..","..","..","..","..","..","..","1.26","1.34","1.82","2.13","1.76","3.48","3.91","3.87","3.22","4.35","4.09","2.22","9.91","2.87","3.12","2.88","3.76","4.69","17.39","13.11","15","4.97","3.87","5.66","8.77","1.77","11.96","7.98","10.36","7.01","4.31","13.2","7.49","10.85","11.56","17.54","18.96","2.58","0.58","0.12","0.17","..","..",".."
"Cape Verde","","..","..","..","..","..","..","..","..","..","..","..","..","..","..","..","0.58","1.09","1.35","3.72","5.19","11.64","6.37","3.02","6.22","5.17","4.01","6.14","8.24","9.49","7.14","9.79","9.47","8.03","6.87","8.97","10.41","12.09","9.35","9.3","12.46","5.98","4.18","1.96","8.11","9.48","11.14","11.83","12.1","11.67","6.23","4.14","2.39","0.04","0.05"
"Cayman Islands","","..","..","..","..","..","..","..","..","..","..","..","..","..","..","..","..","..","..","..","..","..","..","..","..","..","..","..","..","..","..","..","..","..","..","..","..","..","..","..","..","..","..","..","..","..","..","..","..","..","..","..","..","..",".."
"Central African Rep.","","..","..","..","..","..","..","..","..","..","..","..","..","0.02","0.03","0.01","0.13","0.11","0.12","0.17","0.26","0.58","0.74","0.46","0.1","0.27","0.03","0.31","0.44","0.21","0.21","0.34","0.11","0.22","0.44","0.4","0.92","0.92","0.45","0.78","..","..","0.32","0.35","0.59","0.55","0.35","..","6.34","2.88","2.79","1.99","..","..","2.66"
"Chad","","..","..","..","..","..","..","..","..","..","..","..","..","0.02","0.03","0.19","0.13","2.32","1.67","1.76","0.38","0.69","0.27","1.26","0.96","0.98","2.4","4.28","8.78","2.31","6.72","5.58","8.15","3.27","6.43","1.51","3.71","2.16","1.94","1.4","..","..","1.84","0.79","1.56","4.37","1.59","6.09","6.84","7.51","8.36","4.9","4.87","2.57",".."
"Chile","","0.2","..","..","..","..","0.54","..","0.13","0.56","0.73","2.28","1.42","0.62","3.77","3.85","1.14","1.76","2.99","2.46","2.95","5.87","4.27","4.23","4.02","3.1","4.7","4.5","6.96","8.6","8.89","14.05","19.35","16.29","13.76","15.87","10.93","8.34","8.48","5.59","0.7","0.58","3.99","3.33","1.29","1.35","0.78","0.1","0.06","0.19","0.2","0.28","0.13","0.02",".."
"China","","..","..","..","..","..","..","..","..","..","..","..","..","..","..","..","..","..","..","..","..","..","..","..","..","..","0.42","2.4","3.15","36.8","40.16","16.99","7.04","3.67","12.77","10.08","15.87","2.71","7.74","13.18","34.2","24.9","26.45","17.9","16.76","25.64","27.75","30.51","24.81","16.71","5.28","3.95","2.15","0.59","0.69"
"Chinese Taipei","","..","..","..","..","..","..","..","..","..","..","..","..","0.01","..","..","..","..","..","..","..","..","..","..","..","..","..","..","..","..","..","..","..","..","..","..","..","..","..","..","..","..","..","..","..","..","..","..","..","..","..","..","..","..",".."
"Colombia","","..","..","..","..","1.4","0.18","..","0.99","0.33","-0.25","1.43","1.03","1.54","3.11","5.26","7.66","10.2","9.92","7.5","8.38","10.77","12.71","14.26","9.4","10.04","8.46","11.38","13.37","12.04","13.41","11.29","11.84","16.58","10.24","11.61","10.88","8.52","8.86","9.68","7.24","9.02","15.47","15.24","12.28","25.96","29.89","33.52","28","32.57","32.47","26.31","25.07","16.33","16.36"
"Comoros","","..","..","..","..","..","..","..","..","..","..","..","..","..","..","..","..","0.1","0.59","0.01","..","0.4","0.01","0.02","..","..","0.14","0.18","0.22","0.25","0.27","0.58","..","..","..","..","..","1.37","0.42","..","..","..","0.05","0.01","..","..","..","..","..","0.39","..","..","..","..",".."
"Democratic Republic of the Congo","","..","..","..","..","..","..","..","..","..","..","0.5","0.02","0.11","0.83","1","0.42","0.46","1.27","1.64","3.1","1.9","2.33","2.09","1.89","1.43","1.69","1.19","1.37","3.35","3.19","3.89","5.74","7.14","6.49","5.17","7.83","4.7","7.31","8.1","2.46","4.67","12","135.03","220.55","58.75","46.23","29.88","50.74","47.79","43.36","422.16","18.28","22.16","11.48"
"Congo","","..","..","..","..","..","..","..","..","..","..","..","0.85","0.04","0.04","0.03","0.06","0.08","1.5","0.4","0.32","0.49","0.11","0.17","0.63","0.14","0.04","0.37","0.25","2.98","0.37","0.4","0.17","0.06","0.04","0.06","0.05","2.32","0.24","0.07","2.9","..","1.43","0.18","2.74","1.28","6.08","0.14","..","..","..","..","..","..",".."
"Cook Islands","","..","..","..","..","..","..","..","..","..","..","..","..","..","..","..","..","..","..","..","0.15","0.08","0.11","0.12","0.1","0.07","0.47","0.15","0.1","0.01","0.01","..","..","..","..","..","..","..","..","..","..","..","..","..","..","..","..","..","..","..","..","..","..","..",".."
"Costa Rica","","..","..","..","..","..","..","..","..","..","..","0.01","0.02","0.09","0.23","0.28","0.21","0.53","0.98","1.82","2.01","1.23","1.44","1.21","1.12","1.77","10.88","3.94","6.45","9.86","10.14","13.59","11.95","12.68","14.63","13.08","17.6","16.03","14.32","15.18","6.24","7.42","15.15","6.2","6.86","12.18","3.25","1.03","1.82","4.7","3.8","3.44","0.22","0.03",".."
"Cote d'Ivoire","","..","..","..","..","..","..","..","..","..","..","0.56","0.82","0.92","2.12","1.28","1.02","1.41","1.58","1.34","1.86","2.12","0.77","0.38","3.82","0.52","0.43","0.47","1","0.65","0.49","1.17","1.45","0.62","0.53","0.22","0.02","0.38","5.5","23.32","10.21","10.3","7.6","24.33","14.89","1.93","2.42","1","1.51","0.1","36.54","5.46","8.92","..",".."
"Croatia","","..","..","..","..","..","..","..","..","..","..","..","..","..","..","..","..","..","..","..","..","..","..","..","..","..","..","..","..","..","..","..","..","..","..","1.46","1.98","0.88","0.6","0.68","0.24","4.22","2.96","1.62","2.76","2.33","0.34","0.02","0.14","0.12","0.2","0.22","..","..",".."
"Cuba","","..","..","..","..","..","..","..","..","..","..","..","0.02","0.03","0.05","0.05","0.16","2.28","3.21","5.62","10.12","3.79","0.33","0.27","0.04","0.39","0.03","-0.23","0.69","0.08","0.02","0.01","0.22","..","0.11","1.04","0.81","0.79","0.06","1.98","0.92","1.5","1.09","1.69","3.46","1.4","1.3","0.43","0.15","0.12","0.1","0.1","0.08","0.1","0.15"
"Cyprus","","..","..","..","..","..","..","..","..","..","..","..","..","0.05","0.05","0.46","0.29","0.11","0.1","0.15","0.12","0.27","0.23","0.03","0.03","0.02","0.01","0.01","0.01","..","..","..","..","..","..","..","..","..","..","..","..","..","..","..","..","..","..","..","..","..","..","..","..","..",".."
"Djibouti","","..","..","..","..","..","..","..","..","..","..","..","..","..","..","..","..","..","..","..","..","..","..","..","..","0.01","..","..","..","..","..","..","..","0.01","0.02","..","..","..","..","..","..","0.21","0.89","0.53","..","..","0.76","..","1.43","..","..","..","..","..",".."
"Dominica","","..","..","..","..","..","..","..","..","..","..","..","..","..","..","..","..","..","..","..","0.15","0.3","0.02","0.22","0.05","0.14","0.2","0.22","0.04","0.01","0.01","0.01","0.13","0.22","0.14","0.17","0.23","..","0.15","0.21","..","..","0.01","0.01","..","0.01","..","..","..","..","..","..","..","..",".."
"Dominican Republic","","..","..","..","..","..","..","..","..","..","..","..","0.01","0.02","0.04","0.31","0.18","0.49","0.63","1.37","1.31","2.3","2.65","2","1.89","1.63","1.29","1.42","1.33","2.21","2.38","2.57","1.15","2.43","2.64","2.28","2.39","2.5","2.59","2.46","0.09","0.02","2.37","1.41","1.49","1.89","1.31","0.07","0.02","..","..","0.24","0.13","0.09","0.01"
"East African Community","","..","..","..","..","..","..","..","..","..","..","..","..","..","..","..","0.12","0.08","0.1","..","..","..","..","..","..","..","..","..","..","..","..","..","..","..","..","..","..","..","..","..","..","..","..","..","..","..","..","..","..","..","..","..","..","..",".."
"Ecuador","","..","..","..","..","..","..","..","..","..","..","0.14","0.02","0.15","0.1","0.08","0.26","1.59","1.27","1.14","1.11","1.53","2.84","1.67","1.54","1.55","1.79","2.57","6.22","5.73","6.43","8.19","5.61","14.85","14.43","6.61","12.45","11.89","14.52","14.31","8.7","6.46","13.64","10.47","10.75","12.88","13.17","1.91","0.49","3.25","1.62","0.49","0.4","0.06",".."
"Egypt","","..","..","..","..","..","..","..","..","..","..","0.62","0.01","0.37","0.19","0.83","5.28","3.24","13.56","7.31","14.58","17.05","21.38","17.31","12.59","18.31","11.13","26.73","24.19","21","29.23","44.4","-0.24","26.38","14.79","19.5","23.87","17.05","22.88","24.07","18.58","17.48","20.26","17.07","9.55","9.78","7.81","13.12","14.6","19.72","17.79","10.96","10.06","6.05","3.53"
"El Salvador","","..","..","..","..","..","..","..","..","..","..","..","..","0.03","0.03","0.01","0.24","0.27","1.05","0.6","0.76","1.17","0.7","1.16","1.65","1.67","1.7","4.28","3.99","7.72","8.87","9.33","8.1","8.56","7.06","7.71","8.59","8.01","8.51","9.51","3.69","2.76","9.51","8.39","6.36","6.46","6.21","0.89","0.42","0.31","0.4","0.14","0.15","0.01",".."
"Equatorial Guinea","","..","..","..","..","..","..","..","..","..","..","..","..","..","0.03","..","..","..","..","..","..","0.29","0.06","0.21","0.03","0.07","0.09","0.11","0.13","0.02","0.01","0.01","..","..","0.03","0.02","0.06","..","..","0.01","..","..","0.04","0.02","..","..","..","..","..","..","..","..","..","..",".."
"Eritrea","","..","..","..","..","..","..","..","..","..","..","..","..","..","..","..","..","..","..","..","..","..","..","..","..","..","..","..","..","..","..","..","..","..","0.03","5.6","4.35","11.89","5.87","5.31","7.93","15.8","11.92","12.59","8.27","12.5","5.83","3.27","4.43","3.88","3.65","2.84","0.12","..",".."
"Ethiopia","","..","..","..","..","..","..","..","..","..","..","0.22","0.33","0.52","0.68","3.58","2.69","5.67","10.59","4.54","5.5","3.82","4.21","3.17","2.52","9.22","8.02","8.37","6.84","22.56","10.68","24.92","26.03","28.48","34.36","32.51","39.52","60.16","35.44","36.84","31.22","25.72","44.18","34.79","57.23","57.52","58.66","49.76","50.76","113.63","85.9","54.25","67.9","79.34","76.65"
"Falkland Islands","","..","..","..","..","..","..","..","..","..","..","..","..","..","..","..","..","..","..","..","..","..","..","..","..","..","..","..","..","..","..","..","..","..","0.35","..","..","..","..","..","..","..","..","..","..","..","..","..","..","..","..","..","..","..",".."
"Fiji","","..","..","..","..","..","..","..","..","..","..","..","0.02","0.12","0.13","0.16","0.3","0.35","0.23","0.28","0.55","0.49","0.72","0.67","0.3","1.17","0.45","0.36","0.55","0.44","0.46","0.89","0.18","..","0.17","0.17","0.16","0.16","0.16","0.06","-0.06","-0.04","0.05","-0.04","0.18","-0.08","-0.09","-0.07","-0.08","-0.09","-0.49","..","..","..",".."
"Former Yugoslav Republic of Macedonia (FYROM)","","..","..","..","..","..","..","..","..","..","..","..","..","..","..","..","..","..","..","..","..","..","..","..","..","..","..","..","..","..","..","..","..","..","..","10.79","6.79","0.51","7.52","7.69","12.4","20.91","43.87","17.61","31.5","28.48","29.7","11.37","8.98","20.17","18.26","2.32","1.56","0.04",".."
"French Polynesia","","..","..","..","..","..","..","..","..","..","..","..","..","..","..","..","..","..","..","..","..","..","..","..","..","..","..","..","..","..","..","..","..","..","..","..","..","..","..","..","..","..","..","..","..","..","..","..","..","..","..","..","..","..",".."
"Gabon","","..","..","..","..","..","..","..","..","..","..","..","0.01","..","0.01","..","0.01","0.1","0.44","0.06","1.16","0.4","0.16","0.11","0.04","-0.01","..","1.36","0.07","0.24","0.35","0.31","..","..","..","..","0.01","0.05","0.1","..","..","0.03","0.78","0.27","0.2","0.75","0.03","..","..","..","..","..","..","..",".."
"Gambia","","..","..","..","..","..","..","..","..","..","..","0.01","..","..","..","0.07","0.07","0.1","0.12","0.47","2.11","0.61","1.31","0.96","0.69","2.37","2.98","5.98","1.94","5.14","3.68","4.69","2.65","2.05","1.19","2.85","1.73","2.06","2.17","0.46","0.05","0.15","0.67","0.32","0.38","0.46","0.29","0.08","10.07","3.89","0.71","..","..","..",".."
"Georgia","","..","..","..","..","..","..","..","..","..","..","..","..","..","..","..","..","..","..","..","..","..","..","..","..","..","..","..","..","..","..","..","..","0.3","1.54","1.83","9.42","9","5.29","10.96","5.21","2.22","3.3","8.89","5.03","7.53","11.99","11.06","7.85","8.89","5.11","3.19","0.68","2.02","2"
"Ghana","","..","..","..","..","..","..","..","4.64","..","..","0.44","0.3","0.78","0.98","0.47","0.96","1.88","6.98","3.27","6.39","4.82","2.32","1.92","5.37","4.22","2.7","9.44","13.31","20.74","20.73","24.81","15.07","41.46","17.75","21.82","29.49","22.72","17.34","21.75","11.8","27.55","114.21","59.58","65.81","152.58","70.49","96.96","142.23","120.22","98.33","72.87","63.14","40.72","21.51"
"Gibraltar","","..","..","..","..","..","..","..","..","..","..","..","..","..","..","..","..","..","..","..","..","..","..","..","..","..","..","..","..","..","..","..","..","..","..","..","..","..","..","..","..","..","..","..","..","..","..","..","..","..","..","..","..","..",".."
"Grenada","","..","..","..","..","..","..","..","..","..","..","..","..","..","..","..","..","..","..","..","..","..","..","..","..","0.01","0.05","0.08","0.11","0.12","0.11","0.23","0.33","0.33","0.3","0.26","0.47","0.25","0.17","0.14","..","..","0.08","0.05","..","0.32","..","..","..","..","..","..","..","..",".."
"Guatemala","","..","..","..","..","..","..","..","..","..","..","..","0.04","0.05","0.05","0.08","0.18","1.75","1.74","0.74","1.22","1.65","1.54","1.37","0.87","1.15","1.94","1.96","2.58","6.74","7.33","11.09","7.31","8.63","11.89","6.56","13.45","12.26","16.51","21.35","13.14","10.55","21.15","20.64","16.98","20.92","26.42","20","25.22","27.42","28.35","20.94","18.57","6.37","2.92"
"Guinea","","..","..","..","..","..","..","..","..","..","..","..","0.01","0.01","..","..","0.03","0.07","2.77","0.82","1.47","0.29","0.07","0.22","0.07","0.11","1.22","0.36","0.42","0.56","0.59","1.18","0.01","0.35","2.84","2.23","0.21","0.25","0.22","0.09","..","0.02","2.28","3.99","4.2","3.23","0.95","0.05","..","..","..","..","0.09","..",".."
"Guinea-Bissau","","..","..","..","..","..","..","..","..","..","..","..","..","..","..","..","0.59","1","3.85","6.72","8.24","14.09","12.56","8.43","7.22","9.55","4.31","7.52","9.61","8.67","8.27","6.31","3.66","8.19","4.41","4.22","10.84","6.72","7.97","7.13","2.15","11.09","8","3.6","5.11","3.29","2.62","..","..","..","..","..","..","..",".."
"Guyana","","..","..","..","..","..","..","..","..","..","..","..","..","..","..","..","0.01","0.06","0.08","0.2","1.64","1.84","2.89","1.79","0.78","1","0.1","0.04","0.15","..","..","1.03","-2.34","0.02","..","..","0.01","0.32","0.02","0.04","2.29","1.3","0.81","0.74","0.01","4.85","0.01","..","..","..","..","..","..","..",".."
"Haiti","","..","..","..","..","..","..","..","..","..","..","..","..","0.03","0.1","0.29","0.61","0.46","0.91","1.23","1.47","1.93","1.56","1.59","1.45","1.64","1.64","1.1","0.64","1.36","1.42","1.42","1.61","2.02","0.94","4.92","3.7","3.88","4.13","5.96","3.21","3.98","4.81","4.17","4.5","7.12","3.32","0.2","..","4.64","0.22","19.15","13.87","16.71","6.79"
"Honduras","","..","..","..","..","..","..","..","..","..","..","..","..","0.02","0.08","0.45","0.06","0.73","0.23","0.89","1.69","6.94","2.29","1.68","2.97","5.64","3.6","1.87","3.45","5.7","6.97","19.82","1.11","6.87","6.99","7.79","20.68","10.58","14.33","17.42","14.44","8.72","10.11","8.85","6.45","16.11","16.32","1.07","0.41","1.15","0.75","0.29","0.09","0.03",".."
"Hong Kong, China","","..","..","..","..","..","..","..","..","..","..","..","..","..","..","0.01","0.01","..","..","..","0.03","..","0.04","0.18","0.13","0.04","0.01","0.11","0.18","0.14","0.1","0.18","0.13","0.89","0.1","0.05","0.09","0.06","..","..","..","..","..","..","..","..","..","..","..","..","..","..","..","..",".."
"India","","..","..","..","..","2.9","13.89","..","6.75","7.81","8.7","15.62","11.44","12.74","24.67","32.5","55.31","58.32","71.34","79.03","90.59","144.77","151.21","61.06","70.25","60.79","60.09","101.12","104","115.19","92.36","148.48","122.56","94.18","42.49","48.56","81.8","58.49","32.82","27.02","-4.88","-8.88","73.48","59.37","43.09","-315.79","72.81","13.05","6.85","4.94","7.21","2.48","0.97","2.41","1.83"
"Indonesia","","21.9","25.9","37","..","..","..","..","18.7","25.73","15.88","46.99","44.84","53.38","67.57","54.09","44.2","39.68","44.27","43.08","75.8","85.41","68.03","105.25","61.84","78.03","56.62","90.47","140.28","156.21","161.5","190.13","139.44","7.96","-42.58","-48.98","-54.5","-62.51","-48.78","-44.55","71.93","143.96","119.65","127.27","76.89","-0.52","175.99","75.62","42.43","75.49","81.09","34.36","24.58","-2.42","-9.13"
"Iran","","..","..","..","..","..","..","..","..","..","..","0.11","0.18","0.28","0.27","0.19","0.17","0.15","0.33","0.07","0.04","0.01","..","..","..","0.16","..","..","..","0.24","..","1.1","3.89","15.29","6.79","3.28","4.21","0.1","7.79","2.71","0.01","0.07","3.78","3.82","7.7","11.13","6.75","1.02","2.24","4.51","4.48","3.43","..","0.07","1.77"
"Iraq","","..","..","..","..","..","..","..","..","..","..","..","0.03","0.2","0.22","0.32","0.28","0.25","0.2","0.2","0.08","0.06","0.09","0.03","0.01","0.02","0.06","0.07","0.08","..","..","..","12.97","18.69","22.51","19.59","34.87","19.29","42.83","14.29","2.4","3.62","16.88","15.84","73.27","140.8","120.5","3.19","5.94","81.81","7.27","4.31","3.39","0.22","0.4"
"Israel","","..","..","..","..","..","..","..","..","..","..","..","0.23","0.1","0.42","0.31","0.04","0.08","0.09","0.42","0.38","1.17","1.38","0.81","0.73","1.24","0.22","3.84","5.66","5.03","5.42","6.95","6.58","11.11","5.93","15.89","7.8","6.62","..","..","..","..","..","..","..","..","..","..","..","..","..","..","..","..",".."
"Jamaica","","..","..","..","..","..","..","..","..","..","..","0.02","0.26","0.25","0.26","0.38","0.51","0.93","5","21.95","28.04","34.35","6.86","8.35","7.91","7.12","2.66","3.36","6.42","4.68","10.66","25.45","-0.16","4.62","7.98","7.66","11.64","5.56","1.19","-0.53","-2.79","3.16","1.84","1.64","-2.28","7.72","-3.98","-2.98","-5.25","-5.25","-4.25","-2.94","-0.66","-2.99","-1.35"
"Jordan","","..","..","..","..","..","..","..","..","..","..","0.16","0.05","0.13","0.09","0.12","0.36","0.14","0.28","1.88","0.14","0.66","0.9","0.4","0.26","0.77","0.14","0.37","0.1","0.1","0.05","5.47","2.28","0.1","0.12","0.09","3.92","6.26","8.16","1.56","0.77","1.12","0.67","0.31","0.38","0.59","0.78","0.26","0.14","0.25","0.6","1.03","1.2","2.56","4.09"
"Kazakstan","","..","..","..","..","..","..","..","..","..","..","..","..","..","..","..","..","..","..","..","..","..","..","..","..","..","..","..","..","..","..","..","..","1","0.08","0.04","0.11","0.2","0.38","1.28","0.12","0.29","2.15","2.01","2.51","3.32","2.36","0.25","0.37","0.03","0.63","0.43","0.26","0.44","0.54"
"Kenya","","..","..","..","..","..","0.14","..","1.46","0.07","0.21","1.81","3.49","5.65","9.72","9.41","10.71","14.55","13.94","24.32","27.69","47.46","37.66","54.83","30.19","25.17","19.63","44.36","56.53","56.65","49.02","67.01","26.39","54.24","48.05","41.97","36.35","39.88","31.72","29.16","10.39","14.24","23.1","12.66","7.69","24.38","28.28","26.28","11.04","15.93","25.38","17.55","34.82","27.49","32.26"
"Kiribati","","..","..","..","..","..","..","..","..","..","..","..","..","..","..","..","..","..","..","..","..","..","..","..","..","..","..","..","..","..","..","..","..","0.01","0.01","0.01","0.09","0.15","0.11","..","..","0.01","..","0.02","..","..","..","..","..","..","..","..","..","..",".."
"Korea","","..","..","..","..","..","..","..","..","..","..","0.99","0.09","0.32","0.26","0.54","0.64","1.12","2.19","2.32","1.4","1.28","0.91","0.58","0.53","0.97","0.51","0.56","0.83","..","..","..","..","..","..","..","0.32","0.15","0.23","0.09","..","..","..","..","..","..","..","..","..","..","..","..","..","..",".."
"Korea, Dem. Rep.","","..","..","..","..","..","..","..","..","..","..","..","..","..","..","..","..","..","..","..","..","..","..","..","..","..","..","..","..","0.5","0.49","0.62","0.41","0.69","0.16","0.26","0.12","0.54","1.06","0.24","0.26","0.22","0.09","0.6","0.83","0.52","0.65","0.63","0.7","1.01","1.23","0.13","0.1","0.1",".."
"Kosovo","","..","..","..","..","..","..","..","..","..","..","..","..","..","..","..","..","..","..","..","..","..","..","..","..","..","..","..","..","..","..","..","..","..","..","..","..","..","..","..","..","..","..","..","..","..","..","..","..","..","0.45","3.63","1.58","4.55","2.29"
"Kuwait","","..","..","..","..","..","..","..","..","..","..","..","..","..","..","..","..","..","..","..","0.07","..","..","..","..","..","..","..","..","..","..","..","..","..","..","..","..","..","..","..","..","..","..","..","..","..","..","..","..","..","..","..","..","..",".."
"Kyrgyz Republic","","..","..","..","..","..","..","..","..","..","..","..","..","..","..","..","..","..","..","..","..","..","..","..","..","..","..","..","..","..","..","..","..","1.1","4.91","0.1","3.59","8.73","0.65","2.89","1.99","1.94","1.79","1.66","4.76","3.07","3.12","0.12","0.38","0.06","0.07","0.55","0.04","0.01",".."
"Laos","","..","..","..","..","..","..","..","..","..","..","..","..","..","0.01","0.01","0.02","4.08","3.61","6.86","6.07","2.56","2.83","6.28","2.46","2.5","0.3","1.42","0.39","0.11","0.01","0.08","0.01","2.27","0.43","1.86","2.31","3.16","4.19","2.53","0.54","1.99","2.71","1.97","0.87","2.42","2.86","0.08","0.06","..","..","0.07","..","..",".."
"Lebanon","","..","..","..","..","..","..","..","..","..","..","..","0.09","0.22","0.24","0.46","0.6","1.66","2.88","2.31","0.35","0.27","0.25","2.11","1.56","1.23","0.78","0.5","0.84","1.12","1.32","0.95","0.36","0.58","0.52","0.43","1.09","0.99","0.64","3.49","0.19","0.61","0.52","0.36","0.61","0.23","0.19","13.36","0.55","2.46","0.67","1.03","0.94","0.64","1.89"
"Lesotho","","..","..","..","..","..","..","..","..","..","..","0.04","0.24","0.22","0.45","0.41","0.44","0.86","0.83","1.18","2.16","3.92","3.74","2.02","2.37","1.67","0.8","0.98","1.7","0.74","0.49","1.33","1.75","1.32","0.58","0.76","1.78","0.5","0.37","0.52","..","0.28","0.74","0.69","0.08","0.14","0.1","0.09","..","..","..","..","..","..",".."
"Liberia","","..","..","..","..","..","..","..","..","..","..","0.02","0.07","0.13","-0.14","0.61","0.23","0.55","1.87","0.95","1.01","0.9","1.84","1.08","0.9","0.56","0.52","0.32","0.48","1.04","1.19","5.73","2.21","1.59","2.42","6.08","5.52","6.61","8.26","6.42","3.16","2","2.25","2.88","8.98","8.62","7.2","6.53","2.85","19.99","..","40.01","1.39","..",".."
"Libya","","..","..","..","..","..","..","..","..","..","..","..","..","0.02","0.03","0.05","0.02","..","0.02","0.03","..","..","..","0.07","..","..","..","..","..","..","..","..","..","..","..","..","0.01","0","0.03","..","..","..","..","..","..","..","0.2","..","..","..","..","0.06","4.09","0.15","0.64"
"Macao","","..","..","..","..","..","..","..","..","..","..","..","..","..","..","..","..","..","..","..","..","..","..","..","..","..","..","..","..","..","..","..","..","..","..","..","..","..","..","..","..","..","..","..","..","..","..","..","..","..","..","..","..","..",".."
"Madagascar","","..","..","..","..","..","..","..","..","..","..","0.01","0.13","0.14","0.23","0.38","0.8","0.31","0.47","0.24","0.36","0.79","0.56","1.06","0.78","0.29","0.17","1.95","0.53","0.49","0.46","0.91","0.44","0.78","0.97","0.8","1.9","4.01","2.85","3.64","1.35","1.26","1.5","0.44","0.63","0.85","0.98","0.16","11.88","4.19","0.33","..","..","..",".."
"Malawi","","..","..","..","..","..","..","..","..","..","..","0.11","0.24","0.44","0.87","1.19","1.23","3.28","2.77","2.2","4.52","7.02","2.54","2.48","2.3","1.27","2.6","5.62","10.84","10.82","8.36","9.86","6.11","10.31","2.43","3.7","8.7","10.15","12.37","4.59","6.95","1.6","13.07","16.86","7.33","15.76","19.41","10.44","6.8","0.13","0.86","0.02","0.03","0.03","0.01"
"Malaysia","","..","..","..","..","..","..","..","..","..","..","0.04","0.11","0.72","0.18","0.58","0.89","0.61","0.55","0.64","0.83","0.58","0.42","0.77","0.42","0.66","0.76","1.25","0.6","1.92","1.87","2.36","1.57","1.07","0.8","1.15","2.17","2.32","1.96","1.46","0.16","0.34","0.62","0.91","0.12","0.21","0.33","0.17","..","..","0.05","0.19","0.01","..",".."
"Maldives","","..","..","..","..","..","..","..","..","..","..","..","..","..","..","..","..","..","..","..","..","0.01","..","0.03","0.07","..","..","..","0.01","..","..","..","0.03","..","..","..","0.03","0.02","..","..","..","0.77","0.51","0.01","..","..","..","..","4.97","5.9","..","..","..","..",".."
"Mali","","..","..","..","..","..","..","..","..","..","..","0.01","..","0.03","0.11","0.24","0.21","2.3","5.9","8.35","5.37","12.54","6.35","3.59","7.96","15.57","15.45","19.97","22.4","23.23","29.2","35.45","28.2","30.8","24.18","20.86","33.42","42.82","33.49","36.07","26.22","42.52","41.47","38.17","42.62","64.14","65.83","66.12","64.87","79.58","77.33","56.69","59.44","46.07","60.26"
"Malta","","..","..","..","..","..","..","..","..","..","..","..","0.02","0.04","0.01","0.24","0.04","0.4","0.58","0.13","0.37","0.02","-0.03","0.02","0.01","-0.01","0.02","-0.02","-0.03","-0.03","-0.04","-0.03","..","0.08","..","..","..","0.02","..","..","..","..","..","..","..","..","..","..","..","..","..","..","..","..",".."
"Marshall Islands","","..","..","..","..","..","..","..","..","..","..","..","..","..","..","..","..","..","..","..","..","..","..","..","..","..","..","..","..","..","..","..","..","..","..","..","..","..","..","..","..","..","..","..","..","..","..","..","..","..","..","..","..","..",".."
"Mauritania","","..","..","..","..","..","..","..","..","..","..","..","..","0.05","0.05","..","0.02","0.09","0.04","1.85","0.56","4.69","4.51","0.95","2.81","2.66","2.5","3.87","7.19","5.83","3.89","11.95","-1.07","4.49","0.47","0.3","0.21","0.18","1.01","0.86","0.25","4.61","3.51","27.58","0.56","0.75","0.6","0.4","0.08","0.21","..","..","..","..",".."
"Mauritius","","..","..","..","..","..","..","..","..","..","..","..","0.01","0.02","0.06","0.07","0.07","0.21","0.02","0.04","0.16","0.13","..","0.16","0.17","0.04","0.04","0.04","0.05","0.05","0.05","0.06","0.02","..","0.02","0.02","0.02","0.15","0.1","0.13","..","0.03","0.14","0.05","0.01","0.01","0.01","..","..","..","..","..","..","..",".."
"Mayotte","","..","..","..","..","..","..","..","..","..","..","..","..","..","..","..","..","..","..","..","..","..","..","..","..","..","..","..","..","..","..","..","..","..","..","..","..","..","..","..","..","..","..","..","..","..","..","..","..","..","..","..","..","..",".."
"Mekong Delta Project","","..","..","..","..","..","..","..","..","..","1.82","..","..","..","0.23","3.76","6.96","0.26","0.34","0.86","0.5","..","..","..","..","..","..","..","..","..","..","..","..","..","..","..","..","..","..","..","..","..","..","..","..","..","..","..","..","..","..","..","..","..",".."
"Mexico","","..","..","..","..","..","..","..","..","..","..","0.01","0.08","0.31","0.37","0.26","0.49","0.61","0.72","0.68","1.15","1.74","9.38","2.63","1.85","2.66","1.85","4.88","3.63","3.44","3.02","5.16","4.02","4.45","4.63","3.91","4.33","4.01","3.94","3.15","-0.29","-2.02","2.71","3.28","-0.01","0.2","0.19","-0.15","-0.32","-0.34","-0.32","-0.27","0.11","0.17","0.15"
"Micronesia","","..","..","..","..","..","..","..","..","..","..","..","..","..","..","..","..","..","..","..","..","..","..","..","..","..","..","..","..","..","..","..","..","..","..","..","..","0.08","0.06","..","..","..","..","..","..","..","..","..","..","..","..","..","..","..",".."
"Moldova","","..","..","..","..","..","..","..","..","..","..","..","..","..","..","..","..","..","..","..","..","..","..","..","..","..","..","..","..","..","..","..","..","..","..","..","..","..","2.19","8.7","1.74","13.47","15.15","3.47","4.91","5.6","8.3","7","7.95","6.93","2.09","5.62","4","0.89","0.25"
"Mongolia","","..","..","..","..","..","..","..","..","..","..","..","..","..","..","..","..","..","..","..","..","..","..","..","..","..","..","..","..","..","..","..","2.16","1.78","4.32","1.25","3.85","1.17","1.82","1.77","2.83","3.82","2.51","2.55","5.42","9.51","7.49","8.02","11.14","6.55","9.62","8.84","6.26","2.85","0.37"
"Montenegro","","..","..","..","..","..","..","..","..","..","..","..","..","..","..","..","..","..","..","..","..","..","..","..","..","..","..","..","..","..","..","..","..","..","..","..","..","..","..","..","..","..","..","..","..","..","..","..","1.03","0.09","0.19","1.11","1.62","..",".."
"Montserrat","","..","..","..","..","..","..","..","..","..","..","..","..","..","..","..","..","0.63","..","..","..","..","..","..","..","..","..","..","..","..","..","..","..","..","..","..","..","..","..","..","..","..","..","..","..","..","..","..","..","..","..","..","..","..",".."
"Morocco","","..","..","..","..","..","..","..","..","..","..","..","0.04","0.11","0.15","0.53","0.79","0.89","0.33","0.52","0.45","0.8","0.55","0.15","0.22","1.64","0.88","0.09","0.64","1.2","0.66","0.54","0.08","-0.09","-0.17","-0.03","0.03","0.18","0.66","1.84","2.55","-0.09","0.99","1.15","1.8","6.5","1.56","0.39","-0.3","0.64","1.72","1.14","1.61","1.73","1.99"
"Mozambique","","..","..","..","..","..","..","..","..","..","..","..","..","..","..","0.19","0.49","1.15","3.37","6.61","10.03","18.33","18.28","29.53","16.84","29.15","24.83","36.06","50.64","49.36","35.27","40.76","23.71","54.18","42.5","41.7","54.45","45.66","42.68","48.46","43.9","61.64","86.6","51.97","47.27","54.7","64.46","59.66","80.66","105.7","99.31","81.84","73","53.71","62.3"
"Myanmar (Burma)","","..","..","..","..","..","..","..","..","..","..","..","..","..","0.02","0.05","0.09","0.09","0.12","13.3","0.75","1.9","3.58","1.4","2.25","0.43","1.16","2.39","1.61","1.13","0.02","0.77","..","..","..","0.82","1.97","1.83","1.23","1.87","1.23","1.56","2.2","4.17","0.64","2.78","0.71","0.66","2.42","15.82","5.77","2.74","2.95","1.61","4.21"
"Namibia","","..","..","..","..","..","..","..","..","..","..","..","..","..","..","..","..","..","..","..","..","..","..","..","..","..","0.12","0.22","0.55","1.27","2.15","0.97","1.4","2.62","10.31","6.71","7.17","5.01","8.09","9.74","7.48","3.15","4.96","4.78","2.94","4.15","3.24","0.94","1.01","0.3","1.93","1.56","1.81","0.65","1.1"
"Nauru","","..","..","..","..","..","..","..","..","..","..","..","..","..","..","..","..","..","..","..","..","..","..","..","..","..","..","..","..","..","..","..","..","..","..","..","..","..","..","..","..","..","..","..","..","..","..","..","..","..","..","..","..","..",".."
"Nepal","","..","..","..","..","..","..","..","..","..","..","0.14","0.2","0.35","0.17","0.09","0.23","0.25","1.91","0.83","4.25","1.49","1.54","5.45","4.08","1.61","2.45","3.31","4.38","5.07","4.6","5.92","4.99","4.94","7.15","8.31","8.5","11.35","10.85","11.48","6.1","5.74","13.42","7.29","9.9","14.1","12.04","4.2","3.3","2.44","3.06","..","0.3","0.14","0.15"
"Netherlands Antilles","","0.1","0.53","0.58","2.6","12.8","5.55","..","12.44","18.09","17.56","24.27","20.88","30.54","19.26","25.01","21.78","44.55","39.27","44.36","53.85","86.76","68.9","61.61","63.03","55.86","62.21","56.3","61.85","50.96","56.96","52.93","78.34","88.84","77.66","30.21","93.97","116.64","108.94","125.72","126.22","..","..","..","..","..","..","..","..","..","..","..","..","..",".."
"New Caledonia","","..","..","..","..","..","..","..","..","..","..","..","..","..","..","..","..","..","..","..","..","..","..","..","..","..","..","..","..","..","..","..","..","..","..","..","..","..","..","..","..","..","..","..","..","..","..","..","..","..","..","..","..","..",".."
"Nicaragua","","..","..","..","..","..","..","..","..","..","..","0.12","0.03","0.04","0.01","0.09","0.09","0.08","0.04","0.4","6.4","14.61","15.83","23.88","17.64","21.24","15.65","19.19","19.8","25.66","23.35","29.92","0.53","26.28","26.72","26.57","48.86","38.07","23.63","26.02","19.38","15.64","18.53","26.01","22.26","40.84","33.89","34.61","36.96","36.96","30.95","26.37","20.61","10.13","5.93"
"Niger","","..","..","..","..","..","..","..","..","..","..","0.07","0.06","0.04","0.06","0.79","0.58","0.67","1.11","2.58","4","3.28","1.98","3.04","1.53","5.68","3.7","7.47","7.94","12.78","13.28","13.88","5.6","10.78","17.85","6.98","6.55","9.26","6.38","7.79","3.63","1.6","4.2","1.84","3.67","5.51","7.55","..","0.12","0.14","0.13","2.77","0.13","9",".."
"Nigeria","","..","..","..","..","..","0.79","..","3.01","1.13","2.82","2.21","3.22","10.75","8.49","7.09","5.3","5.13","4.26","2.71","2.52","3.35","0.95","0.97","-0.03","0.6","0.55","2.32","3.49","3.74","2.22","3.68","15.84","3.73","0.93","1.94","2.65","1.83","1.11","1.45","0.2","0.26","2.8","2.77","6.99","3.84","201.96","228.75","344.03","1.65","4.54","9.11","21.49","2.78","2.7"
"Niue","","..","..","..","..","..","..","..","..","..","..","..","..","..","..","..","..","..","..","..","0.01","..","..","..","..","..","..","..","..","..","..","..","..","..","..","..","..","..","..","..","..","..","..","..","..","..","..","..","..","..","..","..","..","..",".."
"Northern Marianas","","..","..","..","..","..","..","..","..","..","..","..","..","..","..","..","..","..","..","..","..","..","..","0.07","0.06","0.26","0.17","0.24","0.29","1.04","1.05","1.29","0.49","0.52","..","..","..","..","..","..","..","..","..","..","..","..","..","..","..","..","..","..","..","..",".."
"Oman","","..","..","..","..","..","..","..","..","..","..","..","..","0.03","..","..","..","..","..","..","..","0.03","..","..","..","..","..","..","..","..","..","..","..","..","..","..","..","..","..","..","..","..","0.03","0.01","..","..","..","..","..","0.13","0.33","0.37","..","..",".."
"Pakistan","","..","..","..","..","..","1.38","..","3.68","3.47","1.8","4.23","1.85","1.61","4.57","14.86","11.07","19.59","28.71","36.85","23.58","31.24","20.91","34.69","9","10.19","14.08","23.03","27.94","27.18","26.61","26.83","29.6","36.32","21.13","19.33","26.38","15.85","17.24","16.8","23.21","19.06","17.95","12.2","6.87","7.85","43.13","20.77","36.19","31.14","38.94","53.72","30.69","29.52","28.65"
"Palau","","..","..","..","..","..","..","..","..","..","..","..","..","..","..","..","..","..","..","..","..","..","..","..","..","..","..","..","..","..","..","..","..","..","..","..","..","..","..","..","..","..","..","..","..","..","..","..","..","..","..","..","..","..",".."
"Panama","","..","..","..","..","..","..","..","..","..","..","..","0.02","..","0.1","0.03","0.09","0.04","0.1","0.22","0.45","0.27","0.54","0.74","0.56","0.41","0.38","0.42","0.45","0.53","0.51","-14.82","0.25","0.47","0.4","0.56","0.72","0.53","0.42","0.2","..","0.17","0.64","0.53","0.17","0.31","0.14","0.07","0.11","..","..","..","0.13","0.24","0.17"
"Papua New Guinea","","..","..","..","..","..","..","..","..","..","..","..","..","..","..","..","0.15","0.26","0.2","0.14","0.21","0.31","0.61","0.37","0.19","0.15","0.38","0.3","0.11","0.47","0.4","0.47","0.54","0.59","0.94","0.82","1.51","1.35","1.45","1.27","0.41","1.22","1.19","1.27","0.98","0.83","2.54","0.28","..","..","..","0.02","..","..",".."
"Paraguay","","..","..","..","..","..","..","..","..","..","..","..","0.04","0.07","0.08","0.05","0.07","0.36","0.22","0.32","0.47","1.19","0.58","0.8","0.92","0.23","0.28","0.37","0.37","0.82","0.79","1.09","0.69","0.83","0.64","0.78","0.82","0.84","0.81","0.1","..","..","1.14","1.38","1.43","1.87","1.92","0.01","0.05","..","..","..","..","..",".."
"Peru","","..","..","..","..","..","..","..","0.4","0.59","..","0.72","1.6","2.35","4.3","9.3","10.21","5.58","7.27","12.82","29.12","34.3","18.49","18.43","21.07","29.36","15.17","18.24","31.46","22.47","23.47","29.97","10.97","35.7","27.64","25.81","29.01","31.45","29.78","36.54","12.44","9.2","24.52","12.86","15.68","18.1","13.49","-0.32","-0.09","-1.37","0.28","0.32","0.99","-0.34","-0.58"
"Philippines","","..","..","..","..","..","..","..","..","..","..","0.49","0.65","0.8","0.51","1.46","1.95","2.76","3.62","3.55","3.76","5.34","6.47","5.19","4.31","4.3","6.75","13.91","21.53","26.92","26.72","22","16.29","17.1","15.61","17.92","18.94","22.81","22.36","19.75","9.56","9.95","20.6","25.87","16.28","16.9","22.33","16.59","4.78","1.23","2.24","0.37","0.27","0.11","7.98"
"Qatar","","..","..","..","..","..","..","..","..","..","..","..","..","..","..","..","..","..","..","..","..","..","..","..","..","..","..","..","..","..","..","..","..","..","..","..","..","..","..","..","..","..","..","..","..","..","..","..","..","..","..","..","..","..",".."
"Rwanda","","..","..","..","..","..","..","..","..","..","..","0.27","1.02","0.68","0.44","0.79","0.54","0.96","1.6","1.98","3.83","4.61","3.22","4.27","5.48","4.17","3.04","6.01","6.6","7.23","5.57","10.71","3.86","6.88","7.18","32.22","46.67","41.11","29.21","29.01","20.34","20.42","19.16","19.61","23.05","25.5","28.41","24.65","27.84","38.77","54.22","39.43","47.46","37.03","49.58"
"Samoa","","..","..","..","..","..","..","..","..","..","..","..","0.06","0.09","0.14","0.1","0.18","0.12","0.38","0.31","0.27","0.76","0.71","0.45","0.17","0.26","0.3","0.02","0.06","0.01","0.02","0.19","..","0.18","0.02","0.03","0.37","0.2","0.08","0.2","..","..","0.02","..","..","..","..","..","..","..","..","..","..","..",".."
"Sao Tome & Principe","","..","..","..","..","..","..","..","..","..","..","..","..","..","..","..","..","0.23","1.02","0.32","0.36","0.6","0.49","0.41","0.58","0.05","..","..","0.07","0.11","0.09","0.12","0.02","0.01","..","..","0.1","0.22","0.16","0.06","0.03","..","0.06","0.02","..","..","..","..","..","..","..","..","..","..",".."
"Saudi Arabia","","..","..","..","..","..","..","..","..","..","..","..","..","..","..","..","..","..","0.02","0.07","0.07","0.02","..","0.04","0.01","..","..","..","..","..","..","..","..","..","..","..","..","..","..","..","..","0.41","0.03","0.01","..","0.07","0.05","..","..","..","..","..","..","..",".."
"Senegal","","..","..","..","..","..","..","..","..","..","..","0.09","0.09","0.19","0.34","0.51","0.45","1.64","0.81","2.89","2.26","4.96","5.58","3.36","4.94","3.97","3.62","14.78","16","18.51","10.41","24.15","6.19","9.25","9.62","6.96","15.01","9.72","11.99","14.1","5.8","5.9","11.96","10.42","12.79","16.89","20.45","19.5","22.38","37.9","45.69","29.98","26.88","15.05","6.42"
"Serbia","","..","..","..","..","..","..","..","..","..","..","..","..","..","..","..","..","..","..","..","..","..","..","..","..","..","..","..","..","..","..","..","..","..","..","..","..","..","4.28","6.4","63.12","71.45","51.63","61.91","25.53","22.84","10.75","21.3","3.11","6.06","2.62","3.78","1.32","0.03",".."
"Seychelles","","..","..","..","..","..","..","..","..","..","..","..","..","..","..","..","..","..","..","0.01","0.13","0.12","0.05","0.01","0.01","0.06","0.12","0.07","0.08","0.13","0.16","0.32","0.03","0.02","..","0.27","0.03","0.25","0.01","0.73","0.11","0.25","0.28","0.08","..","..","..","..","..","..","..","..","..","..",".."
"Sierra Leone","","..","..","..","..","..","..","..","..","..","..","0.1","0.01","0.02","0.05","0.03","0.2","0.46","0.42","2.81","10.94","4.16","1.73","1.37","1.54","0.54","1.43","2.09","1.16","1.65","1.1","1.16","0.74","1.22","1.19","1.84","4.24","4.85","1.44","2.34","3.25","2.69","38.13","20.58","20.62","9.54","7.2","5.83","47.14","0.02","1.45","1.1","0.21","0.13",".."
"Singapore","","..","..","..","..","..","..","..","..","..","..","..","0.03","0.08","0.12","0.09","0.15","0.43","0.36","0.22","0.4","0.12","0.1","0.14","0.06","0.03","0.03","0.04","0.02","..","..","..","..","..","..","..","..","..","..","..","..","..","..","..","..","..","..","..","..","..","..","..","..","..",".."
"Slovenia","","..","..","..","..","..","..","..","..","..","..","..","..","..","..","..","..","..","..","..","..","..","..","..","..","..","..","..","..","..","..","..","..","..","..","0.02","..","0.18","0.15","0.01","..","..","0.82","0.01","..","..","..","..","..","..","..","..","..","..",".."
"Solomon Islands","","..","..","..","..","..","..","..","..","..","..","..","..","..","..","..","..","..","..","..","0.02","0.02","0.05","0.08","..","0.02","0.09","0.11","0.17","0.25","0.18","0.28","0.26","0.14","0.18","0.13","0.14","0.01","0.2","0.13","0.04","..","0.07","0.01","..","..","4.91","..","..","..","..","..","..","..",".."
"Somalia","","..","..","..","..","..","..","..","..","..","..","..","..","0.01","0.04","0.04","1.05","0.57","3.21","1.39","2.75","3.15","4.34","2.12","2.85","2.91","2.58","1.67","0.32","0.13","0.27","0.23","2.43","51.01","20.94","8.58","10.43","5.05","6.1","6.62","6.87","6.19","13.14","13.12","10.29","18.94","14.24","14.05","12.37","18.73","14.81","9.32","27.89","17.55","6.37"
"South Africa","","..","..","..","..","..","..","..","..","..","..","..","..","..","..","..","..","..","..","..","..","..","..","..","..","..","..","..","..","..","..","..","..","..","20.08","12.62","44.48","37.59","35.94","42.01","26.58","24.18","34.84","45.57","29.54","55.65","55.49","53.23","44.87","36.26","48.85","36.05","32.54","21.91","10.27"
"South Sudan","","..","..","..","..","..","..","..","..","..","..","..","..","..","..","..","..","..","..","..","..","..","..","..","..","..","..","..","..","..","..","..","..","..","..","..","..","..","..","..","..","..","..","..","..","..","..","..","..","..","..","..","24.4","45.17","55.21"
"Sri Lanka","","..","..","..","..","..","..","..","..","..","..","0.11","..","0.26","0.38","0.53","4.09","6.18","11.99","32.06","21.19","22.72","49.49","21.54","25.41","20.65","14.45","17.22","23.52","28.35","18.01","22.31","15.2","10.42","9.28","14.69","14.07","13.12","14","13.24","3.1","6.88","15.8","18.6","21.51","13.91","56.16","14.95","14.57","19.76","2.69","3.62","1.32","0.46","0.07"
"St. Helena","","..","..","..","..","..","..","..","..","..","..","..","..","..","..","..","..","..","..","..","..","..","..","..","..","..","..","..","..","..","..","..","..","..","..","..","..","3.07","..","..","..","..","..","..","..","..","..","..","..","..","..","..","..","..",".."
"St. Kitts-Nevis","","..","..","..","..","..","..","..","..","..","..","..","..","..","..","..","..","..","..","..","..","..","..","..","..","..","..","..","..","..","..","..","..","..","..","2.24","..","0.01","..","0.2","..","..","0.07","0.03","..","..","..","..","..","..","..","..","..","..",".."
"St. Lucia","","..","..","..","..","..","..","..","..","..","..","..","..","..","..","..","0.02","0.01","..","..","..","..","..","..","..","..","..","0.02","0.02","..","..","..","0.19","0.18","0.13","2.88","0.19","0.09","0.1","0.11","..","0.02","0.08","0.01","..","..","..","..","..","..","..","..","..","..",".."
"St.Vincent & Grenadines","","..","..","..","..","..","..","..","..","..","..","..","..","..","..","..","..","..","..","..","0.07","..","0.31","0.07","0.01","..","..","..","..","..","..","..","0.11","0.16","0.1","0.09","0.16","0.09","0.01","0.01","..","..","0.05","..","..","..","..","..","..","..","..","..","..","..",".."
"Sts Ex-Yugo. Unspec.","","-0.4","-0.42","..","..","..","..","..","1.23","..","..","..","..","0.08","0.13","0.18","0.18","0.11","2.55","0.11","0.52","0.27","0.26","0.08","0.1","0.08","0.15","0.94","1.03","1.53","1.21","1.61","3.88","37.52","174.37","46.6","48.41","11.07","0.01","..","..","..","2.07","2.32","2.53","..","..","..","..","..","..","..","..","..",".."
"Sudan","","..","..","..","..","..","..","..","1.58","0.1","0.02","0.28","0.07","0.32","1.05","4.32","3.69","8.88","19.94","15.96","19.23","45.61","34.76","26.27","34.42","28.01","27.78","52.47","58.94","66.96","57.34","62.49","46.31","32.21","35.3","29.07","31.37","22.05","20.47","26.69","15.28","15.3","23.56","22.74","20.99","97.61","154.77","96.08","202.51","157.58","97.33","86.71","45.38","14.9","10.83"
"Suriname","","8.8","10.3","8.92","13","11.4","12.29","..","..","12.59","14.86","22.63","24.73","30.1","23.94","42.45","47.28","100.7","86.81","61.57","89.68","75.74","93.12","97.3","3.12","0.68","2.04","1.81","7.03","13.65","43.37","45.52","24.44","57.63","66.2","47.43","61.64","96.15","64.93","39.54","23.53","16.84","16.77","7.09","0.3","9.14","29.2","34.3","124.04","67.58","115.51","76.3","47.67","5.6","3.21"
"Swaziland","","..","..","..","..","..","..","..","..","..","..","0.11","0.05","0.05","0.11","0.37","0.19","0.46","0.36","0.94","0.75","1.22","1.19","0.85","0.54","0.51","0.43","0.78","0.72","1.9","5.29","1.41","1.65","1.28","1.49","0.93","2.03","2.19","0.9","0.41","..","0.03","1.08","1.1","0.22","0.28","0.08","0.02","0.04","..","..","..","..","..",".."
"Syria","","..","..","..","..","..","..","..","..","..","..","..","..","0.11","0.1","1.73","0.55","0.11","0.16","1.55","1.21","0.39","0.5","0.69","0.39","0.32","0.27","0.34","0.45","0.28","0.3","0.11","0.59","0.58","0.7","0.33","0.37","0.18","1.23","1.16","0.06","0.07","2.81","2.27","5.27","4.83","2.22","0.08","0.07","2.94","0.05","0.09","0.04","24.94","47.32"
"Tajikistan","","..","..","..","..","..","..","..","..","..","..","..","..","..","..","..","..","..","..","..","..","..","..","..","..","..","..","..","..","..","..","..","..","0.9","2.03","1.26","8.69","3.83","5.47","1.9","1.38","0.17","0.57","0.58","1.11","1.19","0.89","0.02","0.07","0.78","0.32","0.55","0.6","0.25","0.03"
"Tanzania","","..","..","..","..","..","0.33","..","..","..","0.1","1.33","1.53","3.7","7.21","10.78","19.01","27.56","45.57","50.85","77.49","83.18","69.68","56.29","34.54","40.61","36.92","60.74","74.14","78.88","71.38","94.54","56.41","50.54","55.12","57.81","77.43","74.89","52.41","80.25","55.17","97.29","75.11","138.29","95.75","117.62","90.23","114.56","128.15","114.86","62.62","59.21","66.82","29.75","10.11"
"Thailand","","..","..","..","..","..","..","..","..","..","..","0.78","0.7","1.12","1.52","1.99","1.8","1.64","2.17","1.76","4.28","3.78","4.89","4.33","3.45","4.22","4.71","7.91","10.88","9.93","10.14","13.65","7.51","7.39","8.51","4.77","7.16","6.42","6.13","4.42","0.31","0.82","3.26","2.4","5.56","3.96","7.92","9.32","0.65","1.13","3.62","0.25","0.09","0.24","0.06"
"Timor-Leste","","..","..","..","..","..","..","..","..","..","..","..","..","..","..","..","..","..","..","..","..","..","0.2","0.15","..","..","..","..","..","..","..","..","..","..","..","..","..","..","..","..","..","..","2.62","0.57","0.62","1.4","1.12","0.23","..","..","..","..","..","..",".."
"Togo","","..","..","..","..","..","..","..","..","..","..","0.05","0.06","0.06","0.1","0.12","0.07","0.11","0.35","1.15","0.94","0.49","0.51","0.72","0.5","0.72","0.77","0.92","0.91","0.54","0.58","1.23","1.15","1.45","1.1","0.8","1.1","0.66","0.4","0.17","0.02","0.02","1.03","0.51","1.48","1.19","5.32","..","..","13.2","0.88","17.62","..","..",".."
"Tokelau","","..","..","..","..","..","..","..","..","..","..","..","..","..","..","..","..","..","..","..","..","..","..","..","..","..","..","..","..","..","..","..","..","..","..","..","..","..","..","..","..","..","..","..","..","..","..","..","..","..","..","..","..","..",".."
"Tonga","","..","..","..","..","..","..","..","..","..","..","..","..","0.01","0.01","0.01","0.01","0.02","0.03","0.11","0.03","0.06","0.09","0.16","0.02","0.03","0.01","0.13","0.16","0.14","0.16","0.33","0.03","0.02","0.01","0.05","0.06","0.02","..","..","..","0.06","..","..","..","..","..","..","..","..","..","..","..","..",".."
"Trinidad & Tobago","","..","..","..","..","..","..","..","..","..","..","..","0.01","0.04","0.03","0.04","0.03","0.04","0.38","0.16","0.12","0.36","0.12","0.14","0.15","0.59","0.37","0.16","0.2","0.7","0.26","0.38","0.23","0.02","-0.06","0.05","0.1","0.22","0.17","0.12","-0.02","0.06","0.14","0.02","..","0.08","-0.01","..","..","..","..","..","..","..",".."
"Tunisia","","..","..","..","..","..","0.04","..","0.13","0.05","0.71","1.32","1.3","2.24","1.95","1.68","5.17","5.02","7.14","7.8","9.5","7.7","3.64","2.34","2.14","6.21","3.2","7.73","1.48","-1.24","1.58","1.67","-1.22","4.77","-1.53","5.04","3.28","3.08","3.36","-0.75","4.41","-1.5","0.06","-3.18","-3.38","-2.42","-1.91","-2.09","-1.96","-1.32","-0.77","-0.71","0.78","0.9","2.23"
"Turkey","","-0.6","-0.61","-0.61","0.1","0.3","2.25","..","1.82","5.77","0.81","1.18","1.17","1.15","9.27","-0.38","0.61","0.24","1.76","6.37","4.17","2.5","2.62","1.27","0.29","-0.37","-2.25","-1.6","-0.46","0.54","0.21","0.44","3.52","0.99","-0.47","-1.17","-5.26","-1.39","-0.62","2.82","3.26","0.57","2.43","0.27","5.01","2.3","4.47","5","-0.77","-0.6","-0.26","0.32","-0.09","0.29","0.59"
"Turkmenistan","","..","..","..","..","..","..","..","..","..","..","..","..","..","..","..","..","..","..","..","..","..","..","..","..","..","..","..","..","..","..","..","..","..","..","0.03","..","0.02","0.01","0.01","..","..","0.21","0.04","0.07","0.04","0.01","0.01","..","..","..","..","..","..",".."
"Turks & Caicos Islands","","..","..","..","..","..","..","..","..","..","..","..","..","..","..","..","..","..","..","..","..","..","..","..","..","..","..","..","..","..","..","..","..","..","..","..","..","..","..","..","..","..","..","..","..","..","..","..","..","..","..","..","..","..",".."
"Tuvalu","","..","..","..","..","..","..","..","..","..","..","..","..","..","..","..","..","..","..","..","..","..","..","..","..","..","..","..","..","0.01","..","..","..","..","..","0.01","..","..","..","..","..","..","0.04","0.02","..","..","..","..","..","..","..","..","..","..",".."
"Uganda","","..","..","..","..","..","..","..","..","..","..","0.77","0.5","0.36","0.28","1.78","0.72","0.65","0.84","0.67","3.12","4.28","21.06","2.1","7.3","4.59","1.89","6.25","2.19","6.26","5.39","3.82","22.87","15.09","23.08","25.46","31.81","32.63","33.35","35.32","26.45","43.33","40.82","43.5","57.77","70.92","80.12","82.38","70.43","82.85","45.01","36.65","14.86","25.82","36.17"
"Ukraine","","..","..","..","..","..","..","..","..","..","..","..","..","..","..","..","..","..","..","..","..","..","..","..","..","..","..","..","..","..","..","..","..","..","..","..","..","..","..","..","..","..","..","..","..","..","0.56","0.28","..","..","..","0.13","0.03","0.44","0.56"
"United Arab Emirates","","..","..","..","..","..","..","..","..","..","..","..","..","..","..","..","..","0.04","..","..","0.02","..","..","..","..","..","..","..","..","..","..","..","..","..","..","..","..","..","..","..","..","..","..","..","..","..","..","..","..","..","..","..","..","..",".."
"Uruguay","","..","..","..","..","..","..","..","..","..","1.71","1.19","0.31","-0.08","-0.37","0.22","0.17","0.23","-0.16","1.15","0.37","0.17","0.81","0.12","0.27","0.7","0.97","0.81","1.03","1.26","1.18","1.46","1.81","1.68","1.51","1.77","1.77","1.76","0.78","0.3","..","0.06","0.13","0.07","0.02","0.04","0.02","..","..","0.04","0.02","0.07","..","..",".."
"Uzbekistan","","..","..","..","..","..","..","..","..","..","..","..","..","..","..","..","..","..","..","..","..","..","..","..","..","..","..","..","..","..","..","..","..","..","0.02","0.03","0.08","0.12","0.16","0.19","0.01","0.02","1.12","0.71","1.12","0.66","0.49","0.04","0.07","0.04","..","..","..","..",".."
"Vanuatu","","..","..","..","..","..","..","..","..","..","..","..","..","..","0.02","0.02","0.01","..","..","0.01","0.02","..","..","..","..","0.06","..","..","..","..","..","..","..","..","..","..","..","..","0.01","..","..","..","..","..","..","..","..","..","..","..","..","..","..","..",".."
"Venezuela","","..","..","..","..","..","..","..","..","..","..","..","0.11","0.11","0.23","0.24","0.32","0.89","0.21","0.79","0.58","0.52","0.66","0.84","0.75","0.11","0.32","0.32","0.47","0.39","0.38","0.47","0.83","0.78","0.38","0.45","0.28","0.28","0.16","0.29","0.05","0.23","0.33","0.25","0.14","0.12","0.06","0.05","0.03","0.16","0.12","0.13","..","0.04",".."
"Vietnam","","..","..","..","..","..","..","..","..","..","..","0.44","1.8","0.48","0.23","0.46","9.35","10","22.32","9.44","3.98","4.36","17.79","9.44","4.48","4.42","2.39","1.66","1.75","1.46","1.17","1.52","6.5","18.15","9.02","16.06","22.6","29.66","19.13","23.19","11.71","18.84","36.23","30.07","38.76","52.32","56.1","61.05","47.74","40.61","45.44","21.16","18.48","7.78","0.62"
"Virgin Islands (UK)","","..","..","..","..","..","..","..","..","..","..","..","..","..","..","..","..","..","..","..","..","..","..","..","..","..","..","..","..","..","..","..","..","..","..","7.41","..","..","..","..","..","..","..","..","..","..","..","..","..","..","..","..","..","..",".."
"Wallis & Futuna","","..","..","..","..","..","..","..","..","..","..","..","..","..","..","..","..","..","..","..","..","..","..","..","..","..","..","..","..","..","..","..","..","..","..","..","..","..","..","..","..","..","..","..","..","..","..","..","..","..","..","..","..","..",".."
"West Bank & Gaza Strip","","..","..","..","..","..","..","..","..","..","..","..","..","..","..","..","..","..","..","..","..","..","..","..","..","..","..","..","..","..","..","..","..","..","..","2.55","24.69","58.75","25.28","22.33","12.48","16.22","13.96","13.93","13.14","20.9","29.85","32.18","30.27","75.14","46.22","35.66","53.79","31.91","20.22"
"Yemen","","..","..","..","..","..","..","..","..","..","..","0.24","0.01","0.02","0.03","0.05","0.1","1.32","6.1","14.15","15.23","19.64","20.45","12.78","11.39","13.36","13.13","22.75","28.52","35.01","30.88","30.4","25.07","31.52","29.05","25.25","32.75","42.42","52.38","46.18","33.45","34.43","28.73","40.78","28.73","29.84","31.86","28.67","31.67","37.82","30.85","26.52","10.66","25.33","25.37"
"Zambia","","..","..","..","..","..","..","..","..","..","..","0.49","0.64","0.77","1.11","1.7","1.9","2.31","4.9","8.08","14.19","27.83","18.75","15.3","12.09","19.64","15.68","47.45","29.55","25.78","23.17","43.01","17.23","42.13","27.48","28.19","41.95","26.62","24.34","22.47","13.47","51.19","29.64","35.45","35.01","53.55","55.94","55.7","71.54","85.05","64.79","36.27","21.88","8.49","7.1"
"Zimbabwe","","..","..","..","..","..","..","..","..","..","..","..","..","..","..","..","..","..","..","..","0.25","7.7","8.32","14.27","9.64","22.59","17.73","24.16","35.29","21.75","18.26","24.48","15.88","44.05","28.37","28.09","35.66","32.37","24.14","28.03","12.99","11.25","23.51","22.33","6.68","12.44","13.6","7.41","7.07","29.75","22.34","14.82","14.41","5.67","1.09"
"North of Sahara, regional","","..","..","..","..","..","..","..","..","..","..","..","..","..","..","0.04","..","0.08","0.12","0.47","0.16","0.17","0.28","0.39","0.06","0.47","0.97","0.12","0.14","..","..","..","..","1.51","..","..","0.81","0.41","..","0.49","0.06","0.29","0.05","..","..","0.06","13.68","0.52","..","0.53","..","0.03","..","0.03","0.01"
"South of Sahara, regional","","..","..","..","..","..","..","..","..","..","..","..","0.14","0.02","0.72","3.58","4.36","2.1","13.26","11.39","5.57","3.93","3.17","3.52","1.98","3.63","9.64","5.65","9.71","8.2","6.26","1.68","9.3","83.25","..","14.02","9.56","1.01","..","3.17","16.57","16.04","7.36","10","39.68","64.18","67.68","95.21","81.53","128.49","70.82","84.38","151.14","115.92","258.34"
"Africa, regional","","..","..","..","..","..","..","..","..","..","..","..","..","0.29","0.72","..","..","..","..","4.39","4.68","3.6","4.26","3.75","8.26","6.6","5.79","14.16","6.06","17.2","17.17","37.67","40.71","2.71","20.82","46.98","59.71","40.5","54.17","32.7","11.17","15.36","15.86","31.39","41.25","55.96","69.71","44.97","61.78","58.86","49.98","25.74","32.38","36.26","16.97"
"N. & C. America, regional","","..","..","..","..","..","..","..","..","..","0.12","..","0.11","-0.01","-0.1","..","0.02","0.9","0.56","1.22","1.41","0.07","..","2.04","0.46","0.05","0.27","0.76","3.5","5.47","4.14","7.66","0.25","7.33","3.41","3.47","8.4","7.68","1.88","1.55","3.17","6.41","5.12","1.2","7.95","12.33","4.69","0.38","0.88","3.47","0.39","0.48","0.51","6.76","18.09"
"South America, regional","","..","..","..","..","..","..","..","..","..","..","1.34","..","..","0.01","2.56","1.23","0.67","3.54","2.49","1.07","0.87","0.08","1.23","1.11","0.45","1.14","2.16","1.26","2.49","1.97","2.09","1.75","6.74","1.22","0.51","2.34","3.49","1.44","0.48","0.41","0.98","6.39","2.23","1.38","17.27","4.81","2.75","2.05","7.81","1.72","1.53","1.15","1.25","2.12"
"America, regional","","..","..","..","..","..","..","..","..","..","..","..","..","0.09","0.2","..","..","..","..","0.03","1.64","..","1.28","2.03","1.92","1.62","..","12","12.85","0.29","1.3","1.85","3.72","..","9.22","10.47","4.13","5.86","16.72","31.72","4.47","4.27","3.24","2.99","12.62","4.11","23.34","3.4","5.25","4.62","3.27","3.53","4.07","3.77","3.99"
"Middle East, regional","","..","..","..","..","..","..","..","..","..","..","..","..","0.12","0.05","..","0.2","0.03","0.64","0.08","0.34","0.33","..","0.72","0.67","0.22","0.87","0.41","0.5","0.74","0.72","0.91","2.45","1.09","6.26","0.23","0.8","0.65","0.26","0.33","0.94","0.35","1.06","0.42","0.47","2.78","4.3","0.39","0.35","0.06","..","0.11","0.24","0.47","0.62"
"Central Asia, regional","","..","..","..","..","..","..","..","..","..","..","..","..","..","..","..","..","..","..","..","..","..","..","..","..","..","..","..","..","..","..","..","..","..","..","..","..","..","..","..","..","..","..","..","..","..","..","1.18","2.83","2.15","3.74","0.74","0.96","0.35","0.45"
"South Asia, regional","","..","..","..","..","..","..","..","..","..","..","..","..","..","..","..","..","..","..","..","..","..","..","..","..","..","..","..","..","..","..","..","..","..","..","..","..","..","..","..","..","..","..","..","..","..","..","..","2.16","33.52","0.88","2.02","..","1.37","4.62"
"South & C.Asia, regional","","..","..","..","..","..","..","..","..","..","..","..","..","..","0.01","0.19","..","..","..","0.11","1.63","0.31","0.06","1.67","1.58","0.49","0.57","0.61","0.78","0.64","0.63","0.8","0.28","2.31","0.82","0.35","10.76","17.33","0.91","2.06","2.55","1.96","0.29","2.57","1.51","3.23","1.75","..","..","..","..","..","..","..",".."
"Far East Asia, regional","","..","..","0.14","..","..","..","..","0.09","..","..","1.09","..","0.44","0.45","0.67","1.02","3.05","3.91","2.87","1.06","2.79","0.32","0.33","0.02","0.18","2","..","..","0.19","0.19","0.25","0.44","1.57","0.31","0.46","1.08","1.18","0.46","0.49","0.72","1.15","4.49","1.54","1.4","15.59","5.88","2.5","1.28","11.37","3.08","..","1.89","1.03",".."
"Asia, regional","","..","..","..","..","..","..","..","..","..","..","..","..","0.1","0.46","..","..","..","..","..","7.52","..","..","..","..","0.53","1.01","5.1","5.36","2.55","4.21","7.14","7.33","5.59","13.06","20.07","10.9","9.14","15.83","10.56","6.09","4.37","3.36","11.3","10.31","6.62","35.65","5.46","9.06","8.04","8.31","8.83","20.05","7.63","3.74"
"Europe, regional","","-0.8","-0.8","-0.33","-0.6","..","..","..","..","0.07","0.91","0.08","0.28","0.3","0.51","0.89","1.55","4.32","1.24","4.04","4.35","5.4","5.96","4.82","5.07","5.59","5.97","2.39","2.54","3.25","0.46","0.63","-0.86","0.59","-0.09","..","-0.65","2.31","19.76","10.8","12.66","15.44","3.3","19.44","11.9","21.04","51.84","4.4","17.16","57.79","34.67","26.65","22.48","26.33","14.21"
"Oceania, regional","","..","..","..","..","..","7.33","..","..","..","..","..","..","..","..","..","..","0.11","0.46","0.35","0.12","0.19","0.11","0.14","0.44","1.52","0.39","..","..","..","..","..","1.93","..","..","0.98","2.24","2.29","0.58","1.72","..","..","1.35","0.12","1.21","1.37","..","..","..","..","..","..","..","..",".."
"West Indies, regional","","..","..","..","..","..","..","..","..","..","..","..","..","..","..","..","..","..","..","0.19","0.25","1.75","1.35","0.4","1.19","0.27","1.17","..","..","0.09","0.1","0.22","0.1","0.39","..","..","..","..","..","..","..","..","0.18","0.16","0.45","..","..","..","..","..","..","..","..","..",".."
"Developing Countries, Unspecified","","0.5","0.99","0.95","1.5","3.3","..","..","18.36","19.99","36.43","14.13","17.77","12.46","14.57","13.19","20.97","31.7","26.81","49.78","150.25","119.05","109.23","119.57","124.85","110.28","91.85","134.64","180.37","173.89","175.48","177.47","533.17","350.76","409.93","406.17","429.48","520.08","513.72","529.32","956.61","966.33","348.51","541.8","919.31","758.96","924.67","2172.48","2142.41","2618.64","2687.9","2764.29","2753.37","2690.09","2384.48"
"MADCT Unallocated","","..","..","..","..","..","..","..","..","..","..","..","..","..","..","..","..","..","..","..","..","..","..","..","..","..","..","..","..","..","..","..","..","..","..","..","..","..","..","..","..","..","..","..","..","..","..","..","..","..","..","..","..","..",".."
"AfDB (African Dev.Bank)","","..","..","..","..","..","..","..","..","..","..","..","..","..","1.47","..","..","..","..","..","..","..","..","..","1.5","1.33","1.29","1.75","2.11","2.83","1.83","0.95","1.01","1.02","..","..","..","..","..","..","..","..","0.02","0.53","0.53","0.54","1.07","0.91","0.37","0.35","0.35","0.34","7.5","6.83","159.34"
"AfDF (African Dev.Fund)","","..","..","..","..","..","..","..","..","..","..","..","..","..","..","0.07","..","4.69","5.05","5.73","..","..","5.9","11.04","..","18.63","..","14.15","17.11","17.54","21.4","11.7","18.66","21.58","18.5","..","7.91","..","..","..","..","..","0.72","33.12","33.51","41.26","100.51","53.17","69.19","..","..","..","..","..",".."
"African Solidarity Fund","","..","..","..","..","..","..","..","..","..","..","..","..","..","..","..","..","..","..","..","..","..","..","..","..","..","..","..","..","..","..","..","..","..","..","..","..","..","..","..","..","..","..","..","..","..","..","..","..","..","..","..","..","..",".."
"AsDB (Asian Dev.Bank)","","..","..","..","..","..","..","..","..","0.59","0.55","0.55","..","..","0.79","1.22","4.47","7.22","4.2","6","0.66","0.72","0.63","..","..","..","0.76","1.75","3.71","2.2","1.03","1.54","1.5","1.74","..","24.93","..","..","..","..","..","..","..","0.45","23.43","28.96","60.03","..","..","..","..","..","..","..",".."
"AsDB Special Funds","","..","..","..","..","..","..","..","..","..","..","..","..","..","..","..","..","..","..","..","5.52","5.5","..","28.62","9.48","31.33","15.13","20.51","33.73","..","..","27.71","34.23","35.27","16.17","..","30.35","..","..","..","..","..","2.33","26.07","..","0.87","..","..","32.05","..","..","..","..","..",".."
"CarDB (Carribean Dev. Bank)","","..","..","..","..","..","..","..","..","..","..","..","..","..","..","..","..","..","..","..","..","..","..","..","..","..","4.23","..","..","1.92","1.81","2.1","1.83","1.9","1.89","2.24","2.54","2.41","1.51","1.48","1.42","..","..","..","..","..","..","..","..","..","..","..","..","..",".."
"CABEI","","..","..","..","..","..","..","..","..","..","..","..","..","..","..","..","..","..","..","..","..","..","..","..","..","..","..","..","..","..","..","..","..","..","..","..","..","..","..","..","..","..","..","..","..","..","..","..","..","..","..","..","..","..",".."
"EC","","..","..","..","..","..","..","..","..","8.14","..","..","..","..","..","35.51","41.04","18.1","26.55","36.24","50.81","59.1","69.69","53.45","53.71","62.65","63.71","84.65","103.17","95.7","86.96","103.18","142.5","129","140.92","159.64","24.92","178.04","180.07","162.76","158.47","139.85","155.08","132.92","231.83","231.08","260.73","257","364.01","389.59","326.42","351.48","458.66","423.99","437.95"
"EDF","","..","..","..","..","..","..","..","..","..","9.95","11.75","19.4","19.49","16.76","16.64","24.96","39.68","38.85","15.17","67.62","60.04","49.08","52.72","46.53","41.95","37.07","49.7","63.53","86.06","86.18","89.07","105.87","120.93","106.39","119.09","118.77","67.38","75.9","144.34","85.55","93.29","38.86","76.86","129.75","151.76","171.27","174.94","204.73","240.58","250.42","258.58","226.96","180.87","207.28"
"EIB","","..","..","..","..","..","..","..","..","..","2.7","1.78","2","..","3.1","2.28","1.03","5.54","5.85","1.05","2.37","1.08","0.7","0.31","0.23","0.07","0.06","..","..","0.05","0.04","0.03","..","..","..","..","183.11","..","..","..","..","..","..","..","..","..","..","..","..","..","..","..","..","..",".."
"Other EU Institutions","","..","..","..","..","..","..","..","..","..","..","..","..","..","..","..","..","..","..","..","..","..","..","..","..","..","..","..","..","..","..","..","..","..","..","..","..","..","..","..","..","..","..","..","..","..","..","..","..","..","..","..","..","..",".."
"IBRD","","..","..","..","..","..","..","..","..","..","..","..","0.43","4.25","..","..","20.96","..","20.05","..","..","..","..","6.67","13.17","40.52","19.87","14.64","14.81","18.01","18.99","21.3","28.76","45.65","44.16","..","..","..","..","..","..","..","0.01","..","100.74","164.5","54.83","58.13","47.36","47.35","24.09","8.52","..","19.47","18.12"
"IDA","","..","..","..","..","..","..","..","..","3.04","2.73","3.39","8.09","43.58","16.04","16.38","44.29","42.4","24.45","23.11","132.01","94.26","81.84","99.33","82.24","73.15","106.34","168.05","207.37","207.83","148.2","172.62","150.67","203.91","134.7","193.63","241.46","271.86","186.07","225.72","246.43","196.71","115.12","75.67","162.16","358.09","244.96","16.33","123.13","226.2","149.9","73.89","468.86","203.38","242.91"
"IDA-MDRI","","..","..","..","..","..","..","..","..","..","..","..","..","..","..","..","..","..","..","..","..","..","..","..","..","..","..","..","..","..","..","..","..","..","..","..","..","..","..","..","..","..","..","..","..","..","..","..","..","17.31","19.61","..","..","..",".."
"IDB","","..","..","..","..","..","..","..","..","..","..","..","..","..","..","..","..","..","3.74","4.33","0.25","..","0.78","..","3.34","..","0.38","..","1.04","1.1","1.57","1.84","0.18","0.18","..","..","0.54","47.76","44.96","60.14","57.03","37.89","53.02","3.35","0.68","0.32","..","..","..","..","..","..","..","..",".."
"IDB Spec. Fund","","..","..","..","..","..","..","..","..","..","..","..","..","..","..","..","..","..","..","..","3.06","2.09","3.87","2.13","2.79","..","0.99","1.34","1.63","0.51","0.74","0.9","1.31","2.04","0.27","..","0.78","..","..","..","..","..","..","2.55","..","..","..","..","..","..","..","..","..","..",".."
"IFAD","","..","..","..","..","..","..","..","..","..","..","..","..","..","..","..","..","..","14.58","16.34","17.62","..","..","..","34.42","11.7","4.59","14.22","12.42","9.87","8.99","9.34","22.85","7.85","..","2.5","3.2","3.09","3.55","8.74","7.24","6.31","15.45","12.22","11.85","8.93","8.37","8.07","21.95","24.57","26.51","23.68","27.81","22.49","26.55"
"IFC","","..","..","..","..","..","..","..","..","..","..","..","5.09","..","..","..","..","..","..","..","..","1.81","2.24","2.29","..","..","..","6.63","3.48","3.48","3.4","..","..","..","10.31","..","5.15","4.79","4.98","..","..","..","..","..","7.18","22.23","13.92","13.43","14.65","24.84","25.16","..","..","..",".."
"IMF","","..","..","..","..","..","..","..","..","..","..","..","..","..","..","..","..","..","..","..","..","..","..","..","..","..","..","..","..","..","3.54","..","9.89","10.52","9.69","9.89","17.13","13.94","11.53","11.34","10.88","9.41","9.14","9.62","13.59","14.47","0.14","..","..","..","1.39","..","..","..",".."
"IMF Trust Fund","","..","..","..","..","..","..","..","..","..","..","..","..","..","..","..","..","..","..","..","..","..","..","..","..","..","..","..","..","..","..","..","..","..","..","..","..","..","..","..","..","..","..","..","..","..","..","..","..","..","..","..","..","..",".."
"MIGA","","..","..","..","..","..","..","..","..","..","..","..","..","..","..","..","..","..","..","..","..","..","..","..","..","..","..","..","..","2.44","..","..","..","..","..","..","..","..","..","..","3.26","..","..","..","..","..","..","..","..","..","..","..","..","..",".."
"UNDP","","..","..","..","..","..","..","..","..","..","8.54","9.39","11.43","13.58","17.46","27.9","37.85","52.95","57.04","63.79","73.77","76.96","61.32","67.04","50.45","44.88","43.36","61.63","75.53","81.45","72.14","84.03","85.04","90.44","86.15","93.42","102.8","97.86","87.14","83.14","74.94","67.09","80.94","92.43","98.41","106.94","119.9","115.69","130.23","133.29","128.53","122.25","92.19","82.26","78.79"
"UNFPA","","..","..","..","..","..","..","..","..","..","..","..","..","..","..","..","..","8.32","8.96","12.48","14.21","15.09","13.23","12.92","12.09","10.75","10.84","21.43","20.34","23.37","26.97","30.87","31.66","34.81","31.23","36.27","43.18","49.52","48.7","44.09","42.79","94.26","69.9","57.05","68.96","104.44","72.75","73.48","80.13","84.43","87.09","72.24","59.15","91.26","96.92"
"UNHCR","","..","..","..","..","..","..","..","..","..","..","..","..","1.08","..","0.53","0.79","3.83","2.49","4.62","3.99","5.18","4.13","4.23","3.96","2.82","6.03","8.6","6.39","7.16","4.72","21.69","21.93","13.08","13.46","29.13","28.66","27.28","26.65","24.18","22.97","29.27","37.65","44.31","46.24","50.97","50.83","51.34","55.99","60.58","58.49","55.63","58.4","48.84","50.45"
"UNICEF","","..","..","..","..","..","..","..","..","..","0.22","0.3","0.54","0.68","1.07","1.49","12.58","8.81","9.49","10.89","7.23","14.4","8.18","8.24","7.71","6.86","6.62","12.24","11.9","14.51","13.75","17.57","20.33","19.91","19.92","23.08","26.17","29.65","28.7","26.2","25.14","23.53","65.2","42.31","37.98","61.91","35.42","35.77","39.01","50.48","49.97","46.36","47.27","65.3","92.67"
"UNRWA","","..","..","..","..","..","..","..","..","..","..","..","..","0.06","0.14","0.52","1.19","1.89","1.83","2.3","2.48","2.92","2.32","2.33","2.17","1.55","1.49","2.83","2.5","3.07","4.27","3.88","4.81","5.12","4.85","5.5","6.23","7.71","6.92","6.8","7.5","21.21","15.6","13.47","13.33","14.66","14.66","14.81","16.15","21.64","29.24","19.87","..","19.28","17.26"
"WFP","","..","..","..","..","..","..","..","..","..","7.93","10.34","6.59","8.61","10.93","10.91","11.53","22.5","22.52","25.44","31.65","34.52","27.68","23.18","22.14","23.59","29.81","40.59","49.11","47.22","24.39","34.27","38.08","40.19","39.32","42.41","45.17","43","30.76","30.23","26.59","23","24.38","27.44","..","33.83","..","34.17","37.27","57.7","55.7","52.98","55.62","46.27","53.11"
"Other UN","","..","..","..","..","..","..","..","..","12.6","3.22","4.15","3.75","12.63","8.16","18.19","34.86","16.12","17.12","22.71","27.25","27.83","29.07","31.91","36.44","16.85","20.61","34.87","45.19","52.08","50.97","69.88","39.87","88.16","71.13","50.37","53.88","103.59","33.31","33.82","34.76","102.02","159.42","123.36","108.04","73.48","106.34","110.96","147.39","142.05","155.21","183.25","224.62","179.57","151.9"
"Other World Bank (AMCs)","","..","..","..","..","..","..","..","..","..","..","..","..","..","..","..","..","..","..","..","..","..","..","..","..","..","..","..","..","..","..","..","..","..","..","..","..","..","..","..","..","..","..","..","..","..","..","..","..","..","..","..","..","34.24","0.66"
"Other Regional Banks","","..","..","..","..","..","..","..","..","..","..","..","..","..","..","..","..","..","..","..","..","..","..","..","..","..","..","..","..","..","..","..","..","..","..","..","..","..","..","..","..","..","..","5.96","0.92","0.93","0.91","0.94","4.33","74.19","75.61","91.39","88.5","120.33","0.8"
"Other Multilateral","","..","..","..","..","..","..","..","..","2.2","2.48","0.14","6.52","9.83","16.21","1.82","7.63","0.15","1.21","34.14","1.06","1.34","5.89","1.16","0.69","0.61","0.51","0.41","0.49","0.51","0.47","0.55","..","..","..","24.01","39.31","23.4","42.72","45.61","167.46","48.19","105.31","109.7","53.8","63.47","115.3","150.34","192.48","197.91","164.46","155.45","192.14","120.92","153.86"
