"Sector(s):","Total Bilateral Aid To All Sectors","","Flow(s):","ODA","","Donor(s):","New Zealand","","Flow Type(s):","Disbursement","","Amount:","Current Prices (USD millions)","",

"","Time Period","1960","1961","1962","1963","1964","1965","1966","1967","1968","1969","1970","1971","1972","1973","1974","1975","1976","1977","1978","1979","1980","1981","1982","1983","1984","1985","1986","1987","1988","1989","1990","1991","1992","1993","1994","1995","1996","1997","1998","1999","2000","2001","2002","2003","2004","2005","2006","2007","2008","2009","2010","2011","2012","2013",
"Recipient(s)",
"All Recipients","","..","..","..","..","..","..","..","..","..","..","13.7","16.7","20.56","26.47","39.2","65.77","53.18","52.48","54.91","68.18","71.98","67.71","65.18","61.23","54.7","54.17","75.18","86.66","103.8","87.22","95.29","100.1","97.18","97.76","109.9","123.2","121.67","153.9","129.96","133.8","113.2","111.62","121.82","165.41","212.08","273.51","258.68","319.77","348.01","309.25","342.19","424.12","449.14","457.34"
"All Developing Countries","","..","..","..","..","..","..","..","..","..","..","10.8","13.1","16.21","19.33","29.47","50.23","43.51","41.7","44.87","53.1","52.4","50.5","49.27","47.53","43.78","42.84","60.71","66.16","93.32","76.47","81.04","81.31","74.03","73.61","85.11","97.52","101.96","112.9","98.35","101.32","84.95","84.74","91.69","129.11","159.02","223.78","202.82","247.05","277.85","225.96","271.21","329.57","361.57","350.54"
"All Multilateral Recipients","","..","..","..","..","..","..","..","..","..","..","2.9","3.6","4.35","7.14","9.73","15.54","9.67","10.78","10.04","15.08","19.58","17.21","15.91","13.7","10.92","11.33","14.47","20.5","10.48","10.75","14.25","18.79","23.15","24.15","24.79","25.68","19.71","41","31.61","32.48","28.25","26.88","30.13","36.3","53.06","49.73","55.86","72.72","70.16","83.29","70.98","94.55","87.57","106.8"
"Afghanistan","","..","..","..","..","..","..","..","..","..","..","..","..","0.01","0.01","0.01","..","0.01","0.01","..","..","..","..","..","..","..","0.02","0.02","..","..","..","..","..","..","0.03","0.03","..","0.07","0.21","0.03","0.01","0.11","0.6","2.04","1.4","10.01","9.22","3.32","3.73","7.8","4.16","3.49","5.93","15.87","7.43"
"Albania","","..","..","..","..","..","..","..","..","..","..","..","..","..","..","..","..","..","..","..","..","..","..","..","..","..","..","..","..","..","..","..","..","..","..","..","..","..","..","..","..","..","..","..","..","..","..","..","..","..","..","..","..","..",".."
"Algeria","","..","..","..","..","..","..","..","..","..","..","..","..","..","..","..","..","..","..","..","..","..","..","..","..","..","..","..","..","..","..","..","..","..","..","..","..","..","..","..","..","..","..","0.01","0.01","..","..","..","..","..","..","..","..","..",".."
"Angola","","..","..","..","..","..","..","..","..","..","..","..","..","..","..","..","..","..","..","..","..","..","..","..","..","..","..","..","..","..","..","..","..","..","..","0.06","0.13","0.14","..","..","..","..","..","..","0.38","..","..","0.08","0.11","..","..","..","..","..",".."
"Anguilla","","..","..","..","..","..","..","..","..","..","..","..","..","..","..","..","..","..","..","..","..","..","..","..","..","..","..","..","..","..","..","..","..","..","..","..","..","..","..","..","..","..","..","..","..","..","..","..","..","..","..","..","..","..",".."
"Antigua & Barbuda","","..","..","..","..","..","..","..","..","..","..","..","..","..","..","..","..","..","..","..","..","..","..","..","..","..","..","..","..","..","..","..","..","..","..","..","0.03","..","..","0.01","..","..","0.12","..","..","..","..","..","..","..","..","..","..","..",".."
"Argentina","","..","..","..","..","..","..","..","..","..","..","..","..","..","..","..","..","..","..","..","..","..","..","..","..","..","..","..","..","0.03","..","0.06","0.03","0.01","..","..","0.04","0.03","0.07","0.08","0.07","0.11","0.22","0.15","0.24","0.34","0.29","0.2","0.16","0.43","0.19","0.12","0.14","0.19","0.14"
"Armenia","","..","..","..","..","..","..","..","..","..","..","..","..","..","..","..","..","..","..","..","..","..","..","..","..","..","..","..","..","..","..","..","..","..","..","..","..","..","..","..","..","..","..","..","..","..","..","..","..","..","..","..","..","..",".."
"Aruba","","..","..","..","..","..","..","..","..","..","..","..","..","..","..","..","..","..","..","..","..","..","..","..","..","..","..","..","..","..","..","..","..","..","..","..","..","..","..","..","..","..","..","..","..","..","..","..","..","..","..","..","..","..",".."
"Azerbaijan","","..","..","..","..","..","..","..","..","..","..","..","..","..","..","..","..","..","..","..","..","..","..","..","..","..","..","..","..","..","..","..","..","..","..","..","..","..","..","..","..","..","..","..","..","..","..","..","..","..","..","..","..","..",".."
"Bahamas","","..","..","..","..","..","..","..","..","..","..","..","..","..","..","..","..","..","..","..","..","..","..","..","..","..","..","..","..","..","..","..","..","..","..","..","0.02","..","..","..","..","..","..","..","..","..","..","..","..","..","..","..","..","..",".."
"Bahrain","","..","..","..","..","..","..","..","..","..","..","..","..","..","..","..","..","..","..","..","..","..","..","..","..","..","..","..","..","..","..","..","..","..","..","..","..","..","..","..","..","..","..","..","..","..","..","..","..","..","..","..","..","..",".."
"Bangladesh","","..","..","..","..","..","..","..","..","..","..","..","..","0.8","0.76","0.75","4.23","0.47","0.36","0.2","0.19","0.19","0.13","0.06","0.07","0.04","0.07","0.2","0.12","0.08","0.1","0.04","0.05","0.05","0.01","0.16","0.21","0.26","0.5","0.32","0.76","0.68","0.53","0.6","0.74","1","0.92","0.67","1.69","1.08","1.31","0.11","1.16","0.54","0.42"
"Barbados","","..","..","..","..","..","..","..","..","..","..","..","..","..","..","..","..","0.02","..","0.02","0.03","0.01","0.01","0.01","0.01","..","..","..","..","..","..","..","..","..","..","..","0.02","0.04","0.01","..","0.02","0.03","..","0.01","0.02","0.02","0.02","0.02","0.02","0.02","0.02","0.01","..","..",".."
"Belarus","","..","..","..","..","..","..","..","..","..","..","..","..","..","..","..","..","..","..","..","..","..","..","..","..","..","..","..","..","..","..","..","..","..","..","..","..","..","..","..","..","..","..","..","..","..","..","..","..","..","..","..","..","..",".."
"Belize","","..","..","..","..","..","..","..","..","..","..","..","..","..","..","..","..","..","..","..","..","..","..","..","..","..","..","..","..","..","..","..","..","..","..","..","0.02","0.03","0.03","..","0.02","..","0.01","..","..","..","0.02","0.01","0.02","0.01","0.02","0.02","0.02","0.03",".."
"Benin","","..","..","..","..","..","..","..","..","..","..","..","..","..","..","..","..","..","..","..","..","..","..","..","..","..","..","..","..","..","..","..","..","..","..","..","..","..","..","..","..","..","0.06","..","..","..","..","..","..","..","..","..","..","..",".."
"Bermuda","","..","..","..","..","..","..","..","..","..","..","..","..","..","..","..","..","..","..","..","..","..","..","..","..","..","..","..","..","..","..","..","..","..","..","..","..","..","..","..","..","..","..","..","..","..","..","..","..","..","..","..","..","..",".."
"Bhutan","","..","..","..","..","..","..","..","..","..","..","..","..","0.02","0.03","0.03","0.04","0.3","0.02","0.02","0.01","0.03","0.02","0.01","..","..","..","..","0.02","0.01","0.03","0.07","0.02","0.03","0.04","0.07","0.26","0.05","0.05","0.02","0.31","0.26","0.27","0.2","0.26","0.36","0.35","0.18","0.22","0.04","0.06","0.04","..","..",".."
"Bolivia","","..","..","..","..","..","..","..","..","..","..","..","..","..","..","..","..","..","..","..","..","..","..","..","..","..","..","..","..","..","..","0.04","0.02","..","..","..","0.01","..","0.01","..","..","..","..","0.01","0.02","0.03","..","..","..","0.35","0.03","0.01","..","..",".."
"Bosnia-Herzegovina","","..","..","..","..","..","..","..","..","..","..","..","..","..","..","..","..","..","..","..","..","..","..","..","..","..","..","..","..","..","..","..","..","..","..","0.06","0.03","0.03","..","..","..","..","..","..","..","..","..","..","..","..","..","..","..","..",".."
"Botswana","","..","..","..","..","..","..","..","..","..","..","..","..","..","..","..","..","..","..","..","..","0.02","0.01","0.01","0.02","..","0.01","0.07","0.19","0.05","0.06","0.07","0.04","0.03","0.04","0.03","0.09","0.05","..","0.11","0.22","0.23","0.09","0.06","0.05","0.04","0.03","0.02","0.02","..","..","..","..","..","0.04"
"Brazil","","..","..","..","..","..","..","..","..","..","..","..","..","..","..","..","..","..","..","..","..","..","..","..","..","..","..","..","..","..","..","0.03","0.02","0.05","0.08","0.08","0.2","0.19","0.22","0.06","0.17","0.21","0.24","0.18","0.2","0.24","0.29","0.24","0.15","0.34","0.28","0.2","0.27","0.1","0.13"
"Brunei","","..","..","..","..","..","..","..","..","..","..","..","..","..","..","0.01","0.01","0.01","..","..","..","..","..","..","..","..","..","..","..","0.02","..","0.01","..","..","..","..","..","..","..","..","..","..","..","..","..","..","..","..","..","..","..","..","..","..",".."
"Burkina Faso","","..","..","..","..","..","..","..","..","..","..","..","..","..","..","..","..","..","..","..","..","..","..","..","..","..","..","..","..","..","..","..","..","..","..","0.03","..","0.04","0.04","0.01","0.07","..","..","..","..","..","..","..","..","..","..","..","..","0.81",".."
"Burundi","","..","..","..","..","..","..","..","..","..","..","..","..","..","..","..","..","..","..","..","..","..","..","..","..","..","..","..","..","..","..","..","..","..","..","0.03","0.1","0.26","0.09","0.09","0.09","..","..","0.05","0.03","0.12","1.25","..","..","..","..","..","..","..",".."
"Cambodia","","..","..","..","..","..","..","..","..","..","..","..","..","0.23","0.41","0.27","0.12","..","0.05","0.02","0.06","..","..","..","0.02","0.02","0.05","..","..","..","..","0.01","0.35","0.04","0.11","0.18","0.75","1.07","1.3","1.45","1.45","1.13","1.44","1.76","2.23","2.99","3.83","3.34","6.42","4.12","3.79","4.07","2.88","3.7","3.44"
"Cameroon","","..","..","..","..","..","..","..","..","..","..","..","..","..","..","..","..","..","..","..","..","..","..","..","..","..","..","..","..","..","..","..","..","..","..","..","..","0.01","0.05","0.02","0.07","0.07","..","0.02","0.01","..","..","..","..","..","..","..","..","..",".."
"Cape Verde","","..","..","..","..","..","..","..","..","..","..","..","..","..","..","..","..","..","..","..","..","..","..","..","..","..","..","..","..","..","..","..","..","..","..","..","..","..","..","..","..","..","..","..","..","..","..","..","..","..","..","..","..","..",".."
"Cayman Islands","","..","..","..","..","..","..","..","..","..","..","..","..","..","..","..","..","..","..","..","..","..","..","..","..","..","..","..","..","..","..","..","..","..","..","..","..","..","..","..","..","..","..","..","..","..","..","..","..","..","..","..","..","..",".."
"Central African Rep.","","..","..","..","..","..","..","..","..","..","..","..","..","..","..","..","..","..","..","..","..","..","..","..","..","..","..","..","..","..","..","..","..","..","..","..","..","..","..","..","..","..","..","..","..","..","..","..","..","..","..","..","..","..",".."
"Chad","","..","..","..","..","..","..","..","..","..","..","..","..","..","..","..","..","..","..","..","..","..","..","..","..","..","..","..","..","..","..","..","..","..","..","..","..","..","..","..","..","..","..","..","..","0.12","..","..","..","..","..","..","..","..",".."
"Chile","","..","..","..","..","..","..","..","..","..","..","..","..","0.01","..","..","..","..","..","0.01","0.02","..","..","..","..","0.01","0.02","..","..","0.02","0.01","0.04","0.08","0.01","0.05","0.06","0.26","0.17","0.23","0.16","0.18","0.21","0.19","0.31","0.46","0.55","0.42","0.22","0.46","0.6","0.24","0.7","0.98","0.35","0.43"
"China","","..","..","..","..","..","..","..","..","..","..","..","..","..","..","..","..","..","..","..","..","..","..","..","..","..","..","..","0.2","0.21","0.44","1.08","0.21","0.79","0.61","1.11","1.48","1.28","1.35","1.51","1.49","1.16","0.82","0.91","1.06","2.31","1.67","1.7","1.41","1.99","1.18","1.5","1.05","1.03","1.16"
"Chinese Taipei","","..","..","..","..","..","..","..","..","..","..","..","..","..","..","..","..","..","..","..","..","..","..","..","..","..","..","..","..","..","..","..","..","..","..","..","..","..","..","..","..","..","..","..","..","..","..","..","..","..","..","..","..","..",".."
"Colombia","","..","..","..","..","..","..","..","..","..","..","..","..","..","..","..","..","..","..","..","..","..","..","..","..","0.01","0.02","0.08","0.03","0.04","0.02","0.03","0.03","0.03","0.07","0.08","0.13","0.08","0.19","0.19","0.23","0.28","0.09","0.17","0.19","0.22","0.09","0.06","0.02","..","..","..","0.11","0.01","0.05"
"Comoros","","..","..","..","..","..","..","..","..","..","..","..","..","..","..","..","..","..","..","..","..","..","..","..","..","..","..","..","..","..","..","..","..","..","..","..","..","..","..","..","..","..","..","..","..","..","..","..","..","..","..","..","..","..","0.02"
"Democratic Republic of the Congo","","..","..","..","..","..","..","..","..","..","..","..","..","..","..","..","..","..","..","..","..","..","..","..","..","..","..","..","..","..","..","..","..","..","..","..","..","0.14","0.23","..","0.05","..","..","0.06","0.47","0.07","0.22","0.05","..","0.77","0.08","..","..","..",".."
"Congo","","..","..","..","..","..","..","..","..","..","..","..","..","..","..","..","..","..","..","..","..","..","..","..","..","..","..","..","..","..","..","..","..","..","..","..","..","..","..","..","..","..","..","..","..","..","..","..","..","..","..","..","..","..",".."
"Cook Islands","","..","..","..","..","..","..","..","..","..","..","..","..","3.72","4.22","5.53","5.31","6.36","6.95","6.38","6.86","9.33","8.3","8.76","7.19","6.91","6.99","22.54","8.27","8.83","9.88","8.43","8.8","7.81","7.04","8.03","8.22","5.59","5.73","4.3","3.05","2.08","2.29","2.68","3.41","3.8","4.65","4.77","5.66","3.78","2.88","9.81","15.15","13.34","9.69"
"Costa Rica","","..","..","..","..","..","..","..","..","..","..","..","..","..","..","..","..","..","..","..","..","..","..","..","..","..","..","..","..","..","..","..","..","..","..","..","..","0.04","..","..","..","..","0.05","..","0.06","0.07","..","0.06","0.02","..","..","..","..","..",".."
"Cote d'Ivoire","","..","..","..","..","..","..","..","..","..","..","..","..","..","..","..","..","..","..","..","..","..","..","..","..","..","..","..","..","..","..","..","..","..","..","..","..","..","..","..","..","..","..","..","0.03","..","..","..","..","..","..","..","1.13","..",".."
"Croatia","","..","..","..","..","..","..","..","..","..","..","..","..","..","..","..","..","..","..","..","..","..","..","..","..","..","..","..","..","..","..","..","..","..","..","..","..","..","..","..","..","..","..","..","..","..","..","..","..","..","..","..","..","..",".."
"Cuba","","..","..","..","..","..","..","..","..","..","..","..","..","..","..","..","..","..","..","..","..","..","..","..","..","..","..","..","..","..","..","..","..","..","..","..","..","..","..","..","..","..","..","..","..","..","..","..","..","..","..","..","..","..",".."
"Cyprus","","..","..","..","..","..","..","..","..","..","..","..","..","..","0.01","..","..","0.02","..","..","..","..","..","..","..","..","..","..","..","..","..","..","..","..","..","..","0.01","0.01","..","..","..","..","..","..","..","..","..","..","..","..","..","..","..","..",".."
"Djibouti","","..","..","..","..","..","..","..","..","..","..","..","..","..","..","..","..","..","..","..","..","..","..","..","..","..","..","..","..","..","..","..","..","..","..","..","..","..","..","..","..","..","..","..","..","..","0.46","..","..","..","..","..","..","..",".."
"Dominica","","..","..","..","..","..","..","..","..","..","..","..","..","..","..","..","..","..","..","..","..","0.01","..","0.01","0.01","0.01","..","..","..","..","..","..","..","..","..","..","..","..","..","..","..","..","..","..","..","..","0.01","0.04","0.05","0.05","0.02","0.02","0.01","..",".."
"Dominican Republic","","..","..","..","..","..","..","..","..","..","..","..","..","..","..","..","..","..","..","..","..","..","..","..","..","..","..","..","..","..","..","..","..","..","..","..","..","..","..","..","..","..","..","..","..","..","..","..","..","..","..","..","..","..",".."
"East African Community","","..","..","..","..","..","..","..","..","..","..","..","..","..","..","..","..","..","..","..","..","..","..","..","..","..","..","..","..","..","..","..","..","..","..","..","..","..","..","..","..","..","..","..","..","..","..","..","..","..","..","..","..","..",".."
"Ecuador","","..","..","..","..","..","..","..","..","..","..","..","..","..","..","..","..","..","..","..","..","..","..","..","..","..","0.01","0.01","0.05","0.09","0.06","0.03","0.01","0.01","..","..","..","0.01","0.03","..","..","..","0.14","..","..","0.03","0.03","0.04","0.02","0.04","0.09","0.36","0.34","0.36","0.14"
"Egypt","","..","..","..","..","..","..","..","..","..","..","..","..","..","..","..","..","0.01","0.08","0.06","0.02","0.01","0.01","0.01","..","..","..","0.01","..","..","..","0.03","..","0.03","..","..","..","..","..","..","0.06","0.01","0.01","0.01","0.01","0.01","0.01","0.01","..","0.14","..","..","0.47","..",".."
"El Salvador","","..","..","..","..","..","..","..","..","..","..","..","..","..","..","..","..","..","..","..","..","..","..","..","..","..","..","0.04","..","..","..","..","..","0.06","0.02","0.02","0.06","0.06","0.08","0.06","0.17","0.02","0.06","0.03","0.04","0.03","0.1","0.08","0.04","0.06","0.05","0.03","0.04","0.02","0.03"
"Equatorial Guinea","","..","..","..","..","..","..","..","..","..","..","..","..","..","..","..","..","..","..","..","..","..","..","..","..","..","..","..","..","..","..","..","..","..","..","..","..","..","..","..","..","..","..","..","..","..","..","..","..","..","..","..","..","..",".."
"Eritrea","","..","..","..","..","..","..","..","..","..","..","..","..","..","..","..","..","..","..","..","..","..","..","..","..","..","..","..","..","..","..","..","..","..","0.05","0.06","..","..","..","..","..","0.18","0.08","0.03","1.2","0.16","0.03","..","..","..","..","..","..","..",".."
"Ethiopia","","..","..","..","..","..","..","..","..","..","..","..","..","..","0.07","..","..","..","..","..","..","..","..","..","..","..","..","..","..","..","..","0.04","0.01","0.03","..","0.14","0.06","0.15","0.18","0.06","0.21","0.27","0.18","0.79","1.28","0.8","1.21","0.16","0.06","0.34","0.4","..","0.19","0.02","0.04"
"Falkland Islands","","..","..","..","..","..","..","..","..","..","..","..","..","..","..","..","..","..","..","..","..","..","..","..","..","..","..","..","..","..","..","..","..","..","..","..","..","..","..","..","..","..","..","..","..","..","..","..","..","..","..","..","..","..",".."
"Fiji","","..","..","..","..","..","..","..","..","..","..","..","..","0.96","1.79","1.53","4.29","7.25","3.88","4.09","5.76","4.12","3.43","2.95","3.51","3.39","3.39","2.27","3.82","1.81","2.68","6.19","2.8","5.84","7.34","3.31","6.63","6.64","5.41","4.41","4.75","2.06","1.83","2.8","2.7","2.76","3.47","5.92","3.64","3.85","3.33","3.63","3.94","5.4","6.27"
"Former Yugoslav Republic of Macedonia (FYROM)","","..","..","..","..","..","..","..","..","..","..","..","..","..","..","..","..","..","..","..","..","..","..","..","..","..","..","..","..","..","..","..","..","..","..","..","..","..","..","..","..","..","..","..","..","..","..","..","..","..","..","..","..","..",".."
"French Polynesia","","..","..","..","..","..","..","..","..","..","..","..","..","..","..","..","..","..","..","..","..","..","..","..","0.03","..","..","..","..","..","..","0.01","..","..","0.02","0.07","0.13","0.13","0.16","0.15","0.17","..","..","..","..","..","..","..","..","..","..","..","..","..",".."
"Gabon","","..","..","..","..","..","..","..","..","..","..","..","..","..","..","..","..","..","..","..","..","..","..","..","..","..","..","..","..","..","..","..","..","..","..","..","..","..","..","..","..","..","..","..","..","..","..","..","..","..","..","..","..","..",".."
"Gambia","","..","..","..","..","..","..","..","..","..","..","..","..","..","..","..","..","..","..","..","..","..","..","..","..","..","..","..","..","..","..","..","..","..","..","..","..","0.04","0.04","0.05","0.04","0.03","0.03","..","0.02","0.05","0.05","..","..","0.03","0.03","0.04","0.01","..",".."
"Georgia","","..","..","..","..","..","..","..","..","..","..","..","..","..","..","..","..","..","..","..","..","..","..","..","..","..","..","..","..","..","..","..","..","..","..","..","..","..","..","..","..","..","..","..","..","..","..","..","..","..","..","..","..","..",".."
"Ghana","","..","..","..","..","..","..","..","..","..","..","..","..","0.01","0.01","0.02","0.01","..","..","..","..","..","..","..","0.02","..","..","..","..","..","0.01","0.03","0.01","0.03","..","0.06","0.13","0.09","0.17","0.07","0.19","0.11","0.02","0.08","0.06","0.07","0.12","0.17","0.12","0.19","0.17","0.16","0.4","0.2","0.18"
"Gibraltar","","..","..","..","..","..","..","..","..","..","..","..","..","..","..","..","..","..","..","..","..","..","..","..","..","..","..","..","..","..","..","..","..","..","..","..","..","..","..","..","..","..","..","..","..","..","..","..","..","..","..","..","..","..",".."
"Grenada","","..","..","..","..","..","..","..","..","..","..","..","..","..","..","..","..","..","..","..","..","..","..","..","..","..","..","..","..","..","..","..","..","..","..","..","0.04","0.03","..","..","..","..","..","..","..","..","0.07","0.1","..","0.07","..","..","..","..",".."
"Guatemala","","..","..","..","..","..","..","..","..","..","..","..","..","..","..","..","..","..","..","..","..","..","..","..","..","..","..","..","..","..","..","..","..","..","0.02","0.06","0.06","0.01","0.16","0.01","0.12","0.03","0.07","0.04","0.06","0.09","0.17","0.83","0.45","0.07","0.08","0.27","0.15","0.11","0.17"
"Guinea","","..","..","..","..","..","..","..","..","..","..","..","..","..","..","..","..","..","..","..","..","..","..","..","..","..","..","..","..","..","..","..","..","..","..","..","..","..","..","..","..","..","..","..","..","..","..","..","..","..","..","..","..","..",".."
"Guinea-Bissau","","..","..","..","..","..","..","..","..","..","..","..","..","..","..","..","..","..","..","..","..","..","..","..","..","..","..","..","..","..","..","..","..","..","..","..","..","..","..","..","..","..","..","..","..","..","..","..","..","..","..","..","..","..",".."
"Guyana","","..","..","..","..","..","..","..","..","..","..","..","..","..","..","..","..","0.08","0.05","0.2","0.05","0.02","0.01","0.01","..","..","..","..","..","..","..","0.01","..","..","..","..","..","..","..","..","..","0.01","0.01","0.01","..","..","0.11","0.09","0.06","0.05","0.06","0.05","..","..",".."
"Haiti","","..","..","..","..","..","..","..","..","..","..","..","..","..","..","..","..","..","..","..","..","..","..","..","..","..","..","..","..","..","..","..","..","..","..","..","..","..","0.02","0.01","0.01","..","..","0.01","..","0.07","0.13","0.07","0.02","0.06","0.06","1.44","..","..",".."
"Honduras","","..","..","..","..","..","..","..","..","..","..","..","..","..","..","..","0.05","..","..","..","..","..","..","..","..","..","..","..","..","..","..","..","..","..","..","0.04","0.01","..","0.09","..","0.11","0.05","0.08","0.04","..","..","..","0.12","0.19","0.13","0.19","0.12","0.03","0.02",".."
"Hong Kong, China","","..","..","..","..","..","..","..","..","..","..","..","..","0.01","0.03","..","..","..","..","..","..","..","..","..","..","..","..","..","..","..","..","0.15","0.02","..","..","..","0.01","0.01","..","..","..","..","..","..","..","..","..","..","..","..","..","..","..","..",".."
"India","","..","..","..","..","..","..","..","..","..","..","..","..","0.45","0.22","0.2","0.73","0.37","0.51","0.67","0.36","0.33","0.27","0.14","0.01","0.02","0.01","0.1","0.14","0.14","0.14","0.2","0.08","0.06","0.16","0.47","0.58","0.57","0.77","0.53","0.79","0.96","1.04","0.69","1.02","0.96","1.7","0.94","1.26","1.68","1.91","0.36","0.88","0.38","0.49"
"Indonesia","","..","..","..","..","..","..","..","..","..","..","..","..","1.97","2.19","3.96","7.09","4.17","2.7","2.78","2.81","3.07","4.52","4.88","4.06","2.9","1.46","2.39","2.1","2.33","2.24","3.12","2.35","2.58","2.79","3.2","3.28","3.46","4.23","3.24","3.92","2.88","2.99","4.47","4.84","6.53","13.04","8.76","13.16","12.11","5.14","6.54","15.28","12.02","6.33"
"Iran","","..","..","..","..","..","..","..","..","..","..","..","..","..","..","..","..","0.03","0.03","0.01","..","..","..","..","..","..","..","..","..","0.02","..","..","..","..","0.02","..","..","..","0.08","..","0.03","0.03","0.02","0.42","0.09","0.43","0.35","..","..","..","..","..","..","..",".."
"Iraq","","..","..","..","..","..","..","..","..","..","..","..","..","..","..","..","..","..","..","0.01","..","..","..","..","..","..","..","..","..","..","..","..","..","..","..","..","0.07","..","..","..","..","0.05","..","1.94","9.64","2.43","2.32","2.6","4.19","1.38","..","0.36","..","..",".."
"Israel","","..","..","..","..","..","..","..","..","..","..","..","..","..","..","..","..","..","..","..","..","..","..","..","..","..","..","..","..","..","..","0.01","..","0.01","..","..","..","..","..","..","..","..","..","..","..","..","..","..","..","..","..","..","..","..",".."
"Jamaica","","..","..","..","..","..","..","..","..","..","..","..","..","0.02","0.02","0.03","0.04","0.38","0.13","0.06","0.6","0.17","0.03","..","0.01","0.01","..","0.01","0.01","0.01","0.01","..","..","..","..","..","0.02","0.02","0.07","0.04","0.03","0.02","..","0.03","0.05","0.03","0.03","0.06","0.06","0.07","0.11","0.1","0.07","0.11","0.07"
"Jordan","","..","..","..","..","..","..","..","..","..","..","..","..","..","..","..","..","..","..","..","..","..","..","..","..","..","..","..","..","..","..","..","..","..","..","..","..","..","..","..","..","..","..","..","..","..","..","..","..","..","..","..","..","..",".."
"Kazakstan","","..","..","..","..","..","..","..","..","..","..","..","..","..","..","..","..","..","..","..","..","..","..","..","..","..","..","..","..","..","..","..","..","..","0.02","..","..","0.04","0.03","0.03","0.01","..","0.01","0.02","0.02","0.01","..","..","..","..","..","..","..","..",".."
"Kenya","","..","..","..","..","..","..","..","..","..","..","..","..","0.02","0.01","..","0.01","0.03","0.03","0.01","..","..","..","..","..","0.01","0.01","0.01","0.02","0.16","0.4","0.48","0.3","0.15","0.22","0.35","0.32","0.38","0.43","0.54","0.38","0.36","0.43","0.36","0.37","0.54","0.94","1.31","0.78","0.75","0.88","0.41","1.47","1","1.52"
"Kiribati","","..","..","..","..","..","..","..","..","..","..","..","..","0.07","0.04","0.03","0.07","0.07","0.36","0.17","0.28","0.32","0.42","0.35","0.32","0.49","0.87","0.9","1.77","1.73","1.66","1.71","2.13","1.36","1.59","1.58","1.6","1.98","2.44","2.03","2.27","1.7","1.54","1.56","2.13","2.05","1.68","2.08","2.41","3.63","5.33","2.88","12.9","12.58","6.76"
"Korea","","..","..","..","..","..","..","..","..","..","..","..","..","0.21","0.27","0.45","0.5","0.38","0.5","0.4","0.26","0.1","0.05","0.03","0.02","0.05","0.02","0.04","0.05","0.02","0.01","..","..","..","..","..","..","..","..","..","..","..","..","..","..","..","..","..","..","..","..","..","..","..",".."
"Korea, Dem. Rep.","","..","..","..","..","..","..","..","..","..","..","..","..","..","..","..","..","..","..","..","..","..","..","..","..","..","..","..","..","..","..","..","..","..","..","..","0.33","0.76","0.79","0.35","0.26","0.33","0.29","0.28","0.21","1.11","0.3","0.21","0.4","0.35","..","..","..","..",".."
"Kosovo","","..","..","..","..","..","..","..","..","..","..","..","..","..","..","..","..","..","..","..","..","..","..","..","..","..","..","..","..","..","..","..","..","..","..","..","..","..","..","..","..","..","..","..","..","..","..","..","..","..","..","..","..","..",".."
"Kuwait","","..","..","..","..","..","..","..","..","..","..","..","..","..","..","..","..","..","..","..","..","..","..","..","..","..","..","..","..","..","..","..","..","..","..","..","..","..","..","..","..","..","..","..","..","..","..","..","..","..","..","..","..","..",".."
"Kyrgyz Republic","","..","..","..","..","..","..","..","..","..","..","..","..","..","..","..","..","..","..","..","..","..","..","..","..","..","..","..","..","..","..","..","..","..","..","..","..","0.1","0.11","0.07","0.03","0.01","..","0.01","0.03","0.07","0.21","0.19","0.02","0.06","..","0.07","..","..",".."
"Laos","","..","..","..","..","..","..","..","..","..","..","..","..","0.06","0.19","0.2","0.1","0.41","0.02","0.01","0.01","..","0.02","..","..","0.01","0.02","0.01","0.01","0.01","0.01","0.01","0.02","0.02","0.03","0.22","0.35","0.78","0.72","0.78","0.9","0.65","0.67","0.92","0.9","1.67","1.2","2.52","2.01","2.63","1.39","2.62","2.45","4.94","4.55"
"Lebanon","","..","..","..","..","..","..","..","..","..","..","..","..","..","..","..","..","..","..","..","..","..","..","..","..","0.03","0.01","0.02","..","..","..","..","..","..","..","0.01","0.02","0.14","0.01","..","..","..","..","..","..","..","..","0.81","..","0.61","0.55","0.63","0.69","0.4",".."
"Lesotho","","..","..","..","..","..","..","..","..","..","..","..","..","..","..","..","..","..","..","..","..","0.01","..","..","..","..","..","0.01","..","..","..","..","..","..","..","..","0.02","0.01","..","..","0.07","0.05","0.05","0.03","0.15","0.08","0.05","0.01","0.03","0.02","..","..","..","..",".."
"Liberia","","..","..","..","..","..","..","..","..","..","..","..","..","..","..","..","..","..","..","..","..","..","..","..","..","..","..","..","..","..","..","..","..","..","..","..","..","0.1","..","..","0.05","..","..","..","0.18","0.05","0.09","..","..","..","..","..","..","..",".."
"Libya","","..","..","..","..","..","..","..","..","..","..","..","..","..","..","..","..","..","..","..","..","..","..","..","..","..","..","..","..","..","..","..","..","..","..","..","..","..","..","..","..","..","..","..","..","..","..","..","..","..","..","..","0.79","0.81",".."
"Macao","","..","..","..","..","..","..","..","..","..","..","..","..","..","..","..","..","..","..","..","..","..","..","..","..","..","..","..","..","..","..","..","..","..","..","..","..","..","..","..","..","..","..","..","..","..","..","..","..","..","..","..","..","..",".."
"Madagascar","","..","..","..","..","..","..","..","..","..","..","..","..","..","..","..","..","..","..","..","..","..","..","..","..","..","..","..","..","..","..","..","..","..","..","..","..","..","..","..","..","..","..","..","..","0.05","..","..","..","..","..","..","..","..",".."
"Malawi","","..","..","..","..","..","..","..","..","..","..","..","..","..","0.01","..","..","..","..","0.04","0.05","0.04","0.02","0.01","..","0.01","0.01","..","..","..","..","..","..","..","..","..","0.1","0.12","0.25","0.13","0.22","0.2","0.14","0.14","0.08","0.09","0.31","0.33","0.14","0.15","0.2","0.1","0.15","0.1","0.04"
"Malaysia","","..","..","..","..","..","..","..","..","..","..","..","..","1.75","1","1.59","1.88","2.48","1.37","1.45","0.82","0.71","0.4","0.18","0.11","0.18","0.15","0.18","0.2","0.15","0.09","3.39","0.01","0.23","0.11","0.01","0.22","0.09","0.16","0.07","0.16","0.12","0.13","0.06","0.09","0.09","0.04","0.02","0.02","0.03","0.02","..","..","0.03","0.06"
"Maldives","","..","..","..","..","..","..","..","..","..","..","..","..","0.02","0.03","0.03","0.02","0.24","0.03","0.02","0.01","0.01","0.02","..","..","..","0.01","0.01","0.04","0.02","0.03","0.04","0.03","0.03","0.04","0.05","0.19","0.29","0.35","0.22","0.27","0.27","0.12","0.29","0.35","0.24","1.34","0.32","0.47","0.5","0.5","0.6","0.48","0.43","0.21"
"Mali","","..","..","..","..","..","..","..","..","..","..","..","..","..","..","..","..","..","..","..","..","..","..","..","..","..","..","..","..","..","..","..","..","..","..","..","..","0.04","0.1","..","0.14","0.2","0.11","..","0.04","0.05","0.4","..","..","..","..","..","..","..",".."
"Malta","","..","..","..","..","..","..","..","..","..","..","..","..","..","..","..","..","0.03","0.03","..","0.01","..","..","..","..","..","..","..","..","..","..","..","..","..","..","..","0.01","..","0.04","0.04","..","0.02","0.02","..","..","..","..","..","..","..","..","..","..","..",".."
"Marshall Islands","","..","..","..","..","..","..","..","..","..","..","..","..","..","..","..","..","..","..","..","..","..","..","..","..","..","..","..","..","..","..","..","..","0.04","0.04","0.01","0.16","0.01","0.15","0.05","0.1","0.1","0.12","0.18","0.17","0.1","0.13","0.08","0.07","0.16","..","0.09","0.04","0.02","0.05"
"Mauritania","","..","..","..","..","..","..","..","..","..","..","..","..","..","..","..","..","..","..","..","..","..","..","..","..","..","..","..","..","..","..","..","..","..","..","..","..","..","..","..","..","..","..","..","..","..","0.35","..","..","..","..","..","..","..",".."
"Mauritius","","..","..","..","..","..","..","..","..","..","..","..","..","0.01","0.01","0.05","0.01","..","..","..","..","..","..","..","..","..","..","..","..","..","..","..","..","..","..","..","0.02","0.01","0.01","..","..","0.01","..","0.01","0.02","0.03","..","0.03","0.04","0.03","0.04","0.04","0.01","..",".."
"Mayotte","","..","..","..","..","..","..","..","..","..","..","..","..","..","..","..","..","..","..","..","..","..","..","..","..","..","..","..","..","..","..","..","..","..","..","..","..","..","..","..","..","..","..","..","..","..","..","..","..","..","..","..","..","..",".."
"Mekong Delta Project","","..","..","..","..","..","..","..","..","..","..","..","..","..","..","..","..","..","..","..","..","..","..","..","..","..","..","..","..","..","..","..","..","..","..","..","..","..","..","..","..","..","..","..","..","..","..","..","..","..","..","..","..","..",".."
"Mexico","","..","..","..","..","..","..","..","..","..","..","..","..","..","..","..","..","..","..","..","..","..","..","..","..","..","0.13","0.01","0.01","0.07","0.05","0.1","0.08","0.07","0.24","0.16","0.15","0.23","0.41","0.42","0.28","0.14","0.29","0.23","0.32","0.39","0.39","0.22","0.14","0.07","0.02","0.03","0.12","0.07","0.04"
"Micronesia","","..","..","..","..","..","..","..","..","..","..","..","..","..","..","..","..","..","..","..","..","..","..","..","..","..","..","..","..","..","..","..","..","0.05","0.05","0.07","0.19","0.12","0.2","0.21","0.27","0.23","0.18","0.04","0.43","0.29","0.35","0.2","0.17","0.13","0.1","0.06","0.05","0.24","0.07"
"Moldova","","..","..","..","..","..","..","..","..","..","..","..","..","..","..","..","..","..","..","..","..","..","..","..","..","..","..","..","..","..","..","..","..","..","..","..","..","..","..","..","..","..","..","..","..","..","..","..","..","..","..","..","..","..",".."
"Mongolia","","..","..","..","..","..","..","..","..","..","..","..","..","..","..","..","..","..","..","..","..","..","..","..","..","..","..","..","..","..","..","..","0.02","0.04","0.12","0.06","0.24","0.51","0.74","0.49","0.37","0.49","0.4","0.4","0.25","0.25","0.33","0.33","0.27","0.29","0.38","0.19","0.56","0.39","0.28"
"Montenegro","","..","..","..","..","..","..","..","..","..","..","..","..","..","..","..","..","..","..","..","..","..","..","..","..","..","..","..","..","..","..","..","..","..","..","..","..","..","..","..","..","..","..","..","..","..","..","..","..","..","..","..","..","..",".."
"Montserrat","","..","..","..","..","..","..","..","..","..","..","..","..","..","..","..","..","..","..","..","..","..","..","..","..","..","..","..","..","..","..","..","..","..","..","..","..","..","0.03","..","..","..","0.02","..","0.01","..","..","..","..","..","..","..","..","..",".."
"Morocco","","..","..","..","..","..","..","..","..","..","..","..","..","..","..","..","..","..","..","..","..","..","..","..","..","..","..","..","..","..","..","..","..","..","..","..","..","..","..","..","..","..","..","..","..","..","..","..","..","..","..","..","..","..","0.02"
"Mozambique","","..","..","..","..","..","..","..","..","..","..","..","..","..","..","..","..","..","..","..","..","..","..","..","..","..","..","..","..","..","0.03","..","..","0.01","0.03","0.09","0.12","0.29","0.16","0.2","0.18","0.58","0.42","0.19","0.61","0.43","0.48","0.23","0.21","0.2","0.22","..","..","0.1","0.16"
"Myanmar (Burma)","","..","..","..","..","..","..","..","..","..","..","..","..","0.19","0.06","0.01","0.03","0.05","0.18","0.09","0.05","0.03","0.02","..","..","0.01","..","0.01","0.01","..","..","..","..","..","..","..","0.08","0.09","0.11","0.12","0.11","0.1","0.07","0.07","0.42","0.59","0.75","0.65","0.87","3.05","0.42","0.89","1.27","1.79","1.22"
"Namibia","","..","..","..","..","..","..","..","..","..","..","..","..","..","..","..","..","..","..","..","..","..","..","..","..","..","..","..","..","..","..","..","0.02","0.03","0.05","0.11","0.02","0.12","0.2","0.11","0.2","0.28","0.16","0.1","0.09","0.32","0.09","..","0.04","0.03","..","..","..","0.11","0.03"
"Nauru","","..","..","..","..","..","..","..","..","..","..","..","..","..","..","..","..","..","..","..","..","..","..","..","..","..","..","..","..","..","..","0.01","..","..","0.02","..","0.03","0.02","..","..","..","..","..","0.02","..","..","0.35","0.2","1.33","0.77","1.11","1.7","1.61","2.46","2.1"
"Nepal","","..","..","..","..","..","..","..","..","..","..","..","..","0.01","0.02","0.22","0.26","0.47","0.4","0.45","0.35","0.62","0.17","0.12","0.03","0.02","0.04","0.08","0.12","0.06","0.12","0.11","0.12","0.11","0.25","0.28","0.48","0.43","0.76","0.4","0.52","0.44","0.47","0.52","0.78","1.57","1.4","1.24","1.68","1.89","1.77","0.56","1.62","1.28","0.74"
"Netherlands Antilles","","..","..","..","..","..","..","..","..","..","..","..","..","..","..","..","..","..","..","..","..","..","..","..","..","..","..","..","..","..","..","..","..","..","..","..","..","..","..","..","..","..","..","..","..","..","..","..","..","..","..","..","..","..",".."
"New Caledonia","","..","..","..","..","..","..","..","..","..","..","..","..","..","..","..","..","..","..","..","..","..","..","..","..","..","..","..","0.01","0.02","0.03","0.11","0.12","0.2","0.17","0.15","0.31","0.36","0.26","0.38","0.33","..","..","..","..","..","..","..","..","..","..","..","..","..",".."
"Nicaragua","","..","..","..","..","..","..","..","..","..","..","..","..","..","..","..","..","..","..","..","..","..","..","..","..","..","..","..","..","0.02","0.1","0.02","0.05","..","..","..","0.04","..","0.06","..","0.06","0.08","0.2","0.1","0.07","0.17","0.58","0.5","0.7","0.32","0.4","0.05","0.06","..",".."
"Niger","","..","..","..","..","..","..","..","..","..","..","..","..","..","..","..","..","..","..","..","..","..","..","..","..","..","..","..","..","..","..","..","..","..","..","..","..","..","..","..","..","..","..","..","..","0.05","0.5","..","..","..","..","..","..","0.4",".."
"Nigeria","","..","..","..","..","..","..","..","..","..","..","..","..","0.01","0.01","0.02","0.01","..","..","..","..","..","..","..","..","0.01","0.01","..","..","0.01","0.01","0.05","0.02","0.01","0.02","0.04","0.02","..","0.02","..","0.03","0.03","..","0.08","0.07","0.09","0.06","0.08","0.07","..","..","..","..","..",".."
"Niue","","..","..","..","..","..","..","..","..","..","..","..","..","1.34","1.65","2.88","2.24","2.75","3.28","4.03","4.72","3.25","3.45","3.96","5.28","2.92","3.45","3.66","6.44","4.72","5.15","6.4","8.14","4","3.87","6.21","7.28","5.91","4.4","3.39","3.3","2.27","2.74","3.69","8.17","8.83","18.64","7.68","12.95","15.42","5.55","12.56","16.4","12.94","12.52"
"Northern Marianas","","..","..","..","..","..","..","..","..","..","..","..","..","..","..","..","..","..","..","..","..","..","..","..","..","..","..","..","..","0.07","0.08","0.14","0.1","0.01","..","..","..","..","..","..","..","..","..","..","..","..","..","..","..","..","..","..","..","..",".."
"Oman","","..","..","..","..","..","..","..","..","..","..","..","..","..","..","..","..","..","..","..","..","..","..","..","..","..","..","..","..","..","..","..","..","..","..","..","..","..","..","..","..","..","..","..","..","..","..","..","..","..","..","..","..","..",".."
"Pakistan","","..","..","..","..","..","..","..","..","..","..","..","..","0.16","0.15","0.03","1.57","0.4","0.07","0.02","0.02","0.02","0.02","0.01","0.02","0.02","0.01","0.04","0.03","0.01","0.02","0.1","0.04","0.09","0.09","0.14","0.14","0.2","0.25","0.32","0.14","0.22","0.25","0.39","0.4","0.22","1.76","0.6","0.59","0.21","0.77","2.88","1.18","..",".."
"Palau","","..","..","..","..","..","..","..","..","..","..","..","..","..","..","..","..","..","..","..","..","..","..","..","..","..","..","..","..","..","..","..","..","..","..","..","..","0.05","0.02","0.04","0.1","0.05","0.16","0.24","0.06","0.03","0.03","..","0.03","0.04","0.01","0.01","..","..","0.04"
"Panama","","..","..","..","..","..","..","..","..","..","..","..","..","..","..","..","..","..","..","..","..","..","..","..","..","..","..","..","..","..","..","..","..","..","..","..","..","..","..","..","..","..","..","..","..","..","..","..","..","..","..","..","..","..",".."
"Papua New Guinea","","..","..","..","..","..","..","..","..","..","..","..","..","0.06","..","0.28","1.51","1.18","1.94","2.91","2.26","2.31","2.96","1.99","1.56","2.08","2.86","1.73","2.11","2.58","3.43","2.55","3.37","2.85","3.73","3.67","5.37","5.53","6.58","6.28","8.7","6.72","6.78","5.94","7.71","8.36","9.53","13.65","12.73","17.22","14.69","23.85","25.73","24.28","19.07"
"Paraguay","","..","..","..","..","..","..","..","..","..","..","..","..","..","..","..","..","..","..","..","..","..","..","..","..","..","..","..","..","..","..","..","..","..","..","..","..","..","..","..","..","..","0.05","0.1","0.09","0.06","0.05","..","0.08","0.14","0.08","0.03","0.03","0.01","0.09"
"Peru","","..","..","..","..","..","..","..","..","..","..","..","..","..","..","0.06","0.38","0.38","0.38","0.3","0.37","0.35","0.42","..","0.03","0.05","0.06","0.08","0.17","0.07","0.08","0.1","0.05","0.03","0.06","0.09","0.06","0.03","0.09","0.16","0.15","0.04","0.21","0.11","0.28","0.17","0.21","1.2","1.16","0.01","0.05","0.24","0.1","0.12","0.18"
"Philippines","","..","..","..","..","..","..","..","..","..","..","..","..","0.25","0.43","0.9","4.64","3.32","2.69","3.08","1.61","1.2","1.27","1.05","0.95","1.27","0.93","0.75","1.11","0.9","1.25","1.64","1.48","1.03","1.51","1.44","2","2.45","2.94","2.22","2.12","1.87","1.97","1.94","2.22","3.36","3.94","4.49","3.62","2.69","3.93","2.25","4.8","3.86","10.16"
"Qatar","","..","..","..","..","..","..","..","..","..","..","..","..","..","..","..","..","..","..","..","..","..","..","..","..","..","..","..","..","..","..","..","..","..","..","..","..","..","..","..","..","..","..","..","..","..","..","..","..","..","..","..","..","..",".."
"Rwanda","","..","..","..","..","..","..","..","..","..","..","..","..","..","..","..","..","..","..","..","..","..","..","..","..","..","..","..","..","..","..","..","..","..","..","1.3","0.8","0.17","0.21","0.09","..","0.04","0.11","0.09","0.12","0.1","0.11","0.06","0.03","..","..","..","..","..",".."
"Samoa","","..","..","..","..","..","..","..","..","..","..","..","..","0.93","1.4","2.26","4.35","2.06","3.57","4.15","4.84","4.07","3.72","3.18","3.87","3.75","3.77","3.35","3.91","3.98","3.51","5.75","4.21","7.88","5.67","5.13","6.3","6.65","6.07","5.61","5.71","4.26","4.16","4.63","4.73","5.9","4.29","7.34","6.29","7.62","10.34","17.76","11.71","17.78","22.04"
"Sao Tome & Principe","","..","..","..","..","..","..","..","..","..","..","..","..","..","..","..","..","..","..","..","..","..","..","..","..","..","..","..","..","..","..","..","..","..","..","..","..","..","..","..","..","..","..","..","..","..","..","..","..","..","..","..","..","..",".."
"Saudi Arabia","","..","..","..","..","..","..","..","..","..","..","..","..","..","..","..","..","..","..","..","..","..","..","..","..","..","..","..","..","..","..","..","..","..","..","..","..","..","..","..","..","..","..","..","..","..","..","..","..","..","..","..","..","..",".."
"Senegal","","..","..","..","..","..","..","..","..","..","..","..","..","..","..","..","..","..","..","..","..","..","..","..","..","..","..","..","..","..","..","..","..","..","..","..","..","..","0.03","..","..","..","0.01","..","..","..","..","..","..","..","..","..","..","..",".."
"Serbia","","..","..","..","..","..","..","..","..","..","..","..","..","..","..","..","..","..","..","..","..","..","..","..","..","..","..","..","..","..","..","..","..","..","..","..","..","..","..","..","0.85","..","..","..","..","..","..","..","..","..","..","..","..","..",".."
"Seychelles","","..","..","..","..","..","..","..","..","..","..","..","..","..","..","..","..","..","..","..","..","..","..","..","..","0.01","0.01","0.02","0.02","0.03","0.03","0.04","0.01","..","..","..","..","..","..","..","0.02","0.02","0.02","0.02","0.03","0.03","0.01","..","0.03","0.03","0.05","0.06","0.05","0.04","0.02"
"Sierra Leone","","..","..","..","..","..","..","..","..","..","..","..","..","..","0.01","0.01","0.01","..","0.02","0.02","0.02","0.05","0.01","..","..","..","..","..","..","0.02","..","..","0.01","..","..","0.01","..","0.13","0.07","0.05","0.1","0.13","0.12","..","0.02","0.03","0.06","0.02","0.12","0.03","0.03","0.02","..","..","0.04"
"Singapore","","..","..","..","..","..","..","..","..","..","..","..","..","0.21","0.35","0.28","0.39","0.26","0.17","0.15","0.11","0.12","0.14","0.1","0.09","0.09","0.07","0.08","0.11","0.12","0.07","1.04","0.02","0.06","0.01","..","..","..","..","..","..","..","..","..","..","..","..","..","..","..","..","..","..","..",".."
"Slovenia","","..","..","..","..","..","..","..","..","..","..","..","..","..","..","..","..","..","..","..","..","..","..","..","..","..","..","..","..","..","..","..","..","..","..","..","..","..","..","..","..","..","..","..","..","..","..","..","..","..","..","..","..","..",".."
"Solomon Islands","","..","..","..","..","..","..","..","..","..","..","..","..","0.02","0.03","0.07","0.1","0.4","0.32","0.35","0.83","0.62","0.57","0.56","0.68","1.2","0.59","1.4","1.51","1.47","2.05","2.07","1.66","2.09","2.99","2.62","3.81","4.34","5.21","4.45","4.84","5.29","6.46","3.33","6.16","11.62","10.42","17.65","17.59","22.06","26.83","25.48","21.16","29.38","33.86"
"Somalia","","..","..","..","..","..","..","..","..","..","..","..","..","..","..","..","..","..","..","..","..","..","..","..","..","..","..","..","..","..","..","..","..","..","0.11","0.08","0.03","..","0.05","..","0.07","0.05","..","1.43","0.44","0.55","0.99","0.17","0.51","0.8","0.11","0.04","2.55","0.11",".."
"South Africa","","..","..","..","..","..","..","..","..","..","..","..","..","..","..","..","..","..","..","..","..","..","..","..","..","..","..","..","..","..","..","..","..","..","0.16","0.27","0.41","0.38","1.02","0.65","0.8","0.61","0.8","0.69","1.46","1.24","1.49","1.41","1.38","1.11","0.89","1.03","0.57","0.44","0.39"
"South Sudan","","..","..","..","..","..","..","..","..","..","..","..","..","..","..","..","..","..","..","..","..","..","..","..","..","..","..","..","..","..","..","..","..","..","..","..","..","..","..","..","..","..","..","..","..","..","..","..","..","..","..","..","0.79","..",".."
"Sri Lanka","","..","..","..","..","..","..","..","..","..","..","..","..","0.03","0.04","0.05","1.47","0.67","0.24","0.15","0.12","0.08","0.06","0.01","0.04","0.03","0.03","0.03","0.07","..","0.1","0.14","0.05","0.04","0.07","0.16","0.43","0.21","0.6","0.29","0.48","0.33","0.38","0.68","0.47","0.9","3.39","1.47","1.71","1.01","1.47","0.19","1.11","1.13","1.09"
"St. Helena","","..","..","..","..","..","..","..","..","..","..","..","..","..","..","..","..","..","..","..","..","..","..","..","..","..","..","..","..","..","..","..","..","..","..","..","..","..","..","..","..","..","..","..","..","..","..","..","..","..","..","..","..","..",".."
"St. Kitts-Nevis","","..","..","..","..","..","..","..","..","..","..","..","..","..","..","..","..","..","..","..","..","..","..","..","..","..","..","..","..","..","..","..","..","..","..","..","..","..","..","..","..","..","..","..","..","..","..","..","..","..","..","..","..","..",".."
"St. Lucia","","..","..","..","..","..","..","..","..","..","..","..","..","..","..","..","..","..","..","..","..","..","..","..","..","..","..","..","..","..","..","..","..","..","..","..","0.02","0.03","..","..","0.02","0.01","..","0.01","0.07","0.08","0.08","0.11","0.1","0.07","0.05","0.1","0.07","0.07","0.08"
"St.Vincent & Grenadines","","..","..","..","..","..","..","..","..","..","..","..","..","..","..","..","..","..","..","..","..","..","..","..","..","..","..","..","..","..","..","..","..","..","..","..","0.02","0.03","0.01","..","..","..","0.01","..","..","..","..","..","0.02","0.06","0.05","0.06","0.05","0.04","0.04"
"Sts Ex-Yugo. Unspec.","","..","..","..","..","..","..","..","..","..","..","..","..","..","..","..","..","..","..","..","..","0.02","..","..","..","..","..","..","..","..","..","..","0.04","0.03","0.16","..","0.2","..","..","..","..","..","..","..","..","..","..","..","..","..","..","..","..","..",".."
"Sudan","","..","..","..","..","..","..","..","..","..","..","..","..","..","..","..","..","..","..","..","..","..","..","..","..","..","..","..","..","..","..","..","0.12","..","0.06","0.2","0.11","0.07","0.1","0.31","0.16","..","0.24","0.23","1.18","4.43","3.69","1.86","2.23","1.88","0.55","..","..","..",".."
"Suriname","","..","..","..","..","..","..","..","..","..","..","..","..","..","..","..","..","..","..","..","..","..","..","..","..","..","..","..","..","..","..","..","..","..","..","..","..","..","..","..","..","..","..","..","..","..","..","..","..","..","..","..","..","..",".."
"Swaziland","","..","..","..","..","..","..","..","..","..","..","..","..","0.01","..","..","..","0.04","..","0.01","0.01","0.01","..","..","..","..","..","..","..","..","..","..","..","..","..","..","..","..","..","0.02","0.03","0.03","0.05","0.1","0.02","0.02","..","..","0.01","..","0.11","..","0.19","..","0.05"
"Syria","","..","..","..","..","..","..","..","..","..","..","..","..","..","..","..","..","..","..","..","..","..","..","..","..","..","..","..","..","..","..","..","..","..","..","..","..","..","..","..","..","..","..","0.03","0.05","0.04","..","..","..","..","..","..","..","1.82","2.63"
"Tajikistan","","..","..","..","..","..","..","..","..","..","..","..","..","..","..","..","..","..","..","..","..","..","..","..","..","..","..","..","..","..","..","..","..","..","..","..","..","..","..","..","..","0.06","0.14","0.04","0.07","0.1","0.06","0.05","..","..","..","..","..","..",".."
"Tanzania","","..","..","..","..","..","..","..","..","..","..","..","..","0.01","..","0.03","1.14","0.4","0.35","0.68","0.74","1.1","0.69","0.09","0.03","0.06","0.05","0.08","0.12","0.38","0.13","0.19","0.1","0.09","0.17","0.21","0.35","0.24","0.48","0.58","0.54","0.32","0.97","0.61","1.07","1","1.19","1.62","1.08","1.18","1.22","0.94","0.72","0.21","0.59"
"Thailand","","..","..","..","..","..","..","..","..","..","..","..","..","0.55","1.02","1.55","1.56","1.53","2.15","1.85","1.71","2.17","1.29","1.12","0.82","0.83","0.68","0.94","1.03","1.28","0.96","1.27","0.68","0.65","1.08","1.13","1.32","0.99","1.32","1.14","1.16","0.87","0.64","0.67","0.62","0.24","0.42","0.1","0.09","0.26","0.07","..","0.12","0.02","0.06"
"Timor-Leste","","..","..","..","..","..","..","..","..","..","..","..","..","..","..","..","..","..","..","..","..","..","..","..","..","..","..","..","..","..","..","..","..","..","..","..","..","..","0.01","..","1.27","1.81","1.57","1.14","2.93","3.32","2.52","5.2","3.15","5.1","5.1","6.58","7.93","8.32","9.19"
"Togo","","..","..","..","..","..","..","..","..","..","..","..","..","..","..","..","..","..","..","..","..","..","..","..","..","..","..","..","..","..","..","..","..","..","..","..","..","..","..","..","..","..","..","..","..","..","..","..","..","..","..","..","..","..",".."
"Tokelau","","..","..","..","..","..","..","..","..","..","..","..","..","0.42","0.44","0.88","0.21","1.2","1.15","0.94","1.76","1.84","1.33","1.84","1.67","1.72","1.58","1.77","1.62","3.41","4.32","4.38","4.02","3.99","2.47","2.82","3.47","4.52","4.12","3.43","4.53","3.32","3.76","4.54","6.16","7.9","15.49","6.76","12.3","20.99","8.84","13.12","17.77","17.45","23.13"
"Tonga","","..","..","..","..","..","..","..","..","..","..","..","..","0.18","0.45","0.62","1.35","1.27","2.14","2.16","2.99","2.8","2.31","2.3","3.05","2.97","2.65","2.14","3.06","2.75","2.7","3.76","2.75","3.44","4.57","3.44","5.08","5.59","5.56","4.31","4.46","3.53","3.59","3.67","3.83","3.87","4.83","6.08","11.89","6.37","7.18","11.42","14.7","19.19","13.21"
"Trinidad & Tobago","","..","..","..","..","..","..","..","..","..","..","..","..","..","..","..","..","..","..","0.01","0.01","0.01","0.01","..","..","..","..","..","..","..","..","..","..","0.01","0.01","..","..","0.01","..","0.01","0.12","0.06","0.01","0.03","0.02","0.02","0.03","0.07","0.09","0.07","0.03","0.04","..","..",".."
"Tunisia","","..","..","..","..","..","..","..","..","..","..","..","..","..","..","..","..","..","..","..","..","..","..","..","..","..","..","..","..","..","..","..","..","..","..","..","..","..","..","..","..","..","..","..","..","..","..","..","..","..","..","..","..","..","0.02"
"Turkey","","..","..","..","..","..","..","..","..","..","..","..","..","..","..","..","..","..","..","..","..","..","..","..","..","..","..","..","..","..","..","..","..","..","..","..","..","..","0.07","0.09","0.17","0.1","..","0.02","0.07","..","..","..","..","..","..","..","0.2","..",".."
"Turkmenistan","","..","..","..","..","..","..","..","..","..","..","..","..","..","..","..","..","..","..","..","..","..","..","..","..","..","..","..","..","..","..","..","..","..","..","..","..","..","..","..","..","..","0.04","0.01","0.02","..","..","..","..","..","..","..","..","..",".."
"Turks & Caicos Islands","","..","..","..","..","..","..","..","..","..","..","..","..","..","..","..","..","..","..","..","..","..","..","..","..","..","..","..","..","..","..","..","..","..","..","..","..","..","..","..","..","..","..","..","..","..","..","..","..","..","..","..","..","..",".."
"Tuvalu","","..","..","..","..","..","..","..","..","..","..","..","..","..","..","..","..","..","0.03","0.04","0.13","0.31","0.43","0.38","0.36","0.53","0.41","1.18","6.49","1.17","1.08","1.09","1.42","0.95","1.12","1.18","1.24","1.4","1.68","1.59","1.2","1.1","0.92","0.98","1.25","1.18","1.63","1.41","2.16","4.49","1.32","1.89","3.9","4.29","3.43"
"Uganda","","..","..","..","..","..","..","..","..","..","..","..","..","0.01","..","..","..","..","..","..","..","..","0.02","..","0.01","0.01","0.01","0.01","0.01","..","..","..","..","0.02","0.03","0.09","0.13","0.03","0.34","0.05","0.27","0.41","0.33","0.22","0.46","0.21","0.56","0.15","0.73","0.16","0.2","..","..","..",".."
"Ukraine","","..","..","..","..","..","..","..","..","..","..","..","..","..","..","..","..","..","..","..","..","..","..","..","..","..","..","..","..","..","..","..","..","..","..","..","..","..","..","..","..","..","..","..","..","..","..","..","..","..","..","..","..","..",".."
"United Arab Emirates","","..","..","..","..","..","..","..","..","..","..","..","..","..","..","..","..","..","..","..","..","..","..","..","..","..","..","..","..","..","..","..","..","..","..","..","..","..","..","..","..","..","..","..","..","..","..","..","..","..","..","..","..","..",".."
"Uruguay","","..","..","..","..","..","..","..","..","..","..","..","..","..","..","..","..","..","..","..","..","..","..","..","..","..","..","..","..","..","..","..","0.02","0.03","0.09","0.09","0.18","0.15","0.21","0.14","0.07","0.12","0.23","0.18","0.26","0.21","0.06","0.02","0.03","0.04","0.05","0.06","0.08","0.15","0.26"
"Uzbekistan","","..","..","..","..","..","..","..","..","..","..","..","..","..","..","..","..","..","..","..","..","..","..","..","..","..","..","..","..","..","..","..","..","..","..","..","..","0.03","..","0.02","0.03","0.03","0.04","0.02","0.02","0.13","0.16","0.03","..","..","..","..","..","..",".."
"Vanuatu","","..","..","..","..","..","..","..","..","..","..","..","..","..","0.01","..","0.05","0.36","0.25","0.05","0.14","0.18","0.51","0.91","0.75","0.89","1.04","0.99","1.55","2.16","1.25","2.1","2.15","2.5","2.53","2.34","3.34","3.66","4.6","4.41","3.95","4.22","3.66","3.31","4.74","4.67","4.99","7","7.39","10.53","15.5","12.86","13.57","15.25","14.92"
"Venezuela","","..","..","..","..","..","..","..","..","..","..","..","..","..","..","..","..","..","..","..","..","..","..","..","..","..","..","..","0.01","0.03","..","..","..","..","..","..","..","..","0.05","0.05","0.03","0.06","0.13","0.03","..","0.01","0.01","0.01","..","..","..","..","..","..",".."
"Vietnam","","..","..","..","..","..","..","..","..","..","..","..","..","0.67","0.95","1.06","1.01","0.33","0.08","0.08","0.1","0.01","..","..","..","..","..","..","..","..","..","0.04","0.28","0.06","0.32","0.67","1.76","2.31","2.74","2.26","2.02","2.03","1.65","1.73","1.95","4.06","3.26","2.79","6.94","7.2","5.06","6.47","6.72","8.24","9.89"
"Virgin Islands (UK)","","..","..","..","..","..","..","..","..","..","..","..","..","..","..","..","..","..","..","..","..","..","..","..","..","..","..","..","..","..","..","..","..","..","..","..","..","..","..","..","..","..","..","..","..","..","..","..","..","..","..","..","..","..",".."
"Wallis & Futuna","","..","..","..","..","..","..","..","..","..","..","..","..","..","..","..","..","..","..","..","..","..","..","..","..","..","..","..","..","..","..","..","..","..","..","0.02","0.02","0.03","0.02","0.02","0.03","0.02","0.05","0.03","0.03","0.03","0.04","0.03","0.01","0.01","0.03","0.04","0.06","0.02","0.01"
"West Bank & Gaza Strip","","..","..","..","..","..","..","..","..","..","..","..","..","..","..","..","..","..","..","..","..","..","..","..","..","..","..","..","..","..","..","..","..","..","..","0.01","..","0.02","..","..","0.03","0.06","0.09","0.69","0.43","0.39","0.74","0.62","0.46","0.73","0.93","..","2.08","0.33","1.11"
"Yemen","","..","..","..","..","..","..","..","..","..","..","..","..","..","..","..","..","..","..","..","..","..","..","..","..","..","..","..","..","..","..","..","..","..","..","..","..","..","..","..","..","..","..","..","..","..","0.09","..","..","..","..","0.36","..","..",".."
"Zambia","","..","..","..","..","..","..","..","..","..","..","..","..","0.02","0.01","0.09","0.01","0.11","0.05","0.01","0.01","0.03","0.05","0.03","0.02","0.01","0.01","..","..","0.03","0.02","0.05","0.04","0.05","0.12","0.18","0.09","0.25","0.33","0.12","0.24","0.25","0.11","0.28","0.25","0.57","0.69","0.67","0.66","1.17","1.87","1.32","1.84","0.88","0.42"
"Zimbabwe","","..","..","..","..","..","..","..","..","..","..","..","..","0.01","0.02","0.03","0.02","0.06","0.03","0.1","0.04","0.06","0.3","0.05","0.04","0.03","0.01","0.03","0.12","..","0.09","0.16","0.15","0.17","0.32","0.3","0.29","0.32","0.37","0.4","0.36","0.28","0.41","0.35","0.76","0.84","1.16","0.75","0.56","3.18","0.91","4.13","0.67","0.47","0.37"
"North of Sahara, regional","","..","..","..","..","..","..","..","..","..","..","..","..","..","..","..","..","..","..","..","..","..","0.02","..","..","..","..","..","..","..","..","..","..","..","..","..","..","..","..","..","..","..","..","..","..","..","..","..","..","..","..","..","..","..",".."
"South of Sahara, regional","","..","..","..","..","..","..","..","..","..","..","..","..","..","0.03","0.17","0.07","0.1","..","0.06","..","..","0.01","0.01","0.04","..","0.47","0.24","..","0.11","0.1","0.19","0.12","0.38","0.19","0.41","0.29","0.2","0.71","0.36","0.35","0.4","0.33","0.24","1.01","1.63","1.55","0.79","1.37","2.08","1.77","2.41","3.23","1.28","0.22"
"Africa, regional","","..","..","..","..","..","..","..","..","..","..","..","..","..","..","..","..","..","0.19","..","0.03","0.04","..","..","..","..","..","..","0.34","..","..","..","..","..","..","..","..","..","..","..","..","..","0.02","..","..","..","..","..","..","..","..","..","..","..","0.28"
"N. & C. America, regional","","..","..","..","..","..","..","..","..","..","..","..","..","..","..","..","0.04","..","0.02","..","0.01","..","0.07","..","..","..","0.02","0.01","..","..","..","..","..","..","..","0.03","0.03","0.03","0.03","0.1","0.02","0.02","0.06","0.07","0.08","0.09","0.58","0.08","0.09","0.09","0.5","0.33","0.31","0.1","0.15"
"South America, regional","","..","..","..","..","..","..","..","..","..","..","..","..","..","..","0.01","..","0.06","0.01","..","..","..","..","0.03","0.02","..","..","..","..","..","..","..","..","..","..","0.03","0.03","0.03","0.03","0.02","0.02","0.1","0.14","0.14","0.17","0.23","0.37","0.66","0.65","1.41","1.24","0.78","0.75","0.12","0.11"
"America, regional","","..","..","..","..","..","..","..","..","..","..","..","..","..","..","..","..","..","..","..","..","..","..","..","0.02","..","..","..","..","..","..","..","..","..","..","..","..","..","..","..","..","..","0.27","0.15","0.11","0.15","0.23","0.14","0.09","0.35","0.13","0.14","0.02","..",".."
"Middle East, regional","","..","..","..","..","..","..","..","..","..","..","..","..","..","..","..","..","..","..","0.01","..","..","..","..","0.01","0.03","..","..","..","0.03","..","..","0.22","..","..","..","0.01","0.01","0.02","0.01","0.01","0.01","0.03","0.06","0.06","0.08","0.08","0.07","0.08","0.07","0.08","0.2","0.03","0.01",".."
"Central Asia, regional","","..","..","..","..","..","..","..","..","..","..","..","..","..","..","..","..","..","..","..","..","..","..","..","..","..","..","..","..","..","..","..","..","..","..","..","..","..","..","..","..","..","..","..","..","..","..","..","..","..","..","..","..","..",".."
"South Asia, regional","","..","..","..","..","..","..","..","..","..","..","..","..","..","..","..","..","..","..","..","..","..","..","..","..","..","..","..","..","..","..","..","..","..","..","..","..","..","..","..","..","..","..","..","..","..","..","0.08","0.19","0.44","0.09","0.23","0.55","..","0.24"
"South & C.Asia, regional","","..","..","..","..","..","..","..","..","..","..","..","..","..","..","..","..","..","..","..","0.82","..","..","0.91","..","..","..","..","..","0.55","..","..","..","..","..","0.09","0.04","0.05","0.05","0.07","0.12","0.14","0.09","0.14","0.18","0.1","0.13","..","..","..","..","..","..","0.49",".."
"Far East Asia, regional","","..","..","..","..","..","..","..","..","..","..","..","..","..","..","0.01","..","..","..","0.78","0.82","..","..","..","0.01","..","..","1.14","..","1.59","1.09","0.54","1.05","1.09","1.5","1.85","2.71","4.34","2.92","3.74","2.43","5.22","4.35","2.31","3.16","2.69","2.29","3.52","3.49","5.2","3.36","4.47","7.07","8.9","7.53"
"Asia, regional","","..","..","..","..","..","..","..","..","..","..","..","..","0.05","0.29","0.41","0.45","0.4","0.83","..","..","1.31","1.04","..","1.3","0.76","0.72","..","1.49","..","..","0.21","0.5","0.12","0.68","2.1","0.44","0.5","2.75","0.57","2.09","0.38","1.48","0.27","0.16","1.51","23.17","1.31","0.03","0.35","0.39","0.05","0.02","..","0.03"
"Europe, regional","","..","..","..","..","..","..","..","..","..","..","..","..","..","..","..","..","..","..","..","..","..","..","..","..","..","..","..","..","..","..","..","..","..","..","..","..","..","..","..","..","..","..","..","..","..","..","..","..","..","..","..","..","..",".."
"Oceania, regional","","..","..","..","..","..","..","..","..","..","..","..","..","0.23","0.11","2.2","2.29","2.14","3.67","5.13","4.12","9.46","10.28","11.75","11.13","8.04","8.49","5.5","5.26","14.6","13.75","8.52","1.29","6.1","9.76","15.16","16.85","17.32","19.1","19.62","18.45","15.11","13.46","10.98","14.18","18.01","23.29","32.47","36.57","39.23","32.83","33.98","46.71","53.51","55.18"
"West Indies, regional","","..","..","..","..","..","..","..","..","..","..","..","..","0.01","..","..","..","..","..","0.01","..","..","..","..","..","..","..","..","..","..","..","..","..","..","..","..","..","..","..","0.05","..","..","..","..","..","..","0.07","..","..","..","..","..","..","0.09","0.1"
"Developing Countries, Unspecified","","..","..","..","..","..","..","..","..","..","..","10.8","13.1","0.48","0.52","0.65","0.56","0.45","0.38","0.62","6.15","1.83","1.66","1.45","0.29","2.34","1.59","6.52","12.39","35.3","16.99","12.81","29.37","16.42","8.66","11.01","4.76","5.93","7.4","7.68","3.69","3.32","2.23","8.91","11.31","12.69","16.4","26.14","40.47","39.43","32.49","38.35","39.13","48.47","53.27"
"MADCT Unallocated","","..","..","..","..","..","..","..","..","..","..","..","..","..","..","..","..","..","..","..","..","..","..","..","..","..","..","..","..","..","..","..","..","..","..","..","..","..","..","..","..","..","..","..","..","..","..","..","..","..","..","..","..","..",".."
"AfDB (African Dev.Bank)","","..","..","..","..","..","..","..","..","..","..","..","..","..","..","..","..","..","..","..","..","..","..","..","..","..","..","..","..","..","..","..","..","..","..","..","..","..","..","..","..","..","..","..","..","..","..","..","..","..","..","..","..","..",".."
"AfDF (African Dev.Fund)","","..","..","..","..","..","..","..","..","..","..","..","..","..","..","..","..","..","..","..","..","..","..","..","..","..","..","..","..","..","..","..","..","..","..","..","..","..","..","..","..","..","..","..","..","..","..","..","..","..","..","..","..","..",".."
"African Solidarity Fund","","..","..","..","..","..","..","..","..","..","..","..","..","..","..","..","..","..","..","..","..","..","..","..","..","..","..","..","..","..","..","..","..","..","..","..","..","..","..","..","..","..","..","..","..","..","..","..","..","..","..","..","..","..",".."
"AsDB (Asian Dev.Bank)","","..","..","..","..","..","..","..","..","..","..","1.4","..","1.07","2.26","2.01","1.86","..","1.51","1.04","2.31","2.24","2.26","1.41","2.67","1.24","0.8","0.84","0.96","1.06","..","0.05","..","0.59","0.79","..","..","..","6.49","4.49","0.07","3.52","3.87","4.58","5.75","6.56","6.4","5.9","6.68","6.29","5.69","..","16.3","15.77","8.51"
"AsDB Special Funds","","..","..","..","..","..","..","..","..","..","..","..","..","..","..","..","..","..","..","..","0.15","..","1.78","1.54","0.99","1.78","1.49","..","..","..","..","..","0.72","..","..","2.81","..","..","..","..","4.61","..","..","..","..","..","..","..","..","..","..","..","..","..",".."
"CarDB (Carribean Dev. Bank)","","..","..","..","..","..","..","..","..","..","..","..","..","..","..","..","..","..","0.19","0.95","0.05","0.1","0.09","0.04","0.03","..","..","..","..","..","..","..","..","..","..","..","..","..","..","..","..","..","..","..","..","..","..","..","..","..","..","..","..","..",".."
"CABEI","","..","..","..","..","..","..","..","..","..","..","..","..","..","..","..","..","..","..","..","..","..","..","..","..","..","..","..","..","..","..","..","..","..","..","..","..","..","..","..","..","..","..","..","..","..","..","..","..","..","..","..","..","..",".."
"EC","","..","..","..","..","..","..","..","..","..","..","..","..","..","..","..","..","..","..","..","..","..","..","..","..","..","..","..","..","..","..","..","..","..","..","..","..","..","..","..","..","..","..","..","..","..","..","..","..","..","..","..","..","..",".."
"EDF","","..","..","..","..","..","..","..","..","..","..","..","..","..","..","..","..","..","..","..","..","..","..","..","..","..","..","..","..","..","..","..","..","..","..","..","..","..","..","..","..","..","..","..","..","..","..","..","..","..","..","..","..","..",".."
"EIB","","..","..","..","..","..","..","..","..","..","..","..","..","..","..","..","..","..","..","..","..","..","..","..","..","..","..","..","..","..","..","..","..","..","..","..","..","..","..","..","..","..","..","..","..","..","..","..","..","..","..","..","..","..",".."
"Other EU Institutions","","..","..","..","..","..","..","..","..","..","..","..","..","..","..","..","..","..","..","..","..","..","..","..","..","..","..","..","..","..","..","..","..","..","..","..","..","..","..","..","..","..","..","..","..","..","..","..","..","..","..","..","..","..",".."
"IBRD","","..","..","..","..","..","..","..","..","..","..","..","..","..","..","..","..","..","..","1.01","..","0.96","2.69","1.7","2.35","2.79","2.1","2.2","1.38","..","..","..","..","2.29","2.66","0.22","0.33","0.46","0.55","0.44","0.44","1.71","0.24","0.25","..","..","..","..","..","..","..","..","..","..",".."
"IDA","","..","..","..","..","..","..","..","..","..","..","..","..","1.19","1.36","1.4","1.88","0.5","3.08","0.62","2.73","2.82","3.28","4.5","2.23","..","..","3.2","6.18","3.39","5.18","4.52","5.95","5.37","5.95","7.82","8.68","..","13.95","5.68","7.82","4.84","4.48","4.93","7.06","8.06","8.56","8.43","10.03","11.46","10.36","11.94","15.11","..","31.38"
"IDA-MDRI","","..","..","..","..","..","..","..","..","..","..","..","..","..","..","..","..","..","..","..","..","..","..","..","..","..","..","..","..","..","..","..","..","..","..","..","..","..","..","..","..","..","..","..","..","..","..","..","..","0.6","1.19","..","0.94","2.43",".."
"IDB","","..","..","..","..","..","..","..","..","..","..","..","..","..","..","..","..","..","..","..","..","..","..","..","..","..","..","..","..","..","..","..","..","..","..","..","..","..","..","..","..","..","..","..","..","..","..","..","..","..","..","..","..","..",".."
"IDB Spec. Fund","","..","..","..","..","..","..","..","..","..","..","..","..","..","..","..","..","..","..","..","..","..","..","..","..","..","..","..","..","..","..","..","..","..","..","..","..","..","..","..","..","..","..","..","..","..","..","..","..","..","..","..","..","..",".."
"IFAD","","..","..","..","..","..","..","..","..","..","..","..","..","..","..","..","..","..","..","..","0.73","0.1","..","..","0.3","..","..","0.44","0.9","..","..","0.23","0.42","0.39","..","..","..","..","1.39","..","0.47","0.34","0.3","0.33","..","0.48","..","..","..","..","..","..","..","..","1.23"
"IFC","","..","..","..","..","..","..","..","..","..","..","..","..","..","..","..","..","..","..","..","..","..","..","..","..","..","..","..","..","..","..","..","..","0.53","0.09","0.1","0.11","0.45","0.46","0.21","0.21","0.18","0.17","..","..","0.2","..","..","..","..","..","..","..","..",".."
"IMF","","..","..","..","..","..","..","..","..","..","..","..","..","..","..","..","..","..","..","..","..","..","..","..","..","..","..","..","..","..","..","..","..","..","..","..","..","..","..","..","..","1.45","..","..","..","..","..","..","..","..","..","..","..","..",".."
"IMF Trust Fund","","..","..","..","..","..","..","..","..","..","..","..","..","..","..","..","..","..","..","..","..","..","..","..","..","..","..","..","..","..","..","..","..","..","..","..","..","..","..","..","..","..","..","..","..","..","..","..","..","..","..","..","..","..",".."
"MIGA","","..","..","..","..","..","..","..","..","..","..","..","..","..","..","..","..","..","..","..","..","..","..","..","..","..","..","..","..","..","..","..","..","..","..","..","..","..","..","..","..","..","..","..","..","..","..","..","..","0.56","..","..","..","..",".."
"UNDP","","..","..","..","..","..","..","..","..","..","..","..","..","0.78","1.09","1.41","2.13","3.5","1.24","1.54","1.28","1.22","1.26","1.13","1","1.16","1","1.57","1.03","1.57","1.44","1.67","1.74","1.72","1.95","2.22","2.46","2.75","2.91","2.68","2.64","2.09","2.95","2.9","4.05","4.24","4.72","5.19","5.88","5.53","5","5.77","6.32","6.48","6.56"
"UNFPA","","..","..","..","..","..","..","..","..","..","..","..","..","..","..","..","..","..","0.34","..","0.36","0.34","0.3","0.26","0.23","0.2","0.17","0.18","0.21","0.26","..","0.21","0.2","0.22","0.22","0.3","0.39","0.69","0.79","0.7","0.69","0.59","0.76","1.02","1.28","1.86","2.11","2.59","2.94","3.11","3.75","4.32","4.74","4.86","4.92"
"UNHCR","","..","..","..","..","..","..","..","..","..","..","..","..","0.05","0.06","0.07","0.66","..","0.07","..","0.28","0.34","0.09","0.08","0.15","0.17","0.46","0.26","0.37","0.23","..","0.3","0.58","0.32","0.59","0.36","0.39","0.69","0.99","0.99","0.79","0.7","0.86","1.29","1.04","1.19","1.27","2.34","5.95","..","3.75","4.32","4.74","4.86","4.92"
"UNICEF","","..","..","..","..","..","..","..","..","..","..","..","..","0.18","0.34","0.77","1.82","0.7","0.68","0.73","0.92","0.95","0.67","0.53","0.47","0.41","0.72","0.53","0.59","0.66","..","0.51","0.63","0.62","0.51","0.53","0.59","0.62","0.79","0.75","0.79","0.86","1.01","1.02","1.57","1.59","1.55","2.85","3.23","3.18","3.75","4.32","4.74","4.86","4.92"
"UNRWA","","..","..","..","..","..","..","..","..","..","..","..","..","0.05","0.16","0.11","0.13","0.12","0.13","..","0.11","0.16","0.1","0.09","0.08","0.07","0.06","0.13","0.15","0.08","..","0.12","0.12","0.11","0.24","0.3","0.13","0.14","0.13","0.11","0.11","0.09","0.18","0.13","0.41","0.73","0.21","0.19","1.47","1.21","0.63","1.44","..","0.81","0.82"
"WFP","","..","..","..","..","..","..","..","..","..","..","..","..","0.26","1.01","0.89","1.13","0.96","1.2","0.53","0.78","0.92","0.73","0.6","0.61","0.69","0.5","0.78","0.52","0.37","..","1.23","0.17","0.19","0.35","0.21","0.23","0.24","0.4","0.32","0.32","0.36","0.35","0.39","0.58","0.66","0.7","1.95","4.78","4.84","7.93","..","4.74","4.86","4.92"
"Other UN","","..","..","..","..","..","..","..","..","..","..","1","1.7","0.26","0.38","0.41","2.49","1.42","0.44","1.04","0.69","0.91","1.15","1.82","0.89","0.77","2.01","1.41","1.78","0.35","1.45","3.94","1.99","3.03","3.69","3.5","3.97","4.37","4.26","3.91","4.01","3.19","3.45","3.78","5.5","5.02","4.23","8.18","11.75","17.03","18.99","15.35","19.58","20.02","19.05"
"Other World Bank (AMCs)","","..","..","..","..","..","..","..","..","..","..","..","..","..","..","..","..","..","..","..","..","..","..","..","..","..","..","..","..","..","..","..","..","..","..","..","..","..","..","..","..","..","..","..","..","..","..","..","..","..","..","..","..","..",".."
"Other Regional Banks","","..","..","..","..","..","..","..","..","..","..","..","..","..","..","..","..","..","..","..","..","..","..","..","..","..","..","..","..","..","..","..","..","..","..","..","..","..","..","..","..","..","..","..","..","..","..","..","..","..","..","..","..","..",".."
"Other Multilateral","","..","..","..","..","..","..","..","..","..","..","0.5","1.9","0.51","0.48","2.66","3.44","2.47","1.9","2.58","4.69","8.81","2.81","2.21","1.7","1.64","2.02","2.93","6.43","2.51","2.68","1.47","6.27","7.77","7.11","6.42","8.4","9.3","7.89","11.33","9.51","8.33","8.26","9.51","9.06","22.47","19.98","18.24","20.01","16.35","22.25","23.52","17.34","22.62","19.57"
