"Sector(s):","Total Bilateral Aid To All Sectors","","Flow(s):","ODA","","Donor(s):","Spain","","Flow Type(s):","Disbursement","","Amount:","Current Prices (USD millions)","",

"","Time Period","1960","1961","1962","1963","1964","1965","1966","1967","1968","1969","1970","1971","1972","1973","1974","1975","1976","1977","1978","1979","1980","1981","1982","1983","1984","1985","1986","1987","1988","1989","1990","1991","1992","1993","1994","1995","1996","1997","1998","1999","2000","2001","2002","2003","2004","2005","2006","2007","2008","2009","2010","2011","2012","2013",
"Recipient(s)",
"All Recipients","","..","..","..","..","..","..","..","..","..","..","..","..","..","..","..","..","..","..","..","..","132","206","164","57","110","168.8","203.2","231.52","248.46","536.88","986.84","1261.99","1518.22","1299.16","1304.51","1348.14","1251.44","1231.82","1375.86","1363.35","1194.85","1737.06","1712.3","1961.26","2436.95","3018.33","3813.88","5139.75","6866.8","6584.15","5949.49","4173.14","2037.37","2374.6"
"All Developing Countries","","..","..","..","..","..","..","..","..","..","..","..","..","..","..","..","..","..","..","..","..","132","206","164","57","110","128.6","58.6","114","158.02","264.69","633.08","761.07","1099.58","931.69","854.38","815.71","887.66","762.49","838.06","829.21","720.21","1149.53","998.47","1151.35","1400.24","1862.95","2091.98","3338.94","4801.61","4473.07","3998.86","2281.71","985.51","944.97"
"All Multilateral Recipients","","..","..","..","..","..","..","..","..","..","..","..","..","..","..","..","..","..","..","..","..","..","..","..","..","..","40.2","144.6","117.52","90.44","272.19","353.76","500.92","418.64","367.47","450.13","532.43","363.78","469.33","537.8","534.14","474.64","587.53","713.83","809.91","1036.71","1155.38","1721.9","1800.81","2065.19","2111.08","1950.63","1891.43","1051.86","1429.63"
"Afghanistan","","..","..","..","..","..","..","..","..","..","..","..","..","..","..","..","..","..","..","..","..","..","..","..","..","..","..","..","..","..","..","..","..","0.02","..","..","0.12","..","0.09","..","0.12","..","5.92","17.81","5.15","16.56","19","18.11","43.5","71.79","98.91","60.83","57.62","31.19","19.23"
"Albania","","..","..","..","..","..","..","..","..","..","..","..","..","..","..","..","..","..","..","..","..","..","..","..","..","..","..","..","..","..","..","0.01","0.1","0.56","..","..","0.13","0.01","0.21","1.06","10.96","1.52","1.44","1.37","1.78","1.61","7.84","3.71","19.47","16.93","14.34","4.82","-0.53","-1.49","-4.97"
"Algeria","","..","..","..","..","..","..","..","..","..","..","..","..","..","..","..","..","..","..","..","..","..","..","..","..","..","..","..","..","0.8","6.1","46.43","32.55","67.63","29.52","55.06","28.77","6.24","15.78","14.71","4.7","3.12","-5.36","18.36","4.29","12.66","-4.02","43.43","60.54","64.19","54.35","9.53","-0.61","2.01","-16.14"
"Angola","","..","..","..","..","..","..","..","..","..","..","..","..","..","..","..","..","..","..","..","..","..","..","..","..","..","..","..","0.6","..","13.15","9.79","27.73","33.99","12.72","10.97","7.51","41.84","30.93","25.23","35.79","16.21","10.21","13.35","10.84","9.27","16.13","-66.54","17.62","13.57","20.29","5.49","2.71","5.91","0.01"
"Anguilla","","..","..","..","..","..","..","..","..","..","..","..","..","..","..","..","..","..","..","..","..","..","..","..","..","..","..","..","..","..","..","..","..","..","..","..","..","..","..","..","..","..","..","..","..","..","..","..","..","..","..","..","..","..",".."
"Antigua & Barbuda","","..","..","..","..","..","..","..","..","..","..","..","..","..","..","..","..","..","..","..","..","..","..","..","..","..","..","..","..","..","..","..","..","..","..","..","..","..","..","..","..","..","..","..","..","..","..","0.01","..","..","0.03","0.03","0.21","..",".."
"Argentina","","..","..","..","..","..","..","..","..","..","..","..","..","..","..","..","..","..","..","..","..","..","..","..","..","..","..","..","1.2","1.6","1.35","12.39","46.01","73.64","42.24","28.52","37.97","34.14","16.78","-5.9","-9.24","-6.48","-3.91","9.86","41.16","33.39","12.33","13.83","21.63","29.67","24.14","22.96","2.52","-1.03","-16.23"
"Armenia","","..","..","..","..","..","..","..","..","..","..","..","..","..","..","..","..","..","..","..","..","..","..","..","..","..","..","..","..","..","..","..","..","..","..","..","..","0.01","0.01","0.01","0.06","0.04","0.11","0.45","0.08","1.42","0.39","0.29","0.05","0.7","0.35","0.26","0.13","0.01","0.07"
"Aruba","","..","..","..","..","..","..","..","..","..","..","..","..","..","..","..","..","..","..","..","..","..","..","..","..","..","..","..","..","..","..","..","..","..","..","..","..","..","..","..","..","..","..","..","..","..","..","..","..","..","..","..","..","..",".."
"Azerbaijan","","..","..","..","..","..","..","..","..","..","..","..","..","..","..","..","..","..","..","..","..","..","..","..","..","..","..","..","..","..","..","..","..","..","..","..","0.12","..","0.01","..","..","..","..","0.02","0.05","0.07","0.07","0.11","0.01","0.36","0.65","0.06","0.05","..","0.05"
"Bahamas","","..","..","..","..","..","..","..","..","..","..","..","..","..","..","..","..","..","..","..","..","..","..","..","..","..","..","..","..","..","..","..","..","..","..","..","..","..","..","..","..","..","..","..","..","..","..","..","..","..","..","..","..","..",".."
"Bahrain","","..","..","..","..","..","..","..","..","..","..","..","..","..","..","..","..","..","..","..","..","..","..","..","..","..","..","..","..","..","..","..","..","..","..","..","..","..","..","..","..","..","..","..","..","..","..","..","..","..","..","..","..","..",".."
"Bangladesh","","..","..","..","..","..","..","..","..","..","..","..","..","..","..","..","..","..","..","..","..","..","..","..","..","..","..","..","..","..","0.06","..","0.46","..","0.06","..","0.42","0.07","0.36","0.03","0.04","0.02","0.08","1.47","5.25","0.09","0.21","1.4","12.15","9.44","6.01","5.53","4","0.4","0.01"
"Barbados","","..","..","..","..","..","..","..","..","..","..","..","..","..","..","..","..","..","..","..","..","..","..","..","..","..","..","..","..","..","..","..","..","..","..","..","..","..","..","..","..","0.01","0.02","0.02","0.02","0.02","0.03","0.02","..","0.16","0.03","0.04","..","..",".."
"Belarus","","..","..","..","..","..","..","..","..","..","..","..","..","..","..","..","..","..","..","..","..","..","..","..","..","..","..","..","..","..","..","..","..","..","..","..","..","..","..","..","..","..","..","..","..","..","1.76","..","0.15","0.13","0.77","0.26","0.18","0.11","0.15"
"Belize","","..","..","..","..","..","..","..","..","..","..","..","..","..","..","..","..","..","..","..","..","..","..","..","..","..","..","..","..","..","..","..","..","..","..","2.99","..","-0.59","-0.35","-0.11","0.09","0.06","0.08","-0.15","-0.02","0.18","0.25","0.02","..","..","0.29","0.2","0.05","..","0.01"
"Benin","","..","..","..","..","..","..","..","..","..","..","..","..","..","..","..","..","..","..","..","..","..","..","..","..","..","..","..","..","..","0.02","0.03","0.03","..","0.29","0.18","0.09","0.2","0.84","0.43","0.53","0.48","0.59","0.32","1.67","0.31","0.45","2.19","2.11","2.01","3.45","1.09","1.22","0.55","0.62"
"Bermuda","","..","..","..","..","..","..","..","..","..","..","..","..","..","..","..","..","..","..","..","..","..","..","..","..","..","..","..","..","..","..","..","..","..","..","..","..","..","..","..","..","..","..","..","..","..","..","..","..","..","..","..","..","..",".."
"Bhutan","","..","..","..","..","..","..","..","..","..","..","..","..","..","..","..","..","..","..","..","..","..","..","..","..","..","..","..","..","..","..","..","..","..","..","..","..","..","..","..","..","..","..","..","..","..","..","..","..","..","0.21","..","0.01","..",".."
"Bolivia","","..","..","..","..","..","..","..","..","..","..","..","..","..","..","..","..","..","..","..","..","..","..","..","..","..","..","..","..","5.6","5.23","19.9","8.24","47.19","49.04","19.79","14.37","38.92","12.56","43.31","14.82","22.44","29.69","30.76","51.61","54.54","66.68","51.6","74.63","93","97.6","69.01","51.38","23.68","19.83"
"Bosnia-Herzegovina","","..","..","..","..","..","..","..","..","..","..","..","..","..","..","..","..","..","..","..","..","..","..","..","..","..","..","..","..","..","..","..","..","..","..","0.06","10.23","12.21","6.1","22.95","30.27","34.78","25.16","27.8","30.67","24.73","6.11","39.91","30.22","42.4","36.87","20.21","36.4","-3.91","-4.65"
"Botswana","","..","..","..","..","..","..","..","..","..","..","..","..","..","..","..","..","..","..","..","..","..","..","..","..","..","..","..","..","..","..","..","..","..","..","..","..","..","..","..","..","..","0.01","0.01","0.01","0.01","0.15","0.15","..","..","0.06","..","..","..",".."
"Brazil","","..","..","..","..","..","..","..","..","..","..","..","..","..","..","..","..","..","..","..","..","..","..","..","..","..","..","..","..","..","0.52","0.4","0.56","1.07","1.44","1.64","3.67","6.04","6.72","6.13","5.39","5.58","6.52","6.24","7.08","9.85","10.16","17.22","32.8","36.84","64.88","26.39","21.1","10.53","7.44"
"Brunei","","..","..","..","..","..","..","..","..","..","..","..","..","..","..","..","..","..","..","..","..","..","..","..","..","..","..","..","..","..","..","..","..","..","..","..","..","..","..","..","..","..","..","..","..","..","..","..","..","..","..","..","..","..",".."
"Burkina Faso","","..","..","..","..","..","..","..","..","..","..","..","..","..","..","..","..","..","..","..","..","..","..","..","..","..","..","..","..","..","0.04","0.05","0.07","..","0.06","0.14","0.49","3.93","0.66","1.77","5.42","2.45","1.09","2.73","5.57","2.27","2.91","3.67","4.77","2.94","10.2","12.28","3.03","1.44","2.84"
"Burundi","","..","..","..","..","..","..","..","..","..","..","..","..","..","..","..","..","..","..","..","..","..","..","..","..","..","..","..","..","..","0.04","0.09","0.09","..","..","0.07","0.37","0.05","0.11","0.01","0.12","0.08","0.51","0.19","0.33","0.8","0.69","0.22","2.29","1.88","5.7","1.24","0.2","2","0.22"
"Cambodia","","..","..","..","..","..","..","..","..","..","..","..","..","..","..","..","..","..","..","..","..","..","..","..","..","..","..","..","..","..","..","..","..","..","..","..","0.12","..","..","..","0.02","0.03","0.06","0.07","0.12","0.06","0.65","1.97","8.52","11.81","29.05","23.08","21.15","18.76","5.34"
"Cameroon","","..","..","..","..","..","..","..","..","..","..","..","..","..","..","..","..","..","..","..","..","..","..","..","..","..","..","..","..","..","0.27","17.26","16.94","23.96","1.05","0.77","-2.78","-4.44","17.14","6.78","-4.58","-5.17","-4.92","-4.54","-5.54","-5.6","-5.62","-0.67","15.27","12.61","4","9.04","4.17","0.42","-0.53"
"Cape Verde","","..","..","..","..","..","..","..","..","..","..","..","..","..","..","..","..","..","..","..","..","..","..","..","..","..","..","..","1.1","1.3","0.87","5.72","2.05","0.88","0.43","..","0.99","0.46","0.05","1.37","1.68","1.21","1.89","1.85","2.02","9.05","2.71","4.78","20.71","20.22","20.91","21.23","15.46","5.53","4.99"
"Cayman Islands","","..","..","..","..","..","..","..","..","..","..","..","..","..","..","..","..","..","..","..","..","..","..","..","..","..","..","..","..","..","..","..","..","..","..","..","..","..","..","..","..","..","..","..","..","..","..","..","..","..","..","..","..","..",".."
"Central African Rep.","","..","..","..","..","..","..","..","..","..","..","..","..","..","..","..","..","..","..","..","..","..","..","..","..","..","..","..","..","..","..","..","..","..","0.03","0.02","0.19","0.02","0.01","..","0.22","0.17","..","0.12","0.22","0.1","0.57","0.65","0.99","2.15","4.33","3.28","1.43","0.06","0.12"
"Chad","","..","..","..","..","..","..","..","..","..","..","..","..","..","..","..","..","..","..","..","..","..","..","..","..","..","..","..","..","..","2.49","5.23","1.71","..","..","..","0.07","0.18","0.06","0.29","0.51","-0.37","0.03","-0.24","-0.21","3.06","1.56","3.97","4.08","10.9","13.19","7.78","9.93","1.14","0.96"
"Chile","","..","..","..","..","..","..","..","..","..","..","..","..","..","..","..","..","..","..","..","..","..","..","..","..","..","..","..","..","0.7","1.06","5.74","4.49","18.21","13.81","8.34","13.33","4.7","-3.28","-4.04","-4.82","-1.59","-2.89","1.74","1.97","3.38","4.13","4.31","6.7","7.14","9.56","11.26","8.22","0.83","0.87"
"China","","..","..","..","..","..","..","..","..","..","..","..","..","..","..","..","..","..","..","..","..","..","..","..","..","..","..","..","..","18.7","2.5","95.35","84.56","191.83","140.1","153.12","55.96","37.01","33.64","20.01","34.84","31.98","14.33","12.98","4.02","12.67","8.35","21.53","67.45","43","45.78","1.44","-22.11","-0.82","-17.29"
"Chinese Taipei","","..","..","..","..","..","..","..","..","..","..","..","..","..","..","..","..","..","..","..","..","..","..","..","..","..","..","..","..","..","..","..","..","..","..","..","..","..","..","..","..","..","..","..","..","..","..","..","..","..","..","..","..","..",".."
"Colombia","","..","..","..","..","..","..","..","..","..","..","..","..","..","..","..","..","..","..","..","..","..","..","..","..","..","..","..","..","1.3","0.73","7.37","-1.81","8.77","2.46","4.58","27.9","26.56","41.07","13.16","17.06","12.62","25.14","32.41","14.38","9.6","30.98","69.02","64.3","84.97","148.62","56.15","49.39","19.4","32.89"
"Comoros","","..","..","..","..","..","..","..","..","..","..","..","..","..","..","..","..","..","..","..","..","..","..","..","..","..","..","..","..","..","..","..","..","..","..","..","..","..","..","..","..","..","..","..","..","..","..","..","..","0.05","0.05","..","..","..","0.01"
"Democratic Republic of the Congo","","..","..","..","..","..","..","..","..","..","..","..","..","..","..","..","..","..","..","..","..","..","..","..","..","..","..","..","..","2.5","1.32","3.89","0.19","0.29","0.46","0.93","1.27","4.21","0.66","1.05","1.03","0.85","1.95","3.35","5.41","6.09","9.23","19.13","17.69","39.25","42.74","306.2","30.32","16.63","9.53"
"Congo","","..","..","..","..","..","..","..","..","..","..","..","..","..","..","..","..","..","..","..","..","..","..","..","..","..","..","..","..","1","1.98","4.34","0.22","..","..","..","0.01","106.32","..","..","0.07","-0.31","0.83","..","-0.59","-0.27","134.22","-1.94","0.97","0.68","44.35","0.49","0.52","1.51","1.47"
"Cook Islands","","..","..","..","..","..","..","..","..","..","..","..","..","..","..","..","..","..","..","..","..","..","..","..","..","..","..","..","..","..","..","..","..","..","..","..","..","..","..","..","..","..","..","..","..","..","..","..","..","..","..","..","..","..",".."
"Costa Rica","","..","..","..","..","..","..","..","..","..","..","..","..","..","..","..","..","..","..","..","..","..","..","..","..","..","..","..","..","0.9","1.33","2.82","0.94","2.91","3.79","4.54","2.71","12.23","8.05","4.04","11.04","11.04","3.28","10.14","10.05","9.93","2.25","3.04","9.99","15.48","9.31","5.18","4.58","0.82","-1.25"
"Cote d'Ivoire","","..","..","..","..","..","..","..","..","..","..","..","..","..","..","..","..","..","..","..","..","..","..","..","..","..","..","..","..","..","0.01","0.11","0.07","0.1","0.18","57.15","-0.06","0.51","4.02","64.22","16.33","12.62","7.12","43.12","1.12","3.92","3.61","4.29","3.09","5.23","50.77","-7.59","0.22","17.21","230.86"
"Croatia","","..","..","..","..","..","..","..","..","..","..","..","..","..","..","..","..","..","..","..","..","..","..","..","..","..","..","..","..","..","..","..","..","..","..","0.26","..","0.26","0.46","1.31","0.36","0.27","0.55","0.62","0.47","0.57","0.34","1.18","..","0.94","0.7","0.44","..","..",".."
"Cuba","","..","..","..","..","..","..","..","..","..","..","..","..","..","..","..","..","..","..","..","..","..","..","..","..","..","..","..","3.3","0.9","32.3","17.53","11.84","4.77","4.92","2.74","15.35","13.25","9.55","13.86","12.66","10.58","9.66","13.32","14.51","16.57","15.22","17.57","23.99","45.83","37.72","42.81","19.65","7.73","13.35"
"Cyprus","","..","..","..","..","..","..","..","..","..","..","..","..","..","..","..","..","..","..","..","..","..","..","..","..","..","..","..","..","..","..","0.02","0.02","0.02","..","..","..","0.02","..","..","..","..","..","..","..","..","..","..","..","..","..","..","..","..",".."
"Djibouti","","..","..","..","..","..","..","..","..","..","..","..","..","..","..","..","..","..","..","..","..","..","..","..","..","..","..","..","..","..","..","..","..","..","..","..","..","..","1.06","1.43","..","..","..","..","..","..","..","..","1.49","0.56","2.67","-0.3","0.75","0.01",".."
"Dominica","","..","..","..","..","..","..","..","..","..","..","..","..","..","..","..","..","..","..","..","..","..","..","..","..","..","..","..","..","..","..","..","..","..","..","..","..","..","..","..","0.1","..","..","..","..","..","..","..","..","..","..","..","0.04","..",".."
"Dominican Republic","","..","..","..","..","..","..","..","..","..","..","..","..","..","..","..","..","..","..","..","..","..","..","..","..","..","..","..","..","0.5","0.92","1.22","1.61","2.64","2.2","1.07","7.71","13.31","13.33","26.31","35.42","15.76","17.12","38.24","24.83","45.08","21.39","18.3","27.34","32.1","29.19","49.88","51.28","10.44","14.25"
"East African Community","","..","..","..","..","..","..","..","..","..","..","..","..","..","..","..","..","..","..","..","..","..","..","..","..","..","..","..","..","..","..","..","..","..","..","..","..","..","..","..","..","..","..","..","..","..","..","..","..","..","..","..","..","..",".."
"Ecuador","","..","..","..","..","..","..","..","..","..","..","..","..","..","..","..","..","..","..","..","..","..","..","..","..","..","..","..","24.2","35.5","1.74","7.43","18.29","12.26","39.13","44.33","29.41","58.81","13.53","18.43","15.43","23.19","18.94","42.98","24.62","31.47","48.24","37.69","71.27","87.89","48.7","55.32","21.98","14.79","8.2"
"Egypt","","..","..","..","..","..","..","..","..","..","..","..","..","..","..","..","..","..","..","..","..","..","..","..","..","..","..","..","..","2","0.28","1.48","0.51","0.6","1.63","-5.75","1.36","2.73","12.39","3.58","2.33","-2.08","8.28","13.48","9.38","19.79","28.48","33.16","11.36","15.63","20.6","7.24","16.25","1.07","1.69"
"El Salvador","","..","..","..","..","..","..","..","..","..","..","..","..","..","..","..","..","..","..","..","..","..","..","..","..","..","..","..","..","0.8","2.27","3.32","4.28","8.7","5.29","4.91","9.28","11.08","11.1","16.43","19.67","22.38","45.93","55.7","27.02","27.47","42.62","44.08","61.05","83.62","125.68","85.51","44.56","18.53","33.85"
"Equatorial Guinea","","..","..","..","..","..","..","..","..","..","..","..","..","..","..","..","..","..","..","..","..","..","..","..","..","..","..","..","11.7","1","16.1","23.4","20.43","19.89","15.63","8.52","12.2","12.03","11.39","12.39","8.39","10.09","8.16","8.64","11.88","17.99","23.9","15.03","20.21","13.79","21.77","19.7","15.35","9.27","1.82"
"Eritrea","","..","..","..","..","..","..","..","..","..","..","..","..","..","..","..","..","..","..","..","..","..","..","..","..","..","..","..","..","..","..","..","..","..","0.03","0.05","0.21","0.2","0.41","0.48","0.23","0.34","0.23","0.08","0.83","0.2","0.32","1.17","0.23","1.75","1.78","0.18","0.03","..","0.15"
"Ethiopia","","..","..","..","..","..","..","..","..","..","..","..","..","..","..","..","..","..","..","..","..","..","..","..","..","..","..","..","..","..","1.09","6.48","8.87","4.52","1.09","0.15","0.21","0.52","0.97","0.33","0.69","-0.35","-1.11","1.18","1.8","0.81","4.48","9.72","27.08","60.54","94","39.46","38.82","14.74","8.22"
"Falkland Islands","","..","..","..","..","..","..","..","..","..","..","..","..","..","..","..","..","..","..","..","..","..","..","..","..","..","..","..","..","..","..","..","..","..","..","..","..","..","..","..","..","..","..","..","..","..","..","..","..","..","..","..","..","..",".."
"Fiji","","..","..","..","..","..","..","..","..","..","..","..","..","..","..","..","..","..","..","..","..","..","..","..","..","..","..","..","..","..","..","..","..","..","..","..","..","..","..","..","..","..","0.01","..","..","..","..","..","..","..","..","..","..","..",".."
"Former Yugoslav Republic of Macedonia (FYROM)","","..","..","..","..","..","..","..","..","..","..","..","..","..","..","..","..","..","..","..","..","..","..","..","..","..","..","..","..","..","..","..","..","..","..","..","..","0.01","..","0.04","0.61","..","0.02","0.02","..","2.31","0.85","3.82","1.38","4.07","1.75","0.35","0.05","..","0.11"
"French Polynesia","","..","..","..","..","..","..","..","..","..","..","..","..","..","..","..","..","..","..","..","..","..","..","..","..","..","..","..","..","..","..","..","..","..","..","..","..","..","..","..","..","..","..","..","..","..","..","..","..","..","..","..","..","..",".."
"Gabon","","..","..","..","..","..","..","..","..","..","..","..","..","..","..","..","..","..","..","..","..","..","..","..","..","..","..","..","..","..","0.07","0.05","0.03","0.04","0.06","0.05","..","0.25","0.08","0.29","0.39","0.48","0.28","-0.12","0.2","0.04","0.23","-0.11","0.16","0.45","0.43","0.15","0.1","..","0.09"
"Gambia","","..","..","..","..","..","..","..","..","..","..","..","..","..","..","..","..","..","..","..","..","..","..","..","..","..","..","..","..","..","..","..","..","..","..","..","..","..","..","..","0.02","..","0.11","0.06","0.01","..","0.23","0.3","4.81","2.2","2.98","3.97","5.72","2.56","1.93"
"Georgia","","..","..","..","..","..","..","..","..","..","..","..","..","..","..","..","..","..","..","..","..","..","..","..","..","..","..","..","..","..","..","..","..","..","..","..","..","0.03","0.13","0.09","0.33","0.05","0.05","0.46","0.08","0.09","0.1","0.18","..","2.69","0.85","0.13","0.11","..","0.05"
"Ghana","","..","..","..","..","..","..","..","..","..","..","..","..","..","..","..","..","..","..","..","..","..","..","..","..","..","..","..","..","..","1.51","3.21","0.53","0.04","0.06","0.13","-0.49","3.46","1.06","8.28","14.19","5.09","3.48","8.71","13.06","19.08","38.86","2.17","5.77","16.08","24.14","14.28","5.2","0.7","-2.24"
"Gibraltar","","..","..","..","..","..","..","..","..","..","..","..","..","..","..","..","..","..","..","..","..","..","..","..","..","..","..","..","..","..","..","..","..","..","..","..","..","..","..","..","..","..","..","..","..","..","..","..","..","..","..","..","..","..",".."
"Grenada","","..","..","..","..","..","..","..","..","..","..","..","..","..","..","..","..","..","..","..","..","..","..","..","..","..","..","..","..","..","..","..","..","..","..","..","..","..","..","..","..","..","..","..","..","0.37","..","..","..","..","..","0.06","..","..",".."
"Guatemala","","..","..","..","..","..","..","..","..","..","..","..","..","..","..","..","..","..","..","..","..","..","..","..","..","..","..","..","..","..","1.59","0.25","1.75","3.1","6.38","3.94","8.26","17.45","23.94","17.71","18.48","14.53","16.53","17.51","23.45","22.39","38.92","223.79","252.85","255.87","113.43","92.85","45.92","23.36","14.39"
"Guinea","","..","..","..","..","..","..","..","..","..","..","..","..","..","..","..","..","..","..","..","..","..","..","..","..","..","..","..","..","..","0.01","..","..","..","..","..","4.62","0.01","0.88","0.02","0.46","0.01","0.45","0.95","0.01","..","0.55","1.17","2.31","2.89","4.96","2.07","2.59","3.2","10.84"
"Guinea-Bissau","","..","..","..","..","..","..","..","..","..","..","..","..","..","..","..","..","..","..","..","..","..","..","..","..","..","..","..","..","3.81","0.42","..","0.18","1.52","..","..","1.34","0.18","0.27","0.75","0.14","0.76","0.77","0.86","2.01","1.46","2.25","5.13","12.57","16.35","13.05","8.29","6.35","4.15","4.97"
"Guyana","","..","..","..","..","..","..","..","..","..","..","..","..","..","..","..","..","..","..","..","..","..","..","..","..","..","..","..","..","..","..","..","..","..","..","..","..","..","..","..","..","..","..","..","..","..","..","..","1.97","0.08","0.63","0.01","0.04","..","0.01"
"Haiti","","..","..","..","..","..","..","..","..","..","..","..","..","..","..","..","..","..","..","..","..","..","..","..","..","..","..","..","..","..","0.01","0.71","0.02","0.01","0.02","0.37","42.1","2.34","1.99","1.98","1.1","0.71","2.61","2.25","1.33","4.51","10.31","15.14","15.4","45.5","144.9","155.77","92.57","15.36","5.88"
"Honduras","","..","..","..","..","..","..","..","..","..","..","..","..","..","..","..","..","..","..","..","..","..","..","..","..","..","..","..","..","3.7","11.14","5.95","26.08","7.21","23.67","31.71","22.85","17.48","26.67","31.32","34.93","34.9","33.04","36.36","57.61","54","95.02","44.31","110.82","117.56","58.43","69.09","15","13.34","4.64"
"Hong Kong, China","","..","..","..","..","..","..","..","..","..","..","..","..","..","..","..","..","..","..","..","..","..","..","..","..","..","..","..","..","..","0.01","0.01","..","..","..","..","0.01","..","..","..","..","..","..","..","..","..","..","..","..","..","..","..","..","..",".."
"India","","..","..","..","..","..","..","..","..","..","..","..","..","..","..","..","..","..","..","..","..","..","..","..","..","..","..","..","..","..","17.79","24.95","3.82","0.05","0.47","3.28","1.96","1.91","2.64","2.84","0.02","-1.03","1.19","-0.29","-21.31","9.45","11.24","8.91","12.62","14.04","25.34","11.41","7.83","5.68","5.48"
"Indonesia","","..","..","..","..","..","..","..","..","..","..","..","..","..","..","..","..","..","..","..","..","..","..","..","..","..","..","..","..","..","0.07","23.16","21.49","9.49","55.43","45.34","44.39","42.41","42.12","2.11","13.84","66.12","41.35","7.85","9.68","10.89","33.72","3.92","-16.21","9.45","3.41","-10.59","-16.06","-9.38","-13.33"
"Iran","","..","..","..","..","..","..","..","..","..","..","..","..","..","..","..","..","..","..","..","..","..","..","..","..","..","..","..","..","..","..","0.16","0.91","..","0.04","..","..","0.01","0.29","0.11","0.1","0.14","0.23","0.21","1.18","3.72","0.36","12.37","6.85","0.69","5.22","0.2","0.3","0.22","0.96"
"Iraq","","..","..","..","..","..","..","..","..","..","..","..","..","..","..","..","..","..","..","..","..","..","..","..","..","..","..","..","..","..","0.34","..","0.29","0.22","0.15","..","0.24","1.25","0.5","0.93","1.23","0.74","0.48","1.33","22.4","59.43","191.81","192.17","33.22","129.03","2.35","0.39","0.31","0.13","0.28"
"Israel","","..","..","..","..","..","..","..","..","..","..","..","..","..","..","..","..","..","..","..","..","..","..","..","..","..","..","..","..","..","0.15","0.07","..","0.05","0.05","0.01","0.11","0.15","..","..","..","..","..","..","..","..","..","..","..","..","..","..","..","..",".."
"Jamaica","","..","..","..","..","..","..","..","..","..","..","..","..","..","..","..","..","..","..","..","..","..","..","..","..","..","..","..","..","..","0.01","..","0.04","0.04","0.04","0.03","0.02","0.02","0.03","0.05","0.11","0.11","0.12","0.04","0.04","0.4","0.16","0.07","0.52","2.02","1.19","0.51","0.25","0.02","0.2"
"Jordan","","..","..","..","..","..","..","..","..","..","..","..","..","..","..","..","..","..","..","..","..","..","..","..","..","..","..","..","..","..","0.19","3.46","1.99","1.2","0.63","0.98","1.7","2.99","0.95","1.82","5.28","1.55","16.98","4.67","22.12","3.32","3.16","8.02","10.26","12.65","10.15","9.22","7.08","3.62","6.59"
"Kazakstan","","..","..","..","..","..","..","..","..","..","..","..","..","..","..","..","..","..","..","..","..","..","..","..","..","..","..","..","..","..","..","..","..","..","..","..","..","0.01","..","..","0.12","1.69","7.38","17.5","17","4.49","1.12","0.54","0.25","0.06","-0.39","0.11","-2.06","..","0.02"
"Kenya","","..","..","..","..","..","..","..","..","..","..","..","..","..","..","..","..","..","..","..","..","..","..","..","..","..","..","..","..","..","0.14","0.01","..","0.02","..","0.01","0.32","0.62","3.56","4.36","5.67","2.55","8.55","3.79","2.41","2.37","1.46","8.19","44.85","38.61","50.69","8.31","10.27","0.99","-2.48"
"Kiribati","","..","..","..","..","..","..","..","..","..","..","..","..","..","..","..","..","..","..","..","..","..","..","..","..","..","..","..","..","..","..","..","..","..","..","..","..","..","..","..","..","..","..","..","..","..","..","..","..","..","..","..","..","..",".."
"Korea","","..","..","..","..","..","..","..","..","..","..","..","..","..","..","..","..","..","..","..","..","..","..","..","..","..","..","..","..","..","0.06","0.09","0.11","0.11","0.1","..","0.01","0.07","0.09","..","0.07","..","..","..","..","..","..","..","..","..","..","..","..","..",".."
"Korea, Dem. Rep.","","..","..","..","..","..","..","..","..","..","..","..","..","..","..","..","..","..","..","..","..","..","..","..","..","..","..","..","..","..","..","..","..","..","..","..","..","..","..","..","..","..","..","..","0.01","0.05","..","0.04","1.58","0.35","2","..","..","..","0.24"
"Kosovo","","..","..","..","..","..","..","..","..","..","..","..","..","..","..","..","..","..","..","..","..","..","..","..","..","..","..","..","..","..","..","..","..","..","..","..","..","..","..","..","..","..","..","..","..","..","..","..","..","..","0.93","0.07","0.73","0.45",".."
"Kuwait","","..","..","..","..","..","..","..","..","..","..","..","..","..","..","..","..","..","..","..","..","..","..","..","..","..","..","..","..","..","..","..","0.35","..","..","..","..","..","..","..","..","..","..","..","..","..","..","..","..","..","..","..","..","..",".."
"Kyrgyz Republic","","..","..","..","..","..","..","..","..","..","..","..","..","..","..","..","..","..","..","..","..","..","..","..","..","..","..","..","..","..","..","..","..","..","..","..","..","0.01","..","0.01","0.01","0.02","0.02","0.01","0.03","0.06","0.06","0.05","0.25","3.31","1.3","0.88","0.08","..","0.04"
"Laos","","..","..","..","..","..","..","..","..","..","..","..","..","..","..","..","..","..","..","..","..","..","..","..","..","..","..","..","..","..","..","..","..","..","..","..","..","0.03","..","..","..","..","..","..","..","..","..","..","..","0.2","1.74","..","..","..",".."
"Lebanon","","..","..","..","..","..","..","..","..","..","..","..","..","..","..","..","..","..","..","..","..","..","..","..","..","..","..","..","..","..","0.17","0.07","0.16","0.2","0.6","0.02","2.05","2.52","1.78","1.71","2.31","2.36","2.18","2.25","2.86","3.3","2.51","15.05","37.3","51.81","24.16","23.39","24.75","14.35","10.42"
"Lesotho","","..","..","..","..","..","..","..","..","..","..","..","..","..","..","..","..","..","..","..","..","..","..","..","..","..","..","..","..","..","4.79","0.15","0.05","..","..","..","..","..","..","..","..","..","-0.6","..","..","..","..","..","1.18","1.53","9.77","..","..","..",".."
"Liberia","","..","..","..","..","..","..","..","..","..","..","..","..","..","..","..","..","..","..","..","..","..","..","..","..","..","..","..","..","..","0.02","0.1","..","..","..","..","..","0.45","0.15","0.33","0.71","..","0.11","..","0.46","..","1.53","1.26","3.55","24.29","5.75","1.83","0.84","0.38","0.07"
"Libya","","..","..","..","..","..","..","..","..","..","..","..","..","..","..","..","..","..","..","..","..","..","..","..","..","..","..","..","..","..","..","..","..","0.02","0.01","..","0.02","0.03","0.03","0.11","0.12","..","..","..","..","..","0.12","0.04","0.1","0.01","0.04","0.23","9.83","0.03","0.14"
"Macao","","..","..","..","..","..","..","..","..","..","..","..","..","..","..","..","..","..","..","..","..","..","..","..","..","..","..","..","..","..","..","..","..","..","..","..","..","..","..","..","..","..","..","..","..","..","..","..","..","..","..","..","..","..",".."
"Madagascar","","..","..","..","..","..","..","..","..","..","..","..","..","..","..","..","..","..","..","..","..","..","..","..","..","..","..","..","..","..","0.01","..","..","..","..","0.06","..","0.02","79.5","0.22","0.22","1.06","7.73","4.86","5.26","7.95","135.44","0.16","5.39","14.57","4.05","0.34","0.16","0.22","0.04"
"Malawi","","..","..","..","..","..","..","..","..","..","..","..","..","..","..","..","..","..","..","..","..","..","..","..","..","..","..","..","..","..","..","..","9.46","0.94","..","0.01","..","0.28","0.26","0.29","0.18","0.06","-0.23","0.42","0.27","-0.4","1.19","1.44","-0.32","2.9","9.81","0.63","0.7","0.2","0.17"
"Malaysia","","..","..","..","..","..","..","..","..","..","..","..","..","..","..","..","..","..","..","..","..","..","..","..","..","..","..","..","..","..","..","..","..","..","..","0.03","0.04","0.03","0.02","0.04","0.06","0.1","0.06","2.25","5.43","0.89","0.52","0.27","..","..","0.13","0.1","0.24","..","-0.24"
"Maldives","","..","..","..","..","..","..","..","..","..","..","..","..","..","..","..","..","..","..","..","..","..","..","..","..","..","..","..","..","..","..","..","..","..","..","..","..","..","..","..","..","..","..","0.04","..","..","..","0.19","..","..","..","..","..","..",".."
"Mali","","..","..","..","..","..","..","..","..","..","..","..","..","..","..","..","..","..","..","..","..","..","..","..","..","..","..","..","..","..","0.01","..","..","0.02","0.08","0.08","0.19","0.1","0.18","0.21","1.14","0.06","0.69","0.4","1.27","1.27","5.25","8.65","17.48","31.15","24.3","28.4","20.78","14.61","21.1"
"Malta","","..","..","..","..","..","..","..","..","..","..","..","..","..","..","..","..","..","..","..","..","..","..","..","..","..","..","..","..","..","0.01","..","0.01","0.04","0.05","0.04","0.06","0.08","0.06","0.01","0.05","0.03","0.03","0.02","..","..","..","..","..","..","..","..","..","..",".."
"Marshall Islands","","..","..","..","..","..","..","..","..","..","..","..","..","..","..","..","..","..","..","..","..","..","..","..","..","..","..","..","..","..","..","..","..","..","..","..","..","..","..","..","..","..","..","..","..","..","..","..","..","..","..","..","..","..",".."
"Mauritania","","..","..","..","..","..","..","..","..","..","..","..","..","..","..","..","..","..","..","..","..","..","..","..","..","..","..","..","..","3.2","1.63","0.3","2.86","3.34","7.24","1.05","6.5","4.46","5.55","3.3","6.01","5.36","7.41","17.95","17.46","11.5","15.74","12.97","39.09","34.12","44.74","34.69","35.14","9.06","14.84"
"Mauritius","","..","..","..","..","..","..","..","..","..","..","..","..","..","..","..","..","..","..","..","..","..","..","..","..","..","..","..","..","..","2.14","..","..","..","..","..","..","..","..","..","..","..","..","..","..","..","..","..","0.01","..","0.02","0.03","0.03","..",".."
"Mayotte","","..","..","..","..","..","..","..","..","..","..","..","..","..","..","..","..","..","..","..","..","..","..","..","..","..","..","..","..","..","..","..","..","..","..","..","..","..","..","..","..","..","..","..","..","..","..","..","..","..","..","..","..","..",".."
"Mekong Delta Project","","..","..","..","..","..","..","..","..","..","..","..","..","..","..","..","..","..","..","..","..","..","..","..","..","..","..","..","..","..","..","..","..","..","..","..","..","..","..","..","..","..","..","..","..","..","..","..","..","..","..","..","..","..",".."
"Mexico","","..","..","..","..","..","..","..","..","..","..","..","..","..","..","..","..","..","..","..","..","..","..","..","..","..","..","..","0.6","0.8","12.73","19.55","93.73","159.83","210.55","143.23","15.05","-0.27","0.32","12.92","-1.17","-11.35","-9.22","-12","-26.53","-28.31","-24.47","-23.1","-17.15","-15.07","-14.51","5.26","-21.75","-0.84","0.03"
"Micronesia","","..","..","..","..","..","..","..","..","..","..","..","..","..","..","..","..","..","..","..","..","..","..","..","..","..","..","..","..","..","..","..","..","..","..","..","..","..","..","..","..","..","0.04","0.15","0.1","..","..","..","..","..","..","..","..","..",".."
"Moldova","","..","..","..","..","..","..","..","..","..","..","..","..","..","..","..","..","..","..","..","..","..","..","..","..","..","..","..","..","..","..","..","..","..","..","..","..","..","0.01","..","0.02","0.03","0.01","0.01","0.03","0.01","0.06","0.01","0.65","1.8","0.39","0.06","0.04","0.02","0.03"
"Mongolia","","..","..","..","..","..","..","..","..","..","..","..","..","..","..","..","..","..","..","..","..","..","..","..","..","..","..","..","..","..","..","..","..","..","..","..","0.01","..","..","0.01","0.01","..","..","1.37","6.52","2.82","..","0.89","8.96","4.05","-1.27","-0.34","..","..","-1.18"
"Montenegro","","..","..","..","..","..","..","..","..","..","..","..","..","..","..","..","..","..","..","..","..","..","..","..","..","..","..","..","..","..","..","..","..","..","..","..","..","..","..","..","..","..","..","..","..","..","..","0.06","0.67","0.12","1.8","4.51","0.01","..","-0.66"
"Montserrat","","..","..","..","..","..","..","..","..","..","..","..","..","..","..","..","..","..","..","..","..","..","..","..","..","..","..","..","..","..","..","..","..","..","..","..","..","..","..","..","..","..","..","..","..","..","..","..","..","..","..","..","..","..",".."
"Morocco","","..","..","..","..","..","..","..","..","..","..","..","..","..","..","..","..","..","..","..","..","..","..","..","..","..","..","..","1.1","2.2","13.77","33.27","97.35","164.77","60.96","20.77","12.8","24.71","26.04","52.53","17.05","-1.1","37.12","18.43","15.33","51.03","29.03","73.25","84.82","117.36","190.67","90.59","36.83","34","30.39"
"Mozambique","","..","..","..","..","..","..","..","..","..","..","..","..","..","..","..","..","..","..","..","..","..","..","..","..","..","..","..","0.6","0.9","4.44","16.27","9.99","10.55","16.55","4.39","16.53","16.69","7.23","10.7","7.95","23.52","11.65","33.53","22.58","32.48","29.35","33.56","53.75","78.46","68.8","43.91","41.28","17.87","19.31"
"Myanmar (Burma)","","..","..","..","..","..","..","..","..","..","..","..","..","..","..","..","..","..","..","..","..","..","..","..","..","..","..","..","..","..","..","..","..","..","..","..","..","..","..","..","..","..","..","..","..","..","..","..","..","9.19","1.05","0.01","..","..","0.01"
"Namibia","","..","..","..","..","..","..","..","..","..","..","..","..","..","..","..","..","..","..","..","..","..","..","..","..","..","..","..","..","..","..","..","0.07","..","0.06","0.21","0.87","1.32","2.4","2","1.07","1.13","2.04","5.77","4.35","11.11","7.57","7.51","28.45","15.06","11.97","8.54","4.31","0.95","0.48"
"Nauru","","..","..","..","..","..","..","..","..","..","..","..","..","..","..","..","..","..","..","..","..","..","..","..","..","..","..","..","..","..","..","..","..","..","..","..","..","..","..","..","..","..","..","..","..","..","..","..","..","..","..","..","..","..",".."
"Nepal","","..","..","..","..","..","..","..","..","..","..","..","..","..","..","..","..","..","..","..","..","..","..","..","..","..","..","..","..","..","0.01","0.01","..","..","..","0.01","0.04","0.05","0.09","0.04","0.08","0.04","0.03","0.02","0.04","0.09","0.1","0.19","0.14","2.85","49.62","0.24","0.22","0.07","0.08"
"Netherlands Antilles","","..","..","..","..","..","..","..","..","..","..","..","..","..","..","..","..","..","..","..","..","..","..","..","..","..","..","..","..","..","..","..","..","..","..","..","..","..","..","..","..","..","..","..","..","..","..","..","..","..","..","..","..","..",".."
"New Caledonia","","..","..","..","..","..","..","..","..","..","..","..","..","..","..","..","..","..","..","..","..","..","..","..","..","..","..","..","..","..","..","..","..","..","..","..","..","..","..","..","..","..","..","..","..","..","..","..","..","..","..","..","..","..",".."
"Nicaragua","","..","..","..","..","..","..","..","..","..","..","..","..","..","..","..","..","..","..","..","..","..","..","..","..","..","..","..","..","7.2","19.47","14.79","15.42","9.49","11.2","12.6","34.34","31.68","15.65","23.29","21.88","19.67","399.47","22.29","72.67","207.69","60.08","36.58","115.12","125.36","142.37","106.18","64.61","19.38","27.54"
"Niger","","..","..","..","..","..","..","..","..","..","..","..","..","..","..","..","..","..","..","..","..","..","..","..","..","..","..","..","..","..","0.01","..","..","3.86","3.5","2.51","..","3.26","0.07","0.02","0.04","0.03","-0.64","0.16","-0.45","1.02","16.17","3.49","8.19","23.98","22.2","25.87","27.84","6.68","5.88"
"Nigeria","","..","..","..","..","..","..","..","..","..","..","..","..","..","..","..","..","..","..","..","..","..","..","..","..","..","..","..","..","..","0.04","..","..","..","..","0.01","0.23","0.45","0.39","0.12","0.38","0.2","2.91","0.45","0.41","0.56","1.85","136.54","0.47","25.42","6.97","0.49","0.2","0.01","0.57"
"Niue","","..","..","..","..","..","..","..","..","..","..","..","..","..","..","..","..","..","..","..","..","..","..","..","..","..","..","..","..","..","..","..","..","..","..","..","..","..","..","..","..","..","..","..","..","..","..","..","..","..","..","..","..","..",".."
"Northern Marianas","","..","..","..","..","..","..","..","..","..","..","..","..","..","..","..","..","..","..","..","..","..","..","..","..","..","..","..","..","..","..","..","..","..","..","..","..","..","..","..","..","..","..","..","..","..","..","..","..","..","..","..","..","..",".."
"Oman","","..","..","..","..","..","..","..","..","..","..","..","..","..","..","..","..","..","..","..","..","..","..","..","..","..","..","..","..","..","..","..","..","..","..","..","..","..","..","..","..","..","..","..","..","..","0.01","..","..","..","..","0.01","..","..",".."
"Pakistan","","..","..","..","..","..","..","..","..","..","..","..","..","..","..","..","..","..","..","..","..","..","..","..","..","..","..","..","..","..","0.01","..","0.06","..","..","..","10.64","21.97","5.36","3.95","4.88","0.79","3.55","0.74","0.92","0.07","4.6","0.43","5.67","3.28","13.68","22.7","5.74","0.29","0.58"
"Palau","","..","..","..","..","..","..","..","..","..","..","..","..","..","..","..","..","..","..","..","..","..","..","..","..","..","..","..","..","..","..","..","..","..","..","..","..","..","..","..","..","..","..","..","..","..","..","0.3","..","..","..","..","..","..",".."
"Panama","","..","..","..","..","..","..","..","..","..","..","..","..","..","..","..","..","..","..","..","..","..","..","..","..","..","..","..","..","..","1.17","5.89","1.12","1.78","1.74","0.82","4.26","7.74","6.31","21.64","18.75","12.95","7.29","5.86","8.08","6.6","4.49","6.43","10.6","7.44","6.27","5.87","2.54","0.86","5.77"
"Papua New Guinea","","..","..","..","..","..","..","..","..","..","..","..","..","..","..","..","..","..","..","..","..","..","..","..","..","..","..","..","..","..","..","..","..","..","..","..","..","..","..","..","..","..","..","..","..","0.08","..","..","0.14","..","0.92","0.15","..","..",".."
"Paraguay","","..","..","..","..","..","..","..","..","..","..","..","..","..","..","..","..","..","..","..","..","..","..","..","..","..","..","..","..","..","0.49","0.96","1.32","2.64","1","1.13","8.7","5.82","11.32","16.79","12.77","5.3","8.42","4.09","11.74","6.39","7.05","9.81","13.26","23.03","38.89","21.84","16.34","6.88","5.44"
"Peru","","..","..","..","..","..","..","..","..","..","..","..","..","..","..","..","..","..","..","..","..","..","..","..","..","..","..","..","2.2","3.9","4.85","6.27","23.28","4.75","7","5.05","13.77","30.2","22.05","25.68","32.64","18.54","29.08","31.86","44.42","56.15","65.53","69.37","109.35","131.48","100.17","118.05","61.16","29.31","43.24"
"Philippines","","..","..","..","..","..","..","..","..","..","..","..","..","..","..","..","..","..","..","..","..","..","..","..","..","..","..","..","..","0.8","0.38","4.56","1.82","4.03","31.24","16.78","11.76","4.36","22.72","15.42","12.85","6.34","9.94","18.99","25.84","14.05","10.43","12.52","29.21","35.31","-31.35","27.01","19.8","10.36","6.11"
"Qatar","","..","..","..","..","..","..","..","..","..","..","..","..","..","..","..","..","..","..","..","..","..","..","..","..","..","..","..","..","..","..","..","..","..","..","..","..","..","..","..","..","..","..","..","..","..","..","..","..","..","..","..","..","..",".."
"Rwanda","","..","..","..","..","..","..","..","..","..","..","..","..","..","..","..","..","..","..","..","..","..","..","..","..","..","..","..","..","..","0.09","0.12","0.02","..","0.82","6.53","8.11","4.49","0.47","0.22","0.15","0.3","0.77","0.73","0.68","0.35","0.85","2","8.42","24.86","24.98","1.78","1.73","1.32","0.73"
"Samoa","","..","..","..","..","..","..","..","..","..","..","..","..","..","..","..","..","..","..","..","..","..","..","..","..","..","..","..","..","..","..","..","..","..","..","..","..","..","..","..","..","..","..","..","..","..","..","0.02","..","..","0.01","0.01","..","..","0.05"
"Sao Tome & Principe","","..","..","..","..","..","..","..","..","..","..","..","..","..","..","..","..","..","..","..","..","..","..","..","..","..","..","..","..","0.7","0.07","0.31","0.45","0.39","0.32","0.23","0.2","0.25","1.05","0.43","0.73","1.93","2.58","0.95","1.23","0.47","0.22","0.55","1.3","0.21","1.44","1.27","1.59","0.16","0.1"
"Saudi Arabia","","..","..","..","..","..","..","..","..","..","..","..","..","..","..","..","..","..","..","..","..","..","..","..","..","..","..","..","..","..","0.01","..","..","..","..","..","..","..","..","..","..","..","..","..","..","..","..","..","..","..","..","..","..","..",".."
"Senegal","","..","..","..","..","..","..","..","..","..","..","..","..","..","..","..","..","..","..","..","..","..","..","..","..","..","..","..","..","0.9","0.12","5.58","2.24","0.6","0.17","8.21","4.88","0.02","-0.45","0.68","36.49","1.34","9.49","7.26","34.72","18.33","82.48","18.12","41.56","59.12","59.26","45.57","36.84","13.15","19.53"
"Serbia","","..","..","..","..","..","..","..","..","..","..","..","..","..","..","..","..","..","..","..","..","..","..","..","..","..","..","..","..","..","..","..","..","..","..","..","..","..","0.06","0.41","37.46","1.3","23.79","24.47","14.33","18.5","16.29","5.51","2.48","16.31","4.02","0.44","-2.38","-2.81","-3.24"
"Seychelles","","..","..","..","..","..","..","..","..","..","..","..","..","..","..","..","..","..","..","..","..","..","..","..","..","..","..","..","..","..","..","1.16","0.02","..","..","..","0.03","..","0.11","0.01","0.18","0.15","0.15","..","0.01","..","..","..","..","..","..","-0.77","1.66","..",".."
"Sierra Leone","","..","..","..","..","..","..","..","..","..","..","..","..","..","..","..","..","..","..","..","..","..","..","..","..","..","..","..","..","..","0.06","..","0.05","..","0.03","0.02","0.03","0.01","0.3","0.64","..","..","0.01","0.08","0.2","1.59","2.44","1.77","3.15","3.36","3.38","1.94","0.72","0.65","0.61"
"Singapore","","..","..","..","..","..","..","..","..","..","..","..","..","..","..","..","..","..","..","..","..","..","..","..","..","..","..","..","..","..","..","..","..","..","..","..","..","..","..","..","..","..","..","..","..","..","..","..","..","..","..","..","..","..",".."
"Slovenia","","..","..","..","..","..","..","..","..","..","..","..","..","..","..","..","..","..","..","..","..","..","..","..","..","..","..","..","..","..","..","..","..","..","..","..","..","..","..","0.08","0.05","0.07","0.06","0.03","..","..","..","..","..","..","..","..","..","..",".."
"Solomon Islands","","..","..","..","..","..","..","..","..","..","..","..","..","..","..","..","..","..","..","..","..","..","..","..","..","..","..","..","..","..","..","..","..","..","..","..","..","..","..","..","..","..","..","..","..","..","..","..","..","0.31","..","..","..","..",".."
"Somalia","","..","..","..","..","..","..","..","..","..","..","..","..","..","..","..","..","..","..","..","..","..","..","..","..","..","..","..","..","..","0.01","9.7","0.02","0.82","0.04","..","..","..","..","..","..","..","..","..","..","..","0.07","2.26","2.27","14.61","52.75","5.89","16.05","4.94","0.81"
"South Africa","","..","..","..","..","..","..","..","..","..","..","..","..","..","..","..","..","..","..","..","..","..","..","..","..","..","..","..","..","..","..","..","..","..","0.16","..","1.07","0.28","0.16","1.57","2.05","1.05","1.09","0.06","0.25","0.49","0.4","1.05","1.13","0.62","5.32","1.12","0.36","0.05","0.14"
"South Sudan","","..","..","..","..","..","..","..","..","..","..","..","..","..","..","..","..","..","..","..","..","..","..","..","..","..","..","..","..","..","..","..","..","..","..","..","..","..","..","..","..","..","..","..","..","..","..","..","..","..","..","..","..","2.04","0.12"
"Sri Lanka","","..","..","..","..","..","..","..","..","..","..","..","..","..","..","..","..","..","..","..","..","..","..","..","..","..","..","..","..","..","..","..","..","..","..","..","0.01","..","..","..","..","..","..","..","..","0.6","3.53","7.15","14.74","26.03","18.62","-0.73","-0.61","0.41","-1.48"
"St. Helena","","..","..","..","..","..","..","..","..","..","..","..","..","..","..","..","..","..","..","..","..","..","..","..","..","..","..","..","..","..","..","..","..","..","..","..","..","..","..","..","..","..","..","..","..","..","..","..","..","..","..","..","..","..",".."
"St. Kitts-Nevis","","..","..","..","..","..","..","..","..","..","..","..","..","..","..","..","..","..","..","..","..","..","..","..","..","..","..","..","..","..","..","..","..","..","..","..","..","..","..","..","..","..","..","..","..","..","..","..","..","..","0.03","0.03","0.03","..",".."
"St. Lucia","","..","..","..","..","..","..","..","..","..","..","..","..","..","..","..","..","..","..","..","..","..","..","..","..","..","..","..","..","..","..","..","..","..","..","..","..","..","..","..","..","..","..","..","..","..","..","0.01","0.02","..","..","0.08","0.02","..",".."
"St.Vincent & Grenadines","","..","..","..","..","..","..","..","..","..","..","..","..","..","..","..","..","..","..","..","..","..","..","..","..","..","..","..","..","..","..","..","..","..","..","..","..","..","..","..","..","..","..","..","..","0.01","0.01","..","..","..","..","..","..","..",".."
"Sts Ex-Yugo. Unspec.","","..","..","..","..","..","..","..","..","..","..","..","..","..","..","..","..","..","..","..","..","..","..","..","..","..","..","..","..","..","0.07","0.08","..","0.33","2.48","0.2","..","..","..","..","0.41","27.13","0.01","38.6","26.62","0.02","..","..","7.04","1.09","..","..","..","..",".."
"Sudan","","..","..","..","..","..","..","..","..","..","..","..","..","..","..","..","..","..","..","..","..","..","..","..","..","..","..","..","..","1","1.14","1.23","0.82","0.19","0.08","0.02","0.03","0.18","0.03","2","0.05","0.04","0.1","0.01","0.31","7.87","9.72","13.26","28.36","37.68","25.99","22.98","31.79","8.95","1.53"
"Suriname","","..","..","..","..","..","..","..","..","..","..","..","..","..","..","..","..","..","..","..","..","..","..","..","..","..","..","..","..","..","..","..","..","..","..","..","..","..","..","..","..","..","..","..","..","0.02","..","..","..","..","0.14","..","..","..",".."
"Swaziland","","..","..","..","..","..","..","..","..","..","..","..","..","..","..","..","..","..","..","..","..","..","..","..","..","..","..","..","..","..","..","..","..","..","..","..","..","..","..","..","..","..","..","..","..","..","..","..","..","..","1.17","..","..","..",".."
"Syria","","..","..","..","..","..","..","..","..","..","..","..","..","..","..","..","..","..","..","..","..","..","..","..","..","..","..","..","..","..","0.15","0.02","0.22","0.25","0.33","0.15","0.6","0.39","0.43","0.61","0.83","0.69","0.72","0.48","0.7","0.69","1.08","2.56","2.96","7.45","6.27","6.08","3.81","9.31","11.38"
"Tajikistan","","..","..","..","..","..","..","..","..","..","..","..","..","..","..","..","..","..","..","..","..","..","..","..","..","..","..","..","..","..","..","..","..","..","..","0.21","..","..","..","..","..","..","..","..","..","..","0.02","0.05","3.04","2.49","6.31","0.02","0.07","..","0.08"
"Tanzania","","..","..","..","..","..","..","..","..","..","..","..","..","..","..","..","..","..","..","..","..","..","..","..","..","..","..","..","..","0.5","4.61","6.57","1.84","1.57","0.43","0.44","1.26","3.91","5.1","2.91","1.38","0.29","1.86","0.31","2.45","5.76","4.05","3.87","7.99","3.36","25.08","3.21","5.45","1.58","0.43"
"Thailand","","..","..","..","..","..","..","..","..","..","..","..","..","..","..","..","..","..","..","..","..","..","..","..","..","..","..","..","..","..","0.05","0.11","..","0.01","..","..","0.11","0.36","0.06","0.16","0.17","0.11","0.05","0.06","0.12","0.72","0.76","0.62","0.66","0.06","4.46","0.58","1.15","0.03","0.05"
"Timor-Leste","","..","..","..","..","..","..","..","..","..","..","..","..","..","..","..","..","..","..","..","..","..","..","..","..","..","..","..","..","..","..","..","..","..","..","..","..","..","..","0.4","0.63","0.72","0.86","1.05","1.03","0.69","1.58","0.79","11.41","13.96","10.82","6.02","5.69","1.54","1.54"
"Togo","","..","..","..","..","..","..","..","..","..","..","..","..","..","..","..","..","..","..","..","..","..","..","..","..","..","..","..","..","..","..","0.01","..","..","0.09","0.04","7.7","0.52","0.64","1.43","0.15","0.32","1.17","0.31","0.24","0.74","2.01","1.75","1.61","3.45","3.8","1.59","26.5","51.66","0.42"
"Tokelau","","..","..","..","..","..","..","..","..","..","..","..","..","..","..","..","..","..","..","..","..","..","..","..","..","..","..","..","..","..","..","..","..","..","..","..","..","..","..","..","..","..","..","..","..","..","..","..","..","..","..","..","..","..",".."
"Tonga","","..","..","..","..","..","..","..","..","..","..","..","..","..","..","..","..","..","..","..","..","..","..","..","..","..","..","..","..","..","..","..","..","..","..","..","..","0.01","..","..","..","..","..","..","..","..","..","..","..","..","0.07","..","..","..",".."
"Trinidad & Tobago","","..","..","..","..","..","..","..","..","..","..","..","..","..","..","..","..","..","..","..","..","..","..","..","..","..","..","..","..","..","..","..","..","..","..","..","..","..","..","..","..","0.01","0.04","0.02","0.03","0.05","0.07","0.07","0.02","..","0.09","0.11","..","..",".."
"Tunisia","","..","..","..","..","..","..","..","..","..","..","..","..","..","..","..","..","..","..","..","..","..","..","..","..","..","..","..","2.2","1.2","2.7","1.13","1.85","9.13","1.25","0.46","8.09","7.03","9.73","5.47","1.13","1.75","6.21","7.37","12.56","9.71","5.63","15.85","21.26","16.19","124.14","158.03","82.86","0.52","25.18"
"Turkey","","..","..","..","..","..","..","..","..","..","..","..","..","..","..","..","..","..","..","..","..","..","..","..","..","..","..","..","..","0.71","1.8","0.22","1.03","-0.2","-0.13","-0.15","-0.34","-0.09","-0.07","-0.07","2.62","4.39","8.56","14.19","41.44","49.53","12.4","91.52","55.91","92.1","135.28","55.96","4.82","1.54","-0.95"
"Turkmenistan","","..","..","..","..","..","..","..","..","..","..","..","..","..","..","..","..","..","..","..","..","..","..","..","..","..","..","..","..","..","..","..","..","..","..","0.06","..","..","..","..","..","..","..","..","..","..","..","..","..","..","..","..","..","..","0.01"
"Turks & Caicos Islands","","..","..","..","..","..","..","..","..","..","..","..","..","..","..","..","..","..","..","..","..","..","..","..","..","..","..","..","..","..","..","..","..","..","..","..","..","..","..","..","..","..","..","..","..","..","..","..","..","..","..","..","..","..",".."
"Tuvalu","","..","..","..","..","..","..","..","..","..","..","..","..","..","..","..","..","..","..","..","..","..","..","..","..","..","..","..","..","..","..","..","..","..","..","..","..","..","..","..","..","..","..","..","..","..","..","..","..","..","..","..","..","..",".."
"Uganda","","..","..","..","..","..","..","..","..","..","..","..","..","..","..","..","..","..","..","..","..","..","..","..","..","..","..","..","..","..","4.72","0.96","11.17","17.46","6.18","1.47","4.18","4.72","-0.88","-1.03","-4.75","-3.21","-2.31","2.78","9.77","3.28","-0.55","2.74","2.65","11.46","5.89","4.29","2.32","0.46","0.53"
"Ukraine","","..","..","..","..","..","..","..","..","..","..","..","..","..","..","..","..","..","..","..","..","..","..","..","..","..","..","..","..","..","..","..","..","..","..","..","..","..","..","..","..","..","..","..","..","..","0.5","0.36","0.13","0.26","3.84","0.27","0.32","0.15","0.39"
"United Arab Emirates","","..","..","..","..","..","..","..","..","..","..","..","..","..","..","..","..","..","..","..","..","..","..","..","..","..","..","..","..","..","..","..","..","..","..","..","..","..","..","..","..","..","..","..","..","..","..","..","..","..","..","..","..","..",".."
"Uruguay","","..","..","..","..","..","..","..","..","..","..","..","..","..","..","..","..","..","..","..","..","..","..","..","..","..","..","..","..","..","0.48","6.83","0.65","14.74","31.16","32.43","20.38","4.06","2.13","2.6","3.14","2.82","1.79","1.17","4.42","2.71","2.3","4.05","12.65","9.36","12.23","8.41","5.55","0.98","1.66"
"Uzbekistan","","..","..","..","..","..","..","..","..","..","..","..","..","..","..","..","..","..","..","..","..","..","..","..","..","..","..","..","..","..","..","..","..","..","0.19","0.1","..","..","..","0.07","0.24","0.03","3.01","4.99","4.11","1.28","0.08","0.08","..","0.36","0.66","0.23","1.27","..","0.03"
"Vanuatu","","..","..","..","..","..","..","..","..","..","..","..","..","..","..","..","..","..","..","..","..","..","..","..","..","..","..","..","..","..","..","..","..","..","..","..","..","..","..","..","..","..","..","..","..","..","..","0.01","0.01","0.03","..","0.03","0.04","0.05",".."
"Venezuela","","..","..","..","..","..","..","..","..","..","..","..","..","..","..","..","..","..","..","..","..","..","..","..","..","..","..","..","..","5.2","39.42","0.44","-2.62","-1.41","2.65","1.33","5.48","7.18","-19.65","3.54","15.57","28.17","11.41","16.66","35.74","2.76","-5.42","9.9","15.88","15.48","12.89","8.23","0.46","1.51","-2.82"
"Vietnam","","..","..","..","..","..","..","..","..","..","..","..","..","..","..","..","..","..","..","..","..","..","..","..","..","..","..","..","..","..","..","..","..","..","0.04","..","..","5.32","4.77","10.86","2.96","4.25","6.58","7.35","7.85","6.31","9.13","18.39","31.51","49.47","32.65","15.99","10.47","3.73","-2.11"
"Virgin Islands (UK)","","..","..","..","..","..","..","..","..","..","..","..","..","..","..","..","..","..","..","..","..","..","..","..","..","..","..","..","..","..","..","..","..","..","..","..","..","..","..","..","..","..","..","..","..","..","..","..","..","..","..","..","..","..",".."
"Wallis & Futuna","","..","..","..","..","..","..","..","..","..","..","..","..","..","..","..","..","..","..","..","..","..","..","..","..","..","..","..","..","..","..","..","..","..","..","..","..","..","..","..","..","..","..","..","..","..","..","..","..","..","..","..","..","..",".."
"West Bank & Gaza Strip","","..","..","..","..","..","..","..","..","..","..","..","..","..","..","..","..","..","..","..","..","..","..","..","..","..","..","..","..","..","..","..","..","..","2.4","12.39","28.26","17.13","21.49","41.74","17.4","12.91","10.08","11.27","14.15","23.81","39.35","39.98","72.71","103.18","99.4","97.59","63.12","23.02","16.88"
"Yemen","","..","..","..","..","..","..","..","..","..","..","..","..","..","..","..","..","..","..","..","..","..","..","..","..","..","..","..","..","..","..","..","..","..","..","0.07","0.09","0.09","..","..","..","2.14","4.15","4.53","8.6","2.63","0.12","..","0.15","1.89","3.86","1.11","2.12","..","-0.99"
"Zambia","","..","..","..","..","..","..","..","..","..","..","..","..","..","..","..","..","..","..","..","..","..","..","..","..","..","..","..","..","..","0.01","..","..","..","..","0.06","0.02","0.02","0.17","0.16","0.15","0.14","0.08","..","..","0.94","0.2","0.35","0.93","1","11.8","0.16","0.06","0.04","0.01"
"Zimbabwe","","..","..","..","..","..","..","..","..","..","..","..","..","..","..","..","..","..","..","..","..","..","..","..","..","..","..","..","..","..","0.03","0.05","..","6.78","6.02","0.05","0.36","1.1","0.19","6.29","2.83","1.25","0.26","0.27","0.04","0.16","0.77","0.25","0.7","4.79","8.16","3.62","5.31","0.11","0.72"
"North of Sahara, regional","","..","..","..","..","..","..","..","..","..","..","..","..","..","..","..","..","..","..","..","..","..","..","..","..","..","..","..","..","..","..","..","0.71","0.44","0.65","0.83","6.38","7.49","8.59","8.46","10.27","13.82","9.06","10.1","10.87","18.53","21.46","25.65","40.04","40.03","36.32","47.67","147.46","3.24","1.45"
"South of Sahara, regional","","..","..","..","..","..","..","..","..","..","..","..","..","..","..","..","..","..","..","..","..","..","..","..","..","..","..","..","..","..","1.15","..","2.12","0.11","0.07","1.98","0.23","0.29","11.96","0.39","9.88","9.01","0.32","1.96","3.28","3.79","4.92","9.86","11.01","49.05","145.1","178.9","15.95","27.71","11.15"
"Africa, regional","","..","..","..","..","..","..","..","..","..","..","..","..","..","..","..","..","..","..","..","..","..","..","..","..","..","..","..","..","..","3.78","4.81","..","..","..","..","..","..","..","..","3.65","0.42","1.4","0.78","..","0.35","3.24","7.34","65.17","131.23","132.58","58.49","16.89","13.62","1.55"
"N. & C. America, regional","","..","..","..","..","..","..","..","..","..","..","..","..","..","..","..","..","..","..","..","..","..","..","..","..","..","..","..","..","..","..","..","3.15","3.16","2.5","1.22","13.06","0.85","1.66","15.57","43.52","22.63","4.56","16.76","8.92","4.96","11.27","29.29","17.01","19.79","20.19","26.93","23.11","41.85","10.13"
"South America, regional","","..","..","..","..","..","..","..","..","..","..","..","..","..","..","..","..","..","..","..","..","..","..","..","..","..","..","..","..","..","..","..","59.15","47.96","16.35","43.8","1","25","..","0.04","1.72","2.33","2.51","1.08","1.35","0.87","4.96","3.96","13.45","32.43","16.57","29.55","14.25","4.15","2.3"
"America, regional","","..","..","..","..","..","..","..","..","..","..","..","..","..","..","..","..","..","..","..","..","..","..","..","..","..","..","..","..","..","20.59","30.18","..","..","..","..","46.83","..","62.68","11.51","61.44","52.73","36.41","28.65","56.87","48.39","59.61","77.32","115.99","688.7","250.39","295.09","170.87","13.4","13.81"
"Middle East, regional","","..","..","..","..","..","..","..","..","..","..","..","..","..","..","..","..","..","..","..","..","..","..","..","..","..","..","..","..","..","0.15","6.5","5.2","1.8","..","0.03","0.15","0.04","1.66","0.67","0.35","..","0.45","1.12","0.81","..","0.14","3.01","3.71","35.65","9.5","11.67","11","1.09",".."
"Central Asia, regional","","..","..","..","..","..","..","..","..","..","..","..","..","..","..","..","..","..","..","..","..","..","..","..","..","..","..","..","..","..","..","..","..","..","..","..","..","..","..","..","..","..","..","..","..","..","..","..","..","..","..","9.03","..","0.11","0.07"
"South Asia, regional","","..","..","..","..","..","..","..","..","..","..","..","..","..","..","..","..","..","..","..","..","..","..","..","..","..","..","..","..","..","..","..","..","..","..","..","..","..","..","..","..","..","..","..","..","..","..","0.93","0.54","0.54","..","8.83","..","0.45","0.1"
"South & C.Asia, regional","","..","..","..","..","..","..","..","..","..","..","..","..","..","..","..","..","..","..","..","..","..","..","..","..","..","..","..","..","..","..","..","..","..","0.18","..","..","..","..","..","..","..","..","..","..","..","..","..","..","..","..","..","..","..",".."
"Far East Asia, regional","","..","..","..","..","..","..","..","..","..","..","..","..","..","..","..","..","..","..","..","..","..","..","..","..","..","..","..","..","..","..","..","..","..","..","..","..","..","1.89","..","..","0.01","0.71","0.17","3.89","0.64","17.86","0.02","1.14","11.17","0.28","19.8","0.36","0.03",".."
"Asia, regional","","..","..","..","..","..","..","..","..","..","..","..","..","..","..","..","..","..","..","..","..","..","..","..","..","..","..","..","..","..","..","..","0.02","..","..","..","..","..","..","..","2.61","2.66","2.04","2.19","..","3.06","1.51","1.66","5.98","66.78","20.85","7.16","7.28","0.01","-0.09"
"Europe, regional","","..","..","..","..","..","..","..","..","..","..","..","..","..","..","..","..","..","..","..","..","..","..","..","..","..","..","..","..","..","0.65","..","0.12","0.11","0.28","..","..","..","1.07","..","..","..","..","..","0.53","0.2","3.38","0.19","8.81","30.13","4.38","6.6","0.61","0.78","0.53"
"Oceania, regional","","..","..","..","..","..","..","..","..","..","..","..","..","..","..","..","..","..","..","..","..","..","..","..","..","..","..","..","..","..","..","..","..","..","..","..","..","..","..","..","..","..","0.03","..","..","..","..","..","..","0.96","0.62","5.07","..","..",".."
"West Indies, regional","","..","..","..","..","..","..","..","..","..","..","..","..","..","..","..","..","..","..","..","..","..","..","..","..","..","..","..","..","..","..","..","..","..","..","..","..","..","..","..","..","..","..","..","..","0.07","..","..","..","..","1.49","1.34","..","..",".."
"Developing Countries, Unspecified","","..","..","..","..","..","..","..","..","..","..","..","..","..","..","..","..","..","..","..","..","132","206","164","57","110","128.6","58.6","65.2","46.2","-10.6","95","67.5","81.53","50.47","42.4","112.51","107.33","68.03","145.14","68.9","89.4","120.01","122.73","159","194.86","221.18","312.48","859.41","768.81","684.5","925.46","519.06","295.42","245.81"
"MADCT Unallocated","","..","..","..","..","..","..","..","..","..","..","..","..","..","..","..","..","..","..","..","..","..","..","..","..","..","..","..","..","..","..","..","..","..","..","..","..","..","..","..","..","..","..","..","..","..","..","..","..","..","..","..","..","..",".."
"AfDB (African Dev.Bank)","","..","..","..","..","..","..","..","..","..","..","..","..","..","..","..","..","..","..","..","..","..","..","..","..","..","..","0.7","0.85","0.89","0.79","0.79","..","0.79","0.79","..","..","..","..","12.89","11.8","..","13.9","2.54","3.04","3.35","2.07","72.57","48.82","17.56","20.45","..","41.18","..",".."
"AfDF (African Dev.Fund)","","..","..","..","..","..","..","..","..","..","..","..","..","..","..","..","..","..","..","..","..","..","..","..","..","..","..","0.9","3.81","..","..","50.81","..","15.19","13.91","21.86","..","..","10.35","..","..","4.97","..","14.27","15.91","28.05","51.03","..","..","122.03","57.72","57.14","22.25","..",".."
"African Solidarity Fund","","..","..","..","..","..","..","..","..","..","..","..","..","..","..","..","..","..","..","..","..","..","..","..","..","..","..","..","..","..","..","..","..","..","..","..","..","..","..","..","..","..","..","..","..","..","..","..","..","..","..","..","..","..",".."
"AsDB (Asian Dev.Bank)","","..","..","..","..","..","..","..","..","..","..","..","..","..","..","..","..","..","..","..","..","..","..","..","..","..","..","2","3.77","2.44","26.84","12.2","..","..","..","5.32","..","0.29","0.12","0.12","0.12","0.17","3.8","4.68","10.77","44.86","0.2","21.37","28.16","..","..","13.05","..","..",".."
"AsDB Special Funds","","..","..","..","..","..","..","..","..","..","..","..","..","..","..","..","..","..","..","..","..","..","..","..","..","..","..","..","..","..","..","..","..","..","11.14","..","7.93","..","8.78","13.16","..","..","..","..","..","..","50.42","..","..","29.33","28.23","26.85","28.19","..",".."
"CarDB (Carribean Dev. Bank)","","..","..","..","..","..","..","..","..","..","..","..","..","..","..","..","..","..","..","..","..","..","..","..","..","..","..","..","..","..","..","..","..","..","..","..","..","..","..","..","..","..","..","..","..","..","..","..","1.71","..","..","..","..","..",".."
"CABEI","","..","..","..","..","..","..","..","..","..","..","..","..","..","..","..","..","..","..","..","..","..","..","..","..","..","..","..","..","..","..","..","..","..","..","..","..","..","..","..","..","..","5.37","0.28","..","..","10.89","16.98","13.37","13.26","..","..","..","..",".."
"EC","","..","..","..","..","..","..","..","..","..","..","..","..","..","..","..","..","..","..","..","..","..","..","..","..","..","..","19.7","25.84","63.93","44.78","124.25","193.11","202.05","158.07","203.11","204.5","198.37","240.59","212.94","91.55","252.42","301","333.74","380","457.76","590.69","649.66","696.1","777.69","965.97","742.92","826.48","680.99","712.85"
"EDF","","..","..","..","..","..","..","..","..","..","..","..","..","..","..","..","..","..","..","..","..","..","..","..","..","..","..","..","..","..","65.12","105.55","124.48","140.93","122.76","130.73","125.79","70.67","80.18","157.03","275.43","99.77","41.1","81.8","145.16","169.79","193.06","195.72","229.05","258.96","268.96","268.09","329.53","277.77","320.41"
"EIB","","..","..","..","..","..","..","..","..","..","..","..","..","..","..","..","..","..","..","..","..","..","..","..","..","..","..","..","..","..","..","..","..","..","..","..","..","..","..","..","..","..","..","..","..","..","..","6.28","6.89","..","..","..","..","..",".."
"Other EU Institutions","","..","..","..","..","..","..","..","..","..","..","..","..","..","..","..","..","..","..","..","..","..","..","..","..","..","..","..","..","..","..","..","..","..","..","..","..","..","..","..","..","..","..","..","..","..","..","..","..","..","..","1.26","..","..",".."
"IBRD","","..","..","..","..","..","..","..","..","..","..","..","..","..","..","..","..","..","..","..","..","..","..","..","..","..","5.6","43.3","14.33","..","43.53","..","24.47","5.61","5.65","16.1","..","..","..","5.04","..","3.09","9.4","8.5","13.04","10.25","23.28","1.26","104.76","..","..","..","13.52","..","52.89"
"IDA","","..","..","..","..","..","..","..","..","..","..","..","..","..","..","..","..","..","..","..","..","..","..","..","..","..","..","8.6","19.9","..","62.1","..","83.48","14.36","10.56","3.93","121.71","3.14","41.14","50.57","65.63","30.53","98.13","56.59","62.63","179.91","122.71","227.78","205.34","296.71","274.34","260.93","273.92","..",".."
"IDA-MDRI","","..","..","..","..","..","..","..","..","..","..","..","..","..","..","..","..","..","..","..","..","..","..","..","..","..","..","..","..","..","..","..","..","..","..","..","..","..","..","..","..","..","..","..","..","..","..","..","..","44.87","43.32","7.87","..","..",".."
"IDB","","..","..","..","..","..","..","..","..","..","..","..","..","..","..","..","..","..","..","..","..","..","..","..","..","..","..","32.3","14.7","..","..","1.59","27.79","..","13.2","8.07","..","17.73","..","2.07","19.65","7.71","25.9","22.69","21.23","20.95","2.24","14.73","16.06","14.42","10.62","..","16.97","..","12.86"
"IDB Spec. Fund","","..","..","..","..","..","..","..","..","..","..","..","..","..","..","..","..","..","..","..","..","..","..","..","..","..","..","..","..","..","..","30","..","..","3.17","..","3.88","..","4.41","4.32","0.92","6.64","..","..","..","..","8.25","..","..","..","..","..","..","..",".."
"IFAD","","..","..","..","..","..","..","..","..","..","..","..","..","..","..","..","..","..","..","..","..","..","..","..","..","..","..","0.97","..","..","1.43","1.44","..","..","..","..","..","..","..","..","..","..","..","..","2.93","..","..","5.46","35.59","7.36","52.92","..","..","..",".."
"IFC","","..","..","..","..","..","..","..","..","..","..","..","..","..","..","..","..","..","..","..","..","..","..","..","..","..","..","..","..","5.74","1.44","..","8.19","..","..","..","3.22","0.03","..","0.95","..","..","..","..","..","..","4.15","..","..","..","..","..","..","..",".."
"IMF","","..","..","..","..","..","..","..","..","..","..","..","..","..","..","..","..","..","..","..","..","..","..","..","..","..","..","..","..","..","..","..","..","..","..","..","..","..","20.36","21.14","9.02","7.31","28.91","24.23","..","..","4.16","9.88","..","..","..","..","..","..",".."
"IMF Trust Fund","","..","..","..","..","..","..","..","..","..","..","..","..","..","..","..","..","..","..","..","..","..","..","..","..","..","..","..","..","..","..","..","..","..","..","..","..","..","..","..","..","..","..","..","..","..","..","..","..","..","..","..","..","..",".."
"MIGA","","..","..","..","..","..","..","..","..","..","..","..","..","..","..","..","..","..","..","..","..","..","..","..","..","..","..","..","..","2.78","..","..","..","..","..","..","..","..","..","..","..","1.73","..","..","..","..","..","..","..","..","..","..","..","..",".."
"UNDP","","..","..","..","..","..","..","..","..","..","..","..","..","..","..","..","..","..","..","..","..","..","..","..","..","..","..","3.8","5.17","5.69","6.35","8.34","9.41","9.76","7.78","7.32","10.25","10.09","5.74","4.96","7.43","5.54","5.38","5.66","6.79","7.47","5.84","58.18","54.76","60.58","75.34","49.25","25.43","..","2.66"
"UNFPA","","..","..","..","..","..","..","..","..","..","..","..","..","..","..","..","..","..","..","..","..","..","..","..","..","..","..","0.2","0.2","0.2","0.23","0.32","0.36","0.48","0.39","0.37","0.48","1.56","0.42","0.4","0.96","0.51","0.5","0.52","..","0.28","..","7.53","13.69","20.19","19.5","21.19","13.21","..",".."
"UNHCR","","..","..","..","..","..","..","..","..","..","..","..","..","..","..","..","..","..","..","..","..","..","..","..","..","..","..","0.4","0.4","0.74","2.29","1.48","1.15","1.7","1.56","2.13","2.29","2.63","1.98","2.38","2.37","2.12","2.52","2.09","2.83","3.18","4.74","17.87","14.1","15.33","15.14","13.75","6.95","..",".."
"UNICEF","","..","..","..","..","..","..","..","..","..","..","..","..","..","..","..","..","..","..","..","..","..","..","..","..","..","..","0.73","0.97","1.32","1.71","2.6","2.49","2.68","2.14","2.01","3.42","2.13","1.71","1.67","1.76","1.63","1.62","1.72","2.15","2.67","2.24","26.36","16.43","25.96","30.88","31.64","30.59","..",".."
"UNRWA","","..","..","..","..","..","..","..","..","..","..","..","..","..","..","..","..","..","..","..","..","..","..","..","..","..","..","1.3","1.46","1.57","1.71","2.36","2.16","2.63","2.1","2.31","3.21","4.12","3.42","2.68","2.56","..","..","2.83","3.4","3.73","3.74","7.78","..","11.54","11.14","10.6","11.12","2.57","1.33"
"WFP","","..","..","..","..","..","..","..","..","..","..","..","..","..","..","..","..","..","..","..","..","..","..","..","..","..","..","0.2","0.25","1.78","1.75","2.37","0.68","0.83","0.66","2.38","14.32","2.6","2.28","2.47","1.02","2.19","2.19","2.45","2.78","1.5","1.19","15.06","6.84","15.14","20.89","23.6","23.64","..",".."
"Other UN","","..","..","..","..","..","..","..","..","..","..","..","..","..","..","..","..","..","..","..","..","..","..","..","..","..","13","15.7","13.77","0.28","9.1","5.59","17.62","16.86","7.51","35.84","19.36","46.2","20.47","24.76","30.12","37.59","38.6","45.34","43.37","29.15","30.08","147.9","87.12","110.95","149.26","137.4","122.23","61.83","123.63"
"Other World Bank (AMCs)","","..","..","..","..","..","..","..","..","..","..","..","..","..","..","..","..","..","..","..","..","..","..","..","..","..","..","..","..","..","..","..","..","..","..","..","..","..","..","..","..","..","..","..","..","..","..","..","..","..","..","2.84","..","..",".."
"Other Regional Banks","","..","..","..","..","..","..","..","..","..","..","..","..","..","..","..","..","..","..","..","..","..","..","..","..","..","..","..","..","..","..","..","..","..","..","..","..","..","..","..","..","..","..","85.73","34","33.86","9.41","13.81","..","..","..","68.42","66.71","..","130.53"
"Other Multilateral","","..","..","..","..","..","..","..","..","..","..","..","..","..","..","..","..","..","..","..","..","..","..","..","..","..","21.6","13.8","12.1","3.08","3.02","4.07","5.53","4.77","6.08","8.65","12.07","4.22","27.38","18.25","13.8","10.72","9.21","18.17","59.88","39.95","34.99","205.72","222.02","223.31","66.4","213.83","39.51","28.7","72.47"
