"Sector(s):","Total Bilateral Aid To All Sectors","","Flow(s):","OOF","","Donor(s):","DAC EU Members, Total","","Flow Type(s):","Disbursement","","Amount:","Current Prices (USD millions)","",

"","Time Period","1960","1961","1962","1963","1964","1965","1966","1967","1968","1969","1970","1971","1972","1973","1974","1975","1976","1977","1978","1979","1980","1981","1982","1983","1984","1985","1986","1987","1988","1989","1990","1991","1992","1993","1994","1995","1996","1997","1998","1999","2000","2001","2002","2003","2004","2005","2006","2007","2008","2009","2010","2011","2012","2013",
"Recipient(s)",
"All Recipients","","..","..","..","..","..","..","59.88","89.9","109.97","-22.97","223.07","357.69","387.56","739.57","458.76","597.9","775.76","454.42","1043.09","955.71","2145.4","2290.19","2326.13","2286.85","3601.04","3299.27","3107.32","4852.62","2792.42","3214.75","4398.99","3994.13","3470.99","3461.91","5646.44","2534.93","2877.97","785.69","54.85","-68.65","-432.33","-560.66","4324.06","1008.15","-1796.94","5346.45","-9842.2","-5062.43","-371.64","1200.69","-1310.33","290.83","-1194.64","1384.27"
"All Developing Countries","","..","..","..","..","..","..","59.88","89.9","121.33","31.33","166.05","337.23","335.7","707.52","458.65","523.33","734.87","439.8","1028","955.72","2131.24","2280.05","2348.84","2261.88","3469.63","3278.18","3136.45","4881.74","2747.61","3182.82","4353.58","3983.57","3487.1","3449.85","5873.73","2768.64","3062.53","855.22","216.48","258.37","-432.33","-560.66","4324.06","1008.15","-1796.94","5346.45","-9842.2","-5087.76","-364.96","657.35","-1310.33","256.35","-1067.65","1153.28"
"All Multilateral Recipients","","..","..","..","..","..","..","..","..","-11.36","-54.3","57.02","20.46","51.86","32.05","0.11","74.57","40.89","14.62","15.09","-0.01","14.16","10.14","-22.71","24.97","131.41","21.09","-29.13","-29.12","44.81","31.93","45.41","10.56","-16.11","12.06","-227.29","-233.71","-184.56","-69.53","-161.63","-327.02","..","..","..","..","..","..","..","25.33","-6.68","543.34","..","34.48","-126.98","230.99"
"Afghanistan","","..","..","..","..","..","..","..","..","..","..","..","0.15","..","0.02","..","..","..","..","..","..","-0.06","..","..","..","..","..","..","..","..","..","..","..","..","..","..","..","..","..","..","..","..","..","..","..","..","..","3.75","-16.25","8.11","2.02","-9.43","-10.02","-7.54","-8.45"
"Albania","","..","..","..","..","..","..","..","..","..","..","..","..","..","..","..","..","..","..","..","..","..","..","..","..","..","..","..","..","..","..","..","0.15","5.05","2.44","1.08","3.44","0.29","-0.82","-0.56","-1.09","-1.07","0.17","-0.44","-0.11","-0.25","10.34","1.76","13.18","-0.83","5.36","-0.5","4.89","-0.16","5.5"
"Angola","","..","..","..","..","..","..","..","0","..","..","1.41","-0.13","-0.48","0.04","..","..","..","0.07","0.11","..","6.35","..","35.24","5.84","0.96","10.89","7.19","20.73","-3.4","6.63","88.53","-5.45","8.77","31.43","387.11","70.12","22.41","-28.22","-35.81","-19.63","-8.32","-1.1","-5.16","-0.51","-690.23","0.1","-8.1","-14.09","121.09","-11.5","-8.4","..","..","0.05"
"Anguilla","","..","..","..","..","..","..","..","..","..","..","..","..","..","..","..","..","..","..","..","..","..","..","..","..","..","..","..","..","..","..","..","..","..","2.27","..","..","0.5","-1.16","-1.64","..","..","..","4.98","..","..","..","..","..","..","..","..","..","..",".."
"Antigua & Barbuda","","..","..","..","..","..","..","..","..","..","..","..","..","..","..","..","..","..","..","..","..","..","..","..","..","..","0.26","..","2.92","1.77","-0.9","-6.68","-2.37","-0.71","-0.77","..","..","0.25","..","..","..","..","1.62","..","-0.5","-1.19","-0.59","-1.2","-1.47","-1.37","..","..","..","..",".."
"Argentina","","..","..","..","..","..","..","-27.14","7.13","-12.13","-15.82","-12.48","1.17","9.39","39.91","72.65","-15.92","-15.08","-16.2","20.21","-18.81","24.65","72.95","69.27","50.89","57.6","158.04","518.33","369.63","257.72","156.33","310","197.6","320.7","362.49","396.95","12.86","-137.24","-367.72","-249.68","-367.94","-287.53","-150.43","4.03","-73.23","-29.33","-25.24","-64.37","-17.02","132.82","-15.31","-33.33","-32.86","-19.8","-21.21"
"Armenia","","..","..","..","..","..","..","..","..","..","..","..","..","..","..","..","..","..","..","..","..","..","..","..","..","..","..","..","..","..","..","..","..","0","..","..","..","..","0.05","0.19","0.79","2.52","..","..","..","..","..","..","13.23","19.94","27.35","19.63","-0.97","-7","-3.06"
"Aruba","","..","..","..","..","..","..","..","..","..","..","..","..","..","..","..","..","..","..","..","..","..","..","..","..","..","..","..","..","..","0.01","-0.01","..","..","..","0.01","..","..","-0.66","-1.63","..","..","..","..","..","..","..","..","..","..","..","..","..","..",".."
"Azerbaijan","","..","..","..","..","..","..","..","..","..","..","..","..","..","..","..","..","..","..","..","..","..","..","..","..","..","..","..","..","..","..","..","..","0","..","..","..","..","..","..","..","..","..","0.47","..","..","-0.08","-0.09","0.02","16.26","8.7","-2.32","-9.43","20.75","1.94"
"Bahamas","","..","..","..","..","..","..","..","..","0.11","1.11","1.18","3.52","11.6","32.48","0.24","-0.02","-0.01","..","..","..","..","..","..","..","27.85","92.05","87.41","0.01","..","..","..","..","..","..","..","..","..","..","..","..","..","..","..","..","..","..","..","..","..","..","..","..","..",".."
"Bahrain","","..","..","..","..","..","..","..","..","0.48","..","..","..","..","..","0.13","..","..","..","..","..","0.04","-0.04","..","-0.26","-0.12","..","..","0.01","..","-0.01","2.85","4.41","4.76","-1.95","0.91","-1.78","-0.22","7.72","52.11","-0.24","-0.23","-1.75","..","23.91","..","..","..","..","..","..","..","..","..",".."
"Bangladesh","","..","..","..","..","..","..","..","..","..","..","..","..","..","..","..","0.45","2.56","0.29","-1.8","0.18","1.94","0.15","-0.12","-1.08","-0.27","-0.24","1.2","3.72","1.55","6.46","12.59","-0.99","6.7","11.78","14.28","-0.7","-8.59","-25.4","-5.61","0.51","0.13","-15.87","-3.16","4.34","-0.49","-6.45","-1.15","68.26","-23.85","-30.69","-30.99","-37.13","-45.64","-8.74"
"Barbados","","..","..","..","..","..","..","..","..","..","..","..","..","..","1.23","..","..","-0.06","-0.06","-0.44","-0.07","-0.08","6.01","3.44","-0.05","-0.04","-0.58","-0.66","-0.74","-0.8","-0.74","6.57","5.42","4.21","-1.63","-2.39","..","-3.07","-3.6","-7.99","0.7","0.69","-0.13","-1.04","4.9","..","..","..","..","..","..","..","..","..",".."
"Belarus","","..","..","..","..","..","..","..","..","..","..","..","..","..","..","..","..","..","..","..","..","..","..","..","..","..","..","..","..","..","..","..","..","..","..","..","..","..","..","..","..","..","..","..","..","..","0.1","0.02","0.02","0.89","0.44","0.05","0.07","8.48","0.67"
"Belize","","..","..","..","..","..","..","..","..","..","..","..","..","..","..","..","..","..","..","..","..","0.12","1.55","..","5.17","0.82","0.87","-1.19","-1.26","-0.76","1.12","2.08","6.04","5.35","0.97","-1.21","..","0.88","-2.29","-2.45","-4.71","3.5","-11.64","-11.9","..","..","..","..","..","..","..","..","..","..",".."
"Benin","","..","..","..","..","..","..","..","3.54","0.33","-0.05","0.3","-0.3","-0.13","-0.26","0.05","..","-0.06","0.02","0.01","-0.07","0.06","0.15","-0.53","-0.14","1.06","2.68","0.31","0.77","77.82","45.82","25.92","1.38","8.93","19.94","0.07","2.93","-3.79","-2.71","-1.23","-1.57","-10.89","-0.36","-2.06","-2.24","-6.7","-0.33","-0.65","-0.92","7.16","0.75","-3.32","-2.05","-0.96","4.33"
"Bermuda","","..","..","..","..","..","..","..","..","..","..","..","-1.16","-0.76","..","..","..","..","..","..","..","5.29","4.24","0.22","13.53","-1.56","-6.16","-3.43","-3.99","..","..","..","..","..","..","..","..","..","..","..","..","..","..","..","..","..","..","..","..","..","..","..","..","..",".."
"Bhutan","","..","..","..","..","..","..","..","..","..","..","..","..","..","..","..","..","..","..","..","..","..","..","..","..","..","..","..","..","..","..","..","..","..","..","..","..","..","..","..","..","..","..","13.84","9.51","6.37","4.47","..","-0.17","..","-0.15","-2.76","-1.45","-0.24","-2.77"
"Bolivia","","..","..","..","..","..","..","0","..","-0.08","0.02","0.02","1.49","-0.08","0.06","0.07","..","0.04","0.12","0.03","14.22","-0.87","-1.3","-1.3","-1.2","0.13","2.18","5.85","78.92","5.54","32.78","8.36","47.54","25.72","2.05","-4.53","-16.76","10.19","-34.63","16.18","-0.87","-26.54","-57.66","4.9","-13.99","-6.04","-29.71","-2.15","..","21.08","-1.2","-18.22","-0.05","-3.05","1.37"
"Bosnia-Herzegovina","","..","..","..","..","..","..","..","..","..","..","..","..","..","..","..","..","..","..","..","..","..","..","..","..","..","..","..","..","..","..","..","..","..","..","..","0.05","..","..","0.2","77.85","18.47","1.17","8.75","-5.58","-5.24","-0.97","0.05","16.34","19.92","-2.88","-7.51","-4.07","-13.95","-2.79"
"Botswana","","..","..","..","..","..","..","..","..","..","..","..","..","42.82","34.35","0.98","0.01","..","-10.01","-28.11","-9.35","0.42","3.69","-0.85","6.33","40.55","16.36","43.92","21.81","-16.1","-49.46","6.29","6.98","7.81","19.37","12.2","20.22","17.82","17.49","15.94","22.31","23.39","..","..","..","..","..","..","..","-7.64","..","..","..","..",".."
"Brazil","","..","..","..","..","..","..","-13.13","-14.66","-19.67","-15.44","-5","-6.02","29.65","75.48","9.28","62.75","87.12","75.55","38.48","31.16","89.61","131.88","156.73","125.66","442.29","930.36","399.75","1415","186.3","851.35","454.86","829.12","901.73","851.18","-6.9","22.17","-636.24","-395.61","-513.59","-479.49","-289.84","-295.36","-256.52","-466.24","-548.19","-82.81","-553.43","-22.86","-23.17","-8.82","-164.22","10.97","7.99","-16.48"
"Brunei","","..","..","..","..","..","..","..","..","..","..","..","..","..","..","..","..","..","..","..","..","..","..","..","..","..","..","..","..","..","..","-8.39","..","..","..","..","..","..","..","..","..","..","..","..","..","..","..","..","..","..","..","..","..","..",".."
"Burkina Faso","","..","..","..","..","..","..","..","..","0.01","-0.01","..","..","..","..","..","..","0.36","-0.08","-0.09","-0.1","11.61","..","7.6","9.12","0.48","-0.18","0.15","0.42","-1.67","-0.93","1.29","1.77","0.42","-3.64","-0.23","0.14","-6.88","1.88","2.47","-1.72","-3.51","-1.43","-7.24","-5.81","-0.24","-0.25","-0.25","-0.28","-0.29","-0.28","..","..","-0.07","2.7"
"Burundi","","..","..","..","..","..","..","..","..","..","..","..","..","..","..","..","0.09","..","..","..","-0.1","-0.1","..","..","-0.05","0.39","0.49","0.15","0.37","..","0.14","0.95","0.04","0.03","0.02","0.04","0.23","-0.37","..","..","..","..","..","..","..","..","..","..","..","..","..","..","..","-0.09","0.19"
"Cambodia","","..","..","..","..","..","..","..","..","..","..","1.3","1.3","..","..","0.3","0.07","0.15","0.06","0.02","..","..","..","..","..","..","..","..","..","..","..","..","..","..","..","..","0.03","-2.46","-1.57","-0.03","-0.01","-0.52","..","..","-0.02","-0.25","-0.06","-2.67","-3.14","2.99","-19.72","-2.73","8.86","5.79","56.84"
"Cameroon","","..","..","..","..","..","..","..","0.25","2.86","-0.04","2.72","2.33","5.23","2.49","-0.59","14.24","7.95","18","30.62","55.14","48.75","29.56","16.72","3.13","15.4","25.05","23.12","46.2","13.79","43.88","47.55","77.87","156.49","155.48","138.78","236.29","181.91","-5.67","258.25","82.51","12.8","-88.27","305.53","-441.74","-192.87","-15.05","-702.77","-1163.02","-5.45","10.38","10.97","-40.56","-4.21","-53.46"
"Cape Verde","","..","..","..","..","..","..","..","..","..","..","..","..","..","..","..","..","..","..","..","..","..","..","..","..","0.02","0.04","1.13","1.56","..","0.09","-0.23","-0.47","-1.36","-0.69","-0.33","0.4","0.59","0.46","..","-0.08","-0.14","-0.1","-0.14","-0.32","-0.09","..","..","..","..","..","2.68","16.81","0.27","2.43"
"Cayman Islands","","..","..","..","..","..","..","..","..","..","..","..","..","..","..","..","..","..","..","..","..","..","..","-0.03","-0.03","0.01","0.59","0.42","-0.03","2.5","1.4","2.42","6.23","-0.38","-1.54","-4.87","..","3.75","..","..","..","..","..","..","..","..","..","..","..","..","..","..","..","..",".."
"Central African Rep.","","..","..","..","..","..","..","..","..","..","..","..","..","..","..","..","..","-0.9","-0.25","-0.05","..","..","..","3.04","2.54","0.74","4.56","0.62","1.2","0.4","-0.48","0.88","1.88","-2.69","-0.11","-1.77","-0.81","-5.61","0.75","-0.42","0.1","-1.33","-0.56","-0.37","-0.1","..","..","-0.22","-0.33","-0.54","-0.83","-12.78","-0.92","..",".."
"Chad","","..","..","..","..","..","..","..","..","0.02","0.88","-0.09","0.1","0.74","-0.15","..","..","1.3","-0.08","-0.11","-0.12","0.73","0.13","..","-0.09","0.3","-0.06","..","-0.23","-0.24","-0.46","-0.11","-0.61","-0.71","-0.03","-0.02","2.19","-2.9","1.76","-0.47","-0.69","-0.93","-0.27","-1.42","-7.71","-0.39","-0.19","-0.01","9.97","3.71","-3.62","-3.45","-3.63","-2.25","-0.41"
"Chile","","..","..","..","..","..","..","8.93","8.98","-4.42","-4.98","-7.59","-5.69","-4.41","7.55","78.13","16.6","-11.61","-1.27","-22.03","-30.23","-20.99","-14.23","-9.26","-8.95","-0.92","-0.08","5.83","9.34","25.91","63.66","36.86","10.77","-6.88","-33.98","-38.55","-51.53","-24.77","-23.09","-21.37","-23.99","-3.44","-0.98","-4.76","2.55","-6.75","-0.16","..","-9.16","135.11","-25.38","106.4","-51.59","7.74","-51.12"
"China","","..","..","..","..","..","..","..","..","..","..","..","..","..","..","..","..","..","..","..","..","48.38","3.27","17.36","26.19","53.8","20.14","29.1","-34.43","12.14","-2.99","96.62","159.28","85.37","58.41","148.71","337.97","267.79","84.73","198.64","292.41","146.15","100.95","-1.02","82.63","-72.19","-87.54","-80.63","-48.65","114.76","152.87","47.87","-36.03","-16.11","37.18"
"Colombia","","..","..","..","..","..","..","-0.45","-0.38","1.06","6.59","0.86","2.45","-0.33","1.16","-2.6","-2.35","-1.45","1.95","15.38","7.97","89.95","-8.77","15.08","9.44","-5.12","39.41","34.75","14.79","25.85","12.61","-4","-24.57","-25.08","7.68","22.35","29.5","49.11","-4.99","-3.15","-7.1","-2.78","-6.3","-5.35","-17.6","-18.51","-9.41","-18.83","-20.42","-19.06","-17.56","-16.72","-20.14","-22.02","179.89"
"Comoros","","..","..","..","..","..","..","..","..","..","..","..","..","..","..","0.2","..","0.16","-0.01","-0.04","-0.25","-0.05","..","..","..","..","..","..","..","..","..","0.07","-0.74","-0.12","-0.4","-0.13","-0.13","-0.27","-0.01","0.96","1.27","-0.03","..","-0.55","..","-0.19","..","..","..","..","-1.04","2.31","-0.84","-0.24","-5.25"
"Democratic Republic of the Congo","","..","..","..","..","..","..","0.28","..","..","-0.14","1.43","2.65","2.86","78.68","16.77","45.79","41.53","64.17","144.76","-13.37","300","248.68","37.63","19.09","453.37","55.54","108.01","141.24","107.08","109.77","163.27","20.56","6.45","-0.74","13.13","-6.07","-5.38","55.37","-12.79","..","..","..","..","1212.68","-4.53","32.21","10.56","-20.34","..","-0.98","-122.65","-1450.27","-474.49","-11.21"
"Congo","","..","..","..","..","..","..","0.51","5.64","0.25","1.69","7.4","17.66","16.92","5.74","-20.13","23.83","29.71","23.1","7.1","26.11","-15.16","-10.6","20.32","0.76","5.73","10.49","166.35","143.71","43.78","18.88","13.21","190.11","-3.86","6.55","39.77","286.45","5.49","31","-8.08","-2.65","-12.38","-9.97","-8.64","-7.65","-4.19","466.11","-96.35","-85.59","-199.32","-90.84","-933.89","-47.08","-2.52","-2.63"
"Cook Islands","","..","..","..","..","..","..","..","..","..","..","..","..","..","..","..","..","..","..","..","..","..","..","..","..","..","..","..","..","..","0.23","-0.76","7.19","24.34","-24.87","-37.37","..","-0.89","-0.42","-0.22","..","..","..","..","..","-0.34","-0.34","-8.18","-0.37","-0.2","-0.57","-0.36","-0.38","-0.18","-0.36"
"Costa Rica","","..","..","..","..","..","..","0.05","-0.06","0.4","0.1","0.3","0.4","0.19","0.29","0.3","1.91","..","..","..","..","-0.47","-0.41","-0.67","2.57","0.87","15.08","18.74","3.54","-2.29","0.43","8.47","11.19","1.29","13.24","15.96","-22.09","3.58","-2.03","-0.02","0.59","-25.53","-6.28","-0.4","-6.96","-3.67","-5.49","-4.84","-10.46","13.01","7.5","-11.69","23.48","26.68","-12.62"
"Cote d'Ivoire","","..","..","..","..","..","..","2.44","2.76","0.67","0.77","-0.49","9.85","9.49","34.15","-3.33","10.74","23.26","33.1","24.23","27.25","39.16","16.15","40.76","45.57","141.1","84.75","102.92","77.18","66.79","37.72","97.41","95.07","146.93","9.47","149.29","19.69","37.96","43.51","23.14","119.83","17.83","11.06","404.43","-56.25","-36.29","-10.04","-9.5","-11.82","-5.13","-207.29","-55.47","-18.75","-1290.92","-64.43"
"Croatia","","..","..","..","..","..","..","..","..","..","..","..","..","..","..","..","..","..","..","..","..","..","..","..","..","..","..","..","..","..","..","..","..","..","..","0.12","-1.19","-15.87","44.83","-8.46","-8.62","-8.36","6.71","-7.75","37.25","-9.28","1.28","-6.31","-19.91","-13.73","34.55","23.1","..","..",".."
"Cuba","","..","..","..","..","..","..","..","..","0.62","0.33","0.95","15.04","0.88","-2","0.28","0.43","20.75","-0.13","1.71","10.06","0.17","9.95","4.02","29.16","50.15","15.42","14.22","21.83","1.38","-1.8","11.07","57.62","17.82","-12.02","-20.89","-7.06","..","-5.25","-0.48","19.82","4.44","-34.42","0.57","3.87","3.43","..","-1.93","12.04","-8.58","-1.14","..","1.51","-3.15","-2.92"
"Cyprus","","..","..","..","..","..","..","..","0.03","..","..","-0.01","..","0.21","0.08","..","..","..","..","..","-0.01","..","..","..","0.76","9.09","2.19","-1.81","-2.18","-2.24","16.21","3.05","-2.36","-2.52","2.53","-0.92","0.18","..","..","..","..","..","..","..","..","..","..","..","..","..","..","..","..","..",".."
"Djibouti","","..","..","..","..","..","..","..","..","..","..","..","..","..","..","..","..","1.9","-0.6","-0.1","-0.1","-0.25","..","..","-0.21","-0.13","-0.04","..","..","..","..","-0.05","..","0.02","0.06","0.14","0.17","-2.21","-0.07","-0.04","-0.03","-0.01","..","..","0.93","..","..","6.2","..","..","35.27","12.82","1.27","-3.57","-6.02"
"Dominica","","..","..","..","..","..","..","..","..","..","..","..","..","..","..","..","..","0.31","..","..","..","..","..","..","..","-0.04","0.01","-0.06","-0.07","-0.07","..","-0.15","-0.07","-0.07","-0.02","-0.02","4.53","-0.1","-0.13","1.09","-0.15","-0.14","-0.02","16.84","-0.22","-0.09","..","..","..","..","..","..","..","..",".."
"Dominican Republic","","..","..","..","..","..","..","-0.01","..","..","..","0.02","0.17","0.04","-0.06","..","..","..","0.01","-0.02","..","-0.14","-0.04","0.25","0.5","1.35","1.58","-1.22","3.77","2.84","2.01","1.38","1.93","19.88","5.57","-4.65","-7.1","4.29","0.08","3.8","13.73","-8.6","2.21","-2.69","-18.94","-11.3","-12.27","9.46","-17.36","-14.15","9.73","-2.59","30.03","-45.58","26.26"
"East African Community","","..","..","..","..","..","..","..","..","..","..","..","..","..","..","..","-0.01","..","..","..","..","..","..","..","..","..","..","..","..","..","..","..","..","..","..","..","..","..","..","..","..","..","..","..","..","..","..","..","..","..","..","..","..","..",".."
"Ecuador","","..","..","..","..","..","..","..","..","1.61","4.28","-0.13","-0.16","0.77","-0.94","0.08","..","..","..","..","..","3.57","3.33","12.72","11.73","50.84","14.07","143.25","11.42","17.73","145.06","94.45","-7.09","70.1","0.04","-21.84","43.77","-5.48","-4.91","-3.06","4.27","-2.29","-8.59","109.26","-8.09","21.37","-19.09","-7.97","-0.66","14.33","-9.07","-12.05","-4.51","-0.76","-5.81"
"Egypt","","..","..","..","..","..","..","1.19","-1.59","-2.74","-3.49","-0.42","-1.35","-0.86","72.68","46.44","-10.81","-0.04","4.61","7.83","-18.12","12.82","23.73","28.99","66.81","18.4","22.69","2.23","63.05","565.73","109.22","168.75","102.15","-908.94","-0.45","-201.23","5.08","17.6","-34.3","6.44","-10.59","-4.49","-0.01","-14.56","9.59","-23.52","-15.33","-27.66","-40.25","-47.29","-43.91","-33.71","-54.26","-56.81","-38.12"
"El Salvador","","..","..","..","..","..","..","0","0","..","..","..","..","..","..","..","..","0.75","..","..","-0.04","-0.15","0.2","-0.25","0.09","..","-0.07","..","..","..","0.01","0.07","0.08","0.07","0.06","0.05","0.05","0.04","0.83","0.12","-1.02","1.2","-2.04","-0.45","14.99","-0.53","-0.49","-1.49","10.56","-7.88","29.14","-6.76","-16.04","1.6","3.32"
"Equatorial Guinea","","..","..","..","..","..","..","..","..","..","..","..","..","..","..","..","..","..","..","..","..","..","..","..","..","..","..","4.8","..","..","4.05","..","..","..","..","0.06","1.76","4.02","0.77","-0.1","-0.81","-0.67","-0.65","-0.68","-0.68","-0.87","15.89","-0.79","..","..","..","-21.04","..","..","0.02"
"Eritrea","","..","..","..","..","..","..","..","..","..","..","..","..","..","..","..","..","..","..","..","..","..","..","..","..","..","..","..","..","..","..","..","..","..","..","..","..","..","..","..","..","..","..","..","..","..","..","..","..","..","..","..","..","..",".."
"Ethiopia","","..","..","..","..","..","..","1.13","-0.34","1.05","0.72","0.1","1.99","1.93","-0.59","-7.35","-0.27","-0.22","-0.48","-0.96","-0.17","-1.65","0.97","1.77","2.79","10.06","13.13","12.33","0.12","..","0.03","0.02","0.1","2.12","18.74","-11.99","6.27","0.88","2.41","18.41","3.83","0.2","0.02","-13.33","17.58","-79.68","-67.48","-8.22","-0.02","3.54","1.24","1.23","8.77","-0.31","-1.93"
"Falkland Islands","","..","..","..","..","..","..","..","..","0.1","..","..","..","..","..","..","..","..","..","..","..","..","..","..","..","..","..","-0.26","..","..","..","..","..","..","..","..","..","..","..","..","..","..","..","..","..","..","..","..","..","..","..","..","..","..",".."
"Fiji","","..","..","..","..","..","..","..","..","..","..","..","..","..","0.32","2.42","-0.02","-0.02","0.37","-0.33","6.3","0.59","4.41","9.87","0.92","2.65","1.1","5.38","-3.39","-2.79","1.68","1.18","-5.57","-2.96","-2.31","-8.14","..","..","..","-1.32","-1.28","..","..","..","..","..","..","..","..","..","..","..","..","..",".."
"Former Yugoslav Republic of Macedonia (FYROM)","","..","..","..","..","..","..","..","..","..","..","..","..","..","..","..","..","..","..","..","..","..","..","..","..","..","..","..","..","..","..","..","..","..","..","..","..","0.37","57.36","-2.88","-5.43","-5.62","-7.38","-6.79","-5.64","-7.52","-4.59","-2.43","31.78","..","-2.31","-2.2","-2.31","-2.07","-2.2"
"French Polynesia","","..","..","..","..","..","..","..","..","..","..","..","..","..","2.3","5.9","7.83","8.7","8.7","7.9","11.6","-3.9","10.97","4","13.55","3.42","42.06","15.79","42.28","72.58","65.87","44.67","56.78","66.09","48.4","43.41","-16.08","33.37","-33.63","-43.59","-0.99","..","..","..","..","..","..","..","..","..","..","..","..","..",".."
"Gabon","","..","..","..","..","..","..","..","..","..","-3.8","-6.4","-5.4","1.29","-1.74","4.1","-30.47","-49.9","3.17","-18.58","-43.08","-65.64","17.29","13.71","-0.38","3.63","4.29","15.12","256.27","278.11","126.68","109.97","20.94","72.33","34.6","297.2","99.57","71.6","174.83","-9.99","-8.51","-7.09","-2.14","8.91","0.22","-17.15","29.95","-63.94","-55.81","-175.37","-68.8","-22.66","-44.47","-33.48","-9.64"
"Gambia","","..","..","..","..","..","..","..","..","..","..","..","..","..","..","..","0.07","..","1.05","..","1.01","1.96","-0.02","-0.12","0.07","0.79","0.16","5.25","1.47","1.32","-0.01","8.51","-1.59","0.11","0.86","-0.38","-0.43","-0.28","3.25","-1.04","..","..","..","..","8.59","..","..","..","0.92","..","..","-0.01","..","-0.01","-0.07"
"Georgia","","..","..","..","..","..","..","..","..","..","..","..","..","..","..","..","..","..","..","..","..","..","..","..","..","..","..","..","..","..","..","..","..","0","..","..","..","..","11.86","5.06","2.3","2.48","2.29","2.12","0.03","-2.54","-0.05","-0.03","-84.33","-10.25","4.45","-10.3","122.18","1.87","13.36"
"Ghana","","..","..","..","..","..","..","-1.42","11.16","14.86","7.43","0.93","2.48","-0.89","0.04","-0.64","-57.98","..","0.07","-0.49","-0.89","0.42","-0.04","0.31","0.09","-0.14","-0.14","3.91","3.33","6.18","4.53","27.84","11.52","25.16","0.8","-0.88","9.65","21.83","165.96","8.68","-38.51","6.67","-2.07","16.09","33.09","-3.8","-12.5","55.84","41.02","32.43","9.52","-11.64","30.74","-25.32","95.8"
"Gibraltar","","..","..","..","..","..","..","..","..","..","..","..","..","..","..","..","..","..","..","..","..","..","..","..","..","..","..","..","..","..","..","-1.32","-1.3","-1.67","-1.52","-3.86","..","..","..","..","..","..","..","..","..","..","..","..","..","..","..","..","..","..",".."
"Grenada","","..","..","..","..","..","..","..","..","..","..","..","..","..","..","..","..","..","..","..","..","..","..","-0.35","..","..","..","-0.04","-0.05","-0.05","-0.05","-0.05","-0.05","-0.05","-0.04","..","0.09","-0.37","-0.16","..","..","-0.17","..","..","0.42","..","..","6.93","..","..","..","-4.58","-2.97","..",".."
"Guatemala","","..","..","..","..","..","..","0.02","-0.01","0.94","..","..","..","-0.24","0.03","..","..","-0.02","..","5.6","3.8","44.4","1","3.2","15.16","7.03","2.23","6.22","-20.72","-7.98","-3.25","6.22","2.15","-0.31","..","15.75","11.61","-2.86","11.22","8.82","9.42","-11.16","-21.35","-12.97","-11.35","-10.13","-2.72","-4.01","-4.36","-1.81","-2.43","23.49","-4.88","-3.76","-3.11"
"Guinea","","..","..","..","..","..","..","0.23","0.22","-0.34","-0.42","2.35","-0.26","0.16","22.54","-0.82","2.23","-1.69","2.43","-2.82","-2.21","-4.58","-1.31","1.35","0.31","-2.68","1.35","9.19","2.54","13.93","-1.23","3.58","9.35","-58.32","1.65","-10.95","-2.27","2.21","-14.15","5.41","0.85","0.9","-12.45","-1.04","-4.28","-1.43","-0.32","-0.68","-0.35","-29.27","-12.19","..","..","-19.25","-76.55"
"Guinea-Bissau","","..","..","..","..","..","..","..","..","..","..","..","..","..","..","..","..","..","..","..","-0.51","..","..","..","0.13","0.01","0.2","..","..","..","10.87","-0.01","-0.82","0.5","0.93","-32.07","..","29.01","0.72","0.31","..","0.12","..","3.24","-49.96","..","..","-4.27","..","..","..","..","-7.31","..","4.6"
"Guyana","","..","..","..","..","..","..","..","..","0.9","..","0.1","-0.02","..","1.23","-0.01","-0.01","-0.01","2.03","2.3","4.57","-0.92","-0.74","-0.56","-0.61","-0.58","-0.57","..","0.11","1.18","..","11.26","-4.88","-6.34","-0.94","0.97","11.46","-1.17","-0.7","-2.24","-2.31","-0.7","-1.38","-0.72","..","-4.75","..","..","..","..","..","..","..","..",".."
"Haiti","","..","..","..","..","..","..","..","..","..","..","..","..","0.43","0.96","..","..","..","..","..","..","..","..","0.08","-0.04","-0.03","..","-0.01","..","..","..","0.01","..","..","..","..","..","..","4.02","-63.53","-1.18","-1.14","-1.13","-0.98","-1.02","..","..","..","-6.1","-0.16","-10.34","-40.5","..","..","1.97"
"Honduras","","..","..","..","..","..","..","..","0.02","..","0.02","..","..","..","0.76","..","..","..","..","..","..","..","9.54","4.27","8.68","5.34","3.45","-0.5","4.76","-0.71","2.63","-1.67","19.46","5.63","12.76","-1.61","5.01","26.76","-10.91","-2.93","-7.67","-15.53","-9.04","-9.73","-0.9","35.03","-21.07","-40.69","1.62","-2.82","-3.31","-5.94","-19.6","13.15","38.98"
"Hong Kong, China","","..","..","..","..","..","..","..","..","..","..","..","0.02","-0.02","..","..","1.28","..","..","..","..","..","..","2.32","2.82","-0.99","-1.39","-1.74","0.71","0.64","0.79","1.21","0.25","0.48","1.33","0.98","0.3","0.15","..","..","..","..","..","..","..","..","..","..","..","..","..","..","..","..",".."
"India","","..","..","..","..","..","..","6.44","0.25","-1.01","-0.43","1.26","-7.27","2.1","-4.26","-10.87","-7.84","-4.99","-7.73","-21.79","-19.01","-10.44","-12.17","16.15","-3.03","15.5","90.71","186.57","-115.33","-12.54","30.46","50.5","19.37","-11.41","112.61","79.16","189.81","81.93","41.56","51.17","-65","-38.7","-44.25","-4.79","97.53","27.26","-15.55","-19.08","105.27","-9.11","38.56","1.87","140.05","3.2","-27.13"
"Indonesia","","..","..","..","..","..","..","2.18","24.56","12.34","4.66","30.78","18.99","10.53","2.99","10.65","-7.92","-8.68","2.98","62.01","-8.06","5.57","39.93","78.71","70.7","147.37","57.61","23.59","46.56","-24.17","10.01","18.66","125.14","352.43","365.24","282.67","179.98","332.9","140.78","191.96","293.63","168.22","35.25","-37.12","62.55","-90.03","-100.7","35.39","-198.75","-244.23","-210.77","-103.19","-153.35","20.92","-122.29"
"Iran","","..","..","..","..","..","..","..","..","20.37","18.29","14.48","56.12","73.38","1.44","-0.35","30.27","45.35","73.61","48.27","-56.87","167.66","-8.73","-99.24","-35.76","-1.84","-1.03","4.41","2.36","-2.04","-1.43","-3.43","-4.06","-0.17","118.94","3508.9","73.27","-712.53","-650.02","-357.35","-139.15","-449.5","-81.18","..","35.96","..","..","7.93","..","..","..","..","..","..",".."
"Jamaica","","..","..","..","..","..","..","..","..","..","..","..","..","..","1.97","3.62","0.16","-0.88","-0.06","-0.06","-0.07","1.52","2.61","5","6.14","29.02","2.08","-2.61","6.55","27.2","31.18","18.22","42.41","-9.66","-8.34","-7.3","-3.4","0.17","-7.38","-9.98","-6.39","-7.6","-7.26","-3.7","11.66","-2.14","-2.13","-3.9","..","..","..","..","58.14","8.53","-4.49"
"Jordan","","..","..","..","..","..","..","..","-0.04","-0.02","..","..","..","..","0.74","0.05","..","..","..","..","..","..","0.37","4.12","8.11","-1.3","-0.75","-0.56","0.1","2.28","17.27","32.33","2.35","7.18","1.69","0.77","4.89","-10.4","0.21","16.43","1.68","6.45","1.66","10.74","2.39","-0.05","0.12","-0.25","-0.09","-11.86","37.13","41.34","29.06","25.03","5.76"
"Kazakstan","","..","..","..","..","..","..","..","..","..","..","..","..","..","..","..","..","..","..","..","..","..","..","..","..","..","..","..","..","..","..","..","..","0","..","..","4.91","..","..","4.89","6.21","-1.55","5.93","6.2","28.28","9.74","..","13.95","58.44","79.64","-80.67","-19.48","-32.93","-30.7","-0.36"
"Kenya","","..","..","..","..","..","..","..","..","..","..","7.45","0.43","0.06","1.51","5.83","1.18","0.05","2.83","20.82","12.2","25.05","8.46","11.57","-3.18","-1.44","-0.41","23.87","-8.1","-10.63","5.72","-4.41","9.85","4.39","-7.54","3.06","-5.18","-7.48","-16.34","0.23","-2.24","12.74","21.97","-4.29","-6.45","-1.9","-2.06","12.7","-1.42","56.86","97.11","-21.93","2.59","32.95","82.9"
"Kiribati","","..","..","..","..","..","..","..","..","0.02","..","..","..","..","..","..","..","..","..","..","..","..","..","..","..","..","..","..","..","..","..","..","..","..","..","..","..","..","..","..","..","..","..","..","..","..","..","..","..","..","..","..","..","..",".."
"Korea","","..","..","..","..","..","..","4.69","4.34","3.91","1.22","9.39","2.95","9.4","0.45","-1.41","-0.62","24.63","25.56","28.7","52.44","38.21","-13.83","4.08","13.78","75","72.69","137.36","76.6","-66.58","-29.19","-22.59","-28.91","-30.45","-105.48","-50.59","-7.48","-12.81","-3.91","-0.7","..","..","..","..","..","..","..","..","..","..","..","..","..","..",".."
"Korea, Dem. Rep.","","..","..","..","..","..","..","..","..","..","..","..","..","..","..","..","..","..","..","..","..","..","..","..","..","..","-0.13","-0.18","1.4","..","..","-0.87","1.53","-0.12","0.13","-0.13","..","..","..","..","..","..","28.86","..","..","-12.86","..","..","-1.61","..","..","..","-0.85","..",".."
"Kosovo","","..","..","..","..","..","..","..","..","..","..","..","..","..","..","..","..","..","..","..","..","..","..","..","..","..","..","..","..","..","..","..","..","..","..","..","..","..","..","..","..","..","..","..","..","..","..","..","..","..","9.73","-0.84","-1.77","-6.61","0.02"
"Kyrgyz Republic","","..","..","..","..","..","..","..","..","..","..","..","..","..","..","..","..","..","..","..","..","..","..","..","..","..","..","..","..","..","..","..","..","0","..","..","..","..","..","..","..","..","0.03","5.37","2.02","..","-0.46","-0.44","-0.68","-1.15","-0.2","-0.39","-0.2","-0.42","-0.27"
"Laos","","..","..","..","..","..","..","..","..","..","..","..","..","..","..","..","..","..","..","..","..","..","..","..","..","..","..","..","..","..","..","..","..","..","..","..","0.1","0.1","-0.05","0.47","9.02","-0.36","-0.72","-0.82","-1","-1.07","8.91","7.91","24.11","1.68","10.09","27.25","-3.34","32.95","-2.08"
"Lebanon","","..","..","..","..","..","..","0.02","-0.07","0.67","-0.06","-0.04","0.04","-0.38","-0.07","0.03","..","-0.03","0.23","-0.16","..","-0.02","-0.06","-0.06","..","-0.17","-0.49","1.01","23.78","-0.15","0.11","-13.61","..","..","2.25","..","2.16","40.91","36.16","9.28","-4.45","2.9","-10.78","-7.57","544.8","-6.89","-4.86","-47.43","-75.96","-97.18","-88.8","-58.24","-72.58","-35.67","-48.76"
"Lesotho","","..","..","..","..","..","..","..","..","..","..","..","..","..","..","..","..","..","..","1.11","0.75","0.54","2.29","0.84","0.14","0.94","2.59","2.97","-0.84","-0.9","-0.91","-0.7","5.11","43.4","11.52","11.71","13.37","17.32","8.23","-4.87","-9.01","-8.17","-5.6","-4.98","-29.18","..","-0.51","..","..","..","..","..","..","..",".."
"Liberia","","..","..","..","..","..","..","18.16","-1.82","-2.41","7.34","-3.72","-0.8","-21.83","-3.75","-15.08","1.2","35.8","0.09","-16.71","-20.85","-8.55","-0.18","5.25","19.26","0.23","-5.65","-10.59","-10.54","36.32","-13.67","-10.17","13.37","0.43","4.66","3.88","-3.08","..","2.62","..","..","..","..","..","..","..","..","..","..","-113.88","0.25","-30.79","-44.35","-12.24","-2.5"
"Macao","","..","..","..","..","..","..","..","..","..","..","..","..","..","..","..","..","..","..","..","..","..","..","..","..","..","..","2.67","..","..","..","..","..","..","..","..","..","..","..","..","..","..","..","..","..","..","..","..","..","..","..","..","..","..",".."
"Madagascar","","..","..","..","..","..","..","..","..","..","..","0.01","0.11","1.34","1","0.9","-0.72","-0.29","1.25","-0.4","-0.4","1.8","30.37","72.26","67.07","97.84","61.68","17.96","44.05","1.54","23.45","11.46","12.15","-3.2","-0.85","0","5.03","-0.16","189.81","-91.39","5.16","1.59","-5.75","2.75","10.01","-36.38","-91.15","-6.17","-0.59","-0.14","-8.9","-1.74","-8.28","3.46","0.5"
"Malawi","","..","..","..","..","..","..","..","..","..","..","..","..","0.03","0.88","..","0.29","1.32","0.74","10.93","16.29","13.28","3.32","2.92","3.6","0.62","0.1","-4.9","1.06","15.06","-13.01","-5.75","3.34","5.35","4.48","-0.51","-1","-3.65","3.3","4.32","2.78","-0.09","1.68","2.81","-0.45","-0.1","0.04","-25.37","-0.18","3.18","-0.39","-1.19","-1.22","-1.24","-1.21"
"Malaysia","","..","..","..","..","..","..","0.03","-0.01","..","-0.01","..","0.09","-0.02","0.14","0.24","-2.96","0.04","19.6","18.79","4.97","0.41","15.67","-6.07","5.32","11.83","74.54","37.79","-0.08","-0.4","0.17","-40","15.28","-18.76","-45.98","-22.33","-5.51","-1.93","-6.54","-2.85","-0.23","3.07","4.28","-0.67","101.45","-0.47","..","-0.15","0.29","-0.28","-0.37","-0.52","-4.73","-1.76","-35.43"
"Maldives","","..","..","..","..","..","..","..","..","..","..","..","..","..","0.2","0.3","0.21","1.2","0.3","0.02","..","0.05","..","..","..","..","..","..","..","..","32.14","4.08","-0.61","-0.65","-0.21","-0.63","-0.76","0.71","1.56","9","-0.83","-0.63","-0.86","-0.64","7.71","0.77","..","4.99","-2.83","-3.7","-2.54","-1.24","-1.23","-1.21","-2.52"
"Mali","","..","..","..","..","..","..","-0.03","-0.03","-0.03","-0.04","-0.03","-0.03","-0.03","-0.03","3.85","..","-0.02","-1.1","1.91","3.8","0.45","0.74","0.35","-0.47","-0.84","-0.1","-0.46","-0.61","2.78","-0.52","1.91","4","1.79","3.19","2.25","21.26","16.4","4.15","-7.42","2.75","-6.91","-6.04","-3.75","-5.31","-8.42","-4.9","-5.06","-119.83","-0.27","..","1.32","3.26","-1.86","-5.26"
"Malta","","..","..","..","..","..","..","-0.08","-0.06","-0.05","-0.03","..","..","0.09","..","0.41","-0.03","..","1.11","0.95","..","-0.55","0","..","16.06","-0.05","-0.14","-0.62","-0.74","-0.23","0.1","13.7","15.05","-3.01","-2.75","4.19","-5.05","..","-1.33","-1.46","-1.4","-0.6","-0.89","-1.85","..","..","..","..","..","..","..","..","..","..",".."
"Marshall Islands","","..","..","..","..","..","..","..","..","..","..","..","..","..","..","..","..","..","..","..","..","..","..","..","..","..","..","..","..","..","..","..","..","..","..","..","..","..","..","..","..","..","..","..","..","..","..","..","..","..","..","..","..","..",".."
"Mauritania","","..","..","..","..","..","..","..","..","..","..","..","..","..","..","..","..","-0.3","-0.1","-0.13","-0.15","-0.2","8.54","1.9","1.74","0.1","5.37","2.71","9.94","1.08","1.61","1.75","2.45","-0.84","-6.64","-3.12","-4.29","1.23","1.24","-1.34","1.76","6.81","-0.69","-9.05","-46.42","..","..","3.68","6.87","18.91","-2.89","10.41","9.23","35.73","41.64"
"Mauritius","","..","..","..","..","..","..","..","..","..","..","..","..","..","..","..","0.81","..","..","-0.24","0.24","0.16","-0.16","-0.13","-1.19","3.61","-1.4","3.19","5.37","10.64","20.81","21.19","6.15","-7.12","-1.35","-20.55","-1.18","-2.25","-3.54","-12.23","-5.16","-1.09","0.04","-1.44","-2.33","-2.39","-2.39","4.5","..","-2.31","8.8","70.52","-0.73","-33.48","-11.7"
"Mayotte","","..","..","..","..","..","..","..","..","..","..","..","..","..","..","..","..","..","..","..","..","..","..","..","..","..","..","..","..","..","..","..","..","..","..","..","..","..","..","..","..","..","7.26","-2.75","-5.84","-10.86","-11.14","0.78","-12.12","-9.96","-9.21","2.01","..","..",".."
"Mexico","","..","..","..","..","..","..","0.92","-6.64","6.66","-0.55","24.85","-0.44","5.74","-2.9","-8.89","25.08","3.17","9.4","0.45","59.11","-53.73","17.63","13.82","9.23","25.92","47.37","46.21","223.88","94.42","85.02","138.09","301.59","161.29","-55.34","-90.69","-241.26","-193.01","-140.06","40.29","3.69","-49.87","-56.63","-1.5","9","-15","-15.66","-22.1","-20.45","44.69","-57.54","1.28","-44.11","-11.71","40.69"
"Micronesia","","..","..","..","..","..","..","..","..","..","..","..","..","..","..","..","..","..","..","..","..","..","..","..","..","..","..","..","..","..","..","..","..","..","..","..","..","..","..","..","..","..","..","..","..","..","..","..","..","..","..","..","..","..",".."
"Moldova","","..","..","..","..","..","..","..","..","..","..","..","..","..","..","..","..","..","..","..","..","..","..","..","..","..","..","..","..","..","..","..","..","..","..","..","..","..","0.17","4.63","..","..","0.02","..","..","..","..","21.36","-1.44","-1.17","..","..","..","8.84","4.93"
"Mongolia","","..","..","..","..","..","..","..","..","..","..","..","..","..","..","..","..","..","..","..","..","..","..","..","..","..","..","..","..","..","..","..","..","7.22","..","-0.28","-1.5","-1.01","-0.83","-0.86","-0.83","..","0.09","..","-0.25","..","..","-7.58","..","..","..","-0.25","1.01","24.5","13.93"
"Montenegro","","..","..","..","..","..","..","..","..","..","..","..","..","..","..","..","..","..","..","..","..","..","..","..","..","..","..","..","..","..","..","..","..","..","..","..","..","..","..","..","..","..","..","..","..","..","..","3.96","..","44.97","31.64","6.9","-14.94","-20.72","-27.17"
"Montserrat","","..","..","..","..","..","..","..","..","..","..","..","..","..","..","..","..","..","..","..","..","..","..","..","..","..","..","..","..","..","..","..","..","..","..","..","..","..","..","..","..","..","..","..","..","..","..","..","..","..","..","..","..","..",".."
"Morocco","","..","..","..","..","..","..","-0.25","-0.06","5.65","-5.83","-0.76","9.19","-2.67","-3.2","-1.17","12.76","1.47","1.35","-1.45","2.66","13.28","3.53","8.42","-3.32","310.83","332.8","275.01","96.99","92.59","188.34","138.85","156.24","-124.42","-187.01","-154.97","-83.32","11.14","-18.02","-36.35","-43.83","-25.5","-29.03","80.6","-15.39","-10.51","-6.8","-21.52","-16.19","22.93","-3.68","-3.01","-2.58","89.05","154.33"
"Mozambique","","..","..","..","..","..","..","0.37","-0.05","0.47","-0.03","-0.03","0.03","-0.08","-0.02","..","..","57.27","-3.56","29.19","44.77","31.34","-12.19","-1.38","-3.96","-11.28","83.39","-21.32","-28.39","19.18","-89.78","-6.38","23.62","9.16","7.65","5.32","-23.38","125.74","123.07","142.31","200.22","79.19","12.75","-217.03","-119.59","6.8","-8.51","16.24","-253.75","-22.84","-16.65","-0.75","-21.06","-11.95","2.7"
"Myanmar (Burma)","","..","..","..","..","..","..","-0.49","-0.49","-0.49","1.34","-0.54","-0.42","2.39","1.34","-0.35","-0.37","-0.36","-0.39","-0.45","..","..","..","-0.32","-0.26","7.02","1.47","-1.15","-0.49","5.74","-66.59","23.57","24.8","18.81","23.09","11.61","-0.87","..","0.78","..","0.71","0.6","0.35","..","..","..","..","..","..","..","..","..","..","0.01","160.85"
"Namibia","","..","..","..","..","..","..","..","..","..","..","..","..","..","..","..","..","..","..","..","..","..","..","..","..","..","..","..","..","..","..","..","1.2","..","2.1","..","0.1","-0.45","0.28","-1.14","-0.39","-0.47","-0.45","..","-0.16","-31.92","-3.13","-1.25","18.38","..","..","..","..","5.73","-14.86"
"Nauru","","..","..","..","..","..","..","..","..","..","..","..","..","..","..","..","..","..","..","..","..","..","..","..","..","..","..","..","..","..","..","..","..","..","..","..","..","..","..","..","..","..","..","..","..","..","..","..","..","..","..","..","..","..",".."
"Nepal","","..","..","..","..","..","..","..","..","..","..","..","..","..","..","..","..","..","..","..","..","..","..","..","..","..","1","-0.14","0.1","0.59","0.89","0.02","-0.85","-0.33","..","..","..","..","9.93","1.86","2.36","3.43","0.2","-0.61","-0.8","-0.96","..","..","..","..","..","..","..","..",".."
"Netherlands Antilles","","..","..","..","..","..","..","..","..","4.27","-0.58","-0.62","0.03","-0.76","-2.74","-2.44","-2.48","-1.67","-0.73","-1.19","-1.22","-1.18","-0.44","..","..","..","..","-0.7","..","0.02","9.73","-9.9","1.15","1.16","-2.24","-29.9","..","..","-1.04","..","..","..","..","..","..","..","..","..","..","..","..","..","..","..",".."
"New Caledonia","","..","..","..","..","..","..","..","..","..","..","..","..","..","10.8","8.7","25.99","14.2","6.4","16","7.7","14.55","3.99","4.9","15.5","2.13","16.21","12.82","-13.67","66.12","14.95","24.03","81.61","121.09","96.47","44.84","102.58","-10.32","16.67","40.83","0.25","..","..","..","..","..","..","..","..","..","..","..","..","..",".."
"Nicaragua","","..","..","..","..","..","..","..","..","0.01","..","..","..","..","0.01","..","..","..","..","..","..","5","2.2","1.67","10.27","2.66","6.03","0.59","..","..","-0.14","-1.4","..","..","0.52","0.11","169.85","541.91","15.67","28.91","17.36","-8.32","153.72","1.88","19.49","-227.06","-56.37","..","14.63","9.02","-5.47","-14.79","-1.5","55.58","-1.68"
"Niger","","..","..","..","..","..","..","..","..","0.02","-0.02","2.07","1.28","0.38","1.43","0.01","..","4.04","7.47","9.36","-1.84","6.02","32.17","8.32","11.45","30.44","22.08","10.83","21.33","-6.76","9.67","6.72","7.99","-5.72","-1.02","22.87","-24.33","..","19.9","7.24","7.06","-0.01","-0.02","0.12","28.38","6.86","..","-5.63","..","..","..","..","..","-0.04","1.39"
"Nigeria","","..","..","..","..","..","..","5.86","3","6.4","4.98","2.32","-2.43","-8.43","-10.8","0.07","0.73","-6.92","0.23","-2.1","10.39","56","33.33","71.17","270.35","157.07","53.64","84.52","921.94","558.61","821.21","606.4","195.61","286.69","55.43","12.55","2.96","-4.26","-1.73","-0.61","1.53","1.03","-201.46","3284.81","-27.55","440.27","77.37","-5709.52","-486.89","-78.84","-6.38","-8.28","25.46","33.68","32.78"
"Northern Marianas","","..","..","..","..","..","..","..","..","..","..","..","..","..","..","..","..","..","..","..","..","..","..","..","..","..","..","..","..","..","..","..","..","..","..","..","..","..","..","..","..","..","..","..","..","..","..","..","..","..","..","..","..","..",".."
"Oman","","..","..","..","..","..","..","..","..","0.02","..","..","..","..","..","1","7.7","8.3","13.4","5.3","15.1","21.25","..","..","..","..","..","..","..","0.05","..","..","..","..","0.02","0.01","..","..","8.43","-2.6","..","..","-1.49","..","2.21","..","..","..","..","..","..","..","..","..",".."
"Pakistan","","..","..","..","..","..","..","11.68","14.65","9.14","-4.62","-6.95","13.06","-12.7","-9.75","2.91","-4.38","-4.09","-0.53","-7.17","0.9","28.72","-0.35","-1.6","3.62","-0.31","-2.02","5.57","-8.36","-2","0.68","33.6","36.25","41.08","58.12","37.77","86.89","70.9","-0.89","-11.39","-79.87","57.87","-12.99","136.48","-188.24","-4.25","5.5","6.59","17.92","-6.86","16.06","-11.33","-22.99","-14.73","-34.5"
"Palau","","..","..","..","..","..","..","..","..","..","..","..","..","..","..","..","..","..","..","..","..","..","..","..","..","..","..","..","..","..","..","..","..","..","..","..","..","..","..","..","..","..","..","..","..","..","..","..","..","..","..","..","..","..",".."
"Panama","","..","..","..","..","..","..","-1.67","-1.66","-0.42","-1.49","-4.28","0.59","0.85","-0.23","3.61","-3.67","6.04","-0.87","-6.59","..","..","..","1.43","20.61","5.56","-0.14","-8.38","0.07","1.53","0.74","-0.01","-0.01","14.65","-0.11","-4.01","-47.92","-51.85","-31.71","-21.69","-1.95","-6.2","0.15","..","-0.26","-2.54","-1.27","-30.75","11.53","-7.31","-6.78","-7.92","-7.74","19.34","31.48"
"Papua New Guinea","","..","..","..","..","..","..","..","..","..","..","..","..","..","..","..","..","0.67","1.28","4.36","11.89","12.55","13.65","51.31","31.66","20.41","2.35","7.07","2.12","10.94","-6.02","-6.62","-4.77","-2.77","-20.85","-23.83","-20.04","-19.15","-7.64","-2.36","-21.18","3.69","4.03","..","..","..","..","..","-2.91","-3.07","..","..","..","..",".."
"Paraguay","","..","..","..","..","..","..","..","2.97","0.35","0.42","-0.06","0.97","2.04","-0.53","0.05","4.11","-0.34","-0.32","-0.19","21.78","-0.83","18.96","2.15","-2.15","-2.96","-2.54","-1.25","15.12","-3.3","18.11","1.6","-7.48","-5.08","-5.61","-11","-20.09","-4.16","-3.09","-3.05","-0.96","..","..","11.89","0.69","-1.41","-1.1","-2.23","-2.43","-2.56","-2.47","-2.96","12.82","14.21","-0.39"
"Peru","","..","..","..","..","..","..","10.26","4.52","-1.36","21.24","19.07","6.5","-3.33","-25.04","-20.88","-4.27","24.2","16.11","39.15","99.77","8.04","16.42","-14.45","-12.65","88.48","30.54","2.27","5.62","2.74","1.53","-2.01","-0.7","724.75","122.87","283.42","-10.44","-18.22","804.12","-32.57","-6.88","-29.35","-22.49","-20.8","-40.73","-36.71","-148.62","-13.87","-111.39","10.52","53.75","26.68","80.03","-32.19","-39.37"
"Philippines","","..","..","..","..","..","..","0","0.13","0.04","0.31","0.07","20.32","6.23","23.44","5.72","-6.81","37.69","-0.76","-6.15","0.17","-13.89","-1.73","7.38","20.38","17.54","77.19","22.79","46.28","91.7","24.39","142.99","39.13","113.43","9.76","-27.44","-108.52","12.14","-7.01","36.63","171.37","55.27","62.09","13.74","-11.54","-22.09","-26.06","-54.34","-64.48","32.07","-42.81","-68.67","-61.94","-35.31","-43.92"
"Rwanda","","..","..","..","..","..","..","..","..","..","..","..","..","..","..","0.2","..","..","..","..","..","..","..","..","..","..","0.01","0.23","..","-0.14","..","-0.06","-0.02","0.2","0.04","-0.01","0.1","..","..","..","11.34","2.23","2.17","0.02","-1.14","..","-2.38","-4.32","..","..","..","..","5.37","5.99","17.62"
"Samoa","","..","..","..","..","..","..","..","..","..","..","..","..","..","..","..","..","..","0.64","0.75","4.14","..","-0.11","-0.21","-0.25","-0.22","..","-0.2","-0.49","-0.5","-0.13","..","-0.46","-0.41","-0.38","-0.19","..","..","..","-1.11","-0.65","..","..","..","0.02","..","..","..","..","..","..","..","..","..",".."
"Sao Tome & Principe","","..","..","..","..","..","..","..","..","..","..","..","..","..","..","..","..","..","..","..","..","..","..","..","..","..","..","..","..","..","0.74","..","..","0.06","..","21.3","-25.77","..","..","..","..","..","0.41","..","6.55","..","..","..","-6.15","-0.49","..","..","..","1.93",".."
"Senegal","","..","..","..","..","..","..","0.03","-0.01","-0.01","..","..","2.47","..","12.17","-4.17","-2.94","10.61","0.27","18.32","0.84","84.23","0.92","70.63","47.44","60.69","24.92","54.37","35.17","-35.31","4.45","28.4","-5.54","-0.26","-5.33","13.37","-0.15","-4.54","6.29","4.91","47.4","0.97","0.18","30.66","17.39","18.5","-16.64","7.23","-1.45","115.75","103.03","0.67","-30.72","-50.59","-51.77"
"Serbia","","..","..","..","..","..","..","..","..","..","..","..","..","..","..","..","..","..","..","..","..","..","..","..","..","..","..","..","..","..","..","..","..","..","..","0.01","0.01","-1.47","..","-1.74","..","..","-0.58","371.23","47.32","22.87","4.28","-231.98","11.01","-17.65","27.18","16.28","-4.47","39.33","60.37"
"Seychelles","","..","..","..","..","..","..","..","..","..","..","..","..","..","0.31","0.25","..","..","..","0.11","0.05","2.81","0.36","0.1","0.26","-0.3","-0.82","-0.22","-0.06","1.17","0.98","-0.84","-0.17","2.72","3.55","0.41","-0.44","-0.9","-0.49","-11.68","-0.06","..","..","..","..","..","..","..","-0.54","..","..","3.04","0.01","0.01","-0.01"
"Sierra Leone","","..","..","..","..","..","..","0.11","-0.03","-0.01","-0.01","-0.01","..","..","0.59","..","4.47","1.17","0.73","5.41","0.34","5.64","4.08","2.48","1.87","2.99","4.25","1.76","25.24","3.33","4.14","0.58","..","10.98","4.64","4.34","-1.43","-5.49","-0.52","-8.92","-0.29","-0.94","-1.44","11.23","-4.92","0.5","-0.01","0.81","-77.13","..","..","..","9.76","14.01","7.11"
"Singapore","","..","..","..","..","..","..","-0.02","0.03","0.12","..","-0.05","1.84","-1.89","-0.07","7.21","1.98","0.77","-1.01","-1.14","-1.49","-1.7","7.23","20.71","-7.27","1.91","-7.52","-4.97","-29.32","0.08","0.72","0.03","-2.41","2.09","-2.64","-0.48","..","..","..","..","..","..","..","..","..","..","..","..","..","..","..","..","..","..",".."
"Slovenia","","..","..","..","..","..","..","..","..","..","..","..","..","..","..","..","..","..","..","..","..","..","..","..","..","..","..","..","..","..","..","..","..","..","..","2.84","7.48","-51.31","-7.57","-1.28","-15.36","-1.36","-1","176.09","..","..","..","..","..","..","..","..","..","..",".."
"Solomon Islands","","..","..","..","..","..","..","..","..","..","..","..","..","..","..","..","..","..","..","..","..","..","..","..","1.82","5.08","-0.17","-0.2","-0.21","-0.24","0.59","2.45","6.32","1.39","-4","-2.42","-0.12","-0.12","-0.21","13.58","-0.86","..","..","..","..","..","-13.09","..","..","..","..","..","..","..",".."
"Somalia","","..","..","..","..","..","..","..","..","1.3","1.71","2.3","0.5","0.06","-3.03","5.24","-0.33","3.13","2.6","0.5","-1.16","-0.3","5.44","0.27","2.02","0.21","0.85","85.62","-18.5","-1.34","9.92","-0.82","0.44","-1.05","-1.03","..","..","..","..","..","..","..","..","..","..","..","..","..","..","3.93","..","..","0.13","..",".."
"South Africa","","..","..","..","..","..","..","..","..","..","..","..","..","..","..","..","..","..","..","..","..","..","..","..","..","..","..","..","..","..","..","..","..","..","..","..","1.65","29.05","11.71","-7.89","0.33","3.65","27.8","-15.86","49.59","-35.87","19.3","-46.89","-2.01","14.08","139.59","-3.13","376.3","43.95","-1.2"
"South Sudan","","..","..","..","..","..","..","..","..","..","..","..","..","..","..","..","..","..","..","..","..","..","..","..","..","..","..","..","..","..","..","..","..","..","..","..","..","..","..","..","..","..","..","..","..","..","..","..","..","..","..","..","..","..",".."
"Sri Lanka","","..","..","..","..","..","..","3","0.7","2.71","2.02","7.42","-5.6","2.14","-2.47","-0.46","-0.54","-0.47","-0.51","-0.4","-0.65","0.91","-0.25","4.01","13.37","15.24","17.82","2.96","10.96","5.37","3.95","4.69","-4.43","-6.68","32.05","6.62","13.8","23.6","-0.87","-10.65","-12.36","-9.79","-4.53","-7.31","6.94","8.02","7.98","19.53","24.66","28.53","9.68","15.03","29.98","-7","-3.57"
"St. Helena","","..","..","..","..","..","..","..","..","0.02","..","..","..","..","..","..","..","..","..","..","..","..","..","..","..","..","..","..","..","..","..","..","..","..","..","..","..","..","..","..","..","..","..","..","..","..","..","..","..","..","..","..","..","..",".."
"St. Kitts-Nevis","","..","..","..","..","..","..","..","..","..","..","..","..","..","..","..","..","..","..","..","..","..","..","..","..","..","..","-0.15","..","..","..","..","..","..","..","..","0.2","4.14","6.04","3.24","-2.23","-1.25","-0.24","-0.17","-1.42","-2.19","-1.66","-1.59","-1.56","-19.56","-0.29","-0.19","-0.19","..",".."
"St. Lucia","","..","..","..","..","..","..","..","..","..","..","..","..","..","..","..","0.64","0.15","..","..","..","0.7","0.87","0.6","0.68","-0.47","-0.16","0.17","3.03","3.23","8.37","-0.38","-1.76","..","2.71","-0.09","0.13","-4.92","-12.63","-0.18","-0.1","-0.02","-0.36","-0.01","..","..","..","0.13","..","0.14","-0.3","-0.2","..","-5.72","-5.77"
"St.Vincent & Grenadines","","..","..","..","..","..","..","..","..","..","..","..","..","..","..","..","..","..","..","..","..","..","..","0.2","..","..","0.61","..","..","-0.03","-1.1","..","..","..","..","..","0.4","..","4.89","..","..","..","-0.17","..","..","..","..","..","-22.99","..","..","..","..","..",".."
"Sts Ex-Yugo. Unspec.","","..","..","..","..","..","..","-1.14","4.73","-2.52","-7.31","23.99","35.36","46.53","55.66","1.98","-46.89","28.02","2.9","28.53","-31.08","-47.01","-10.57","24.78","155.1","173.19","235.25","112.1","236.76","102.04","21.3","-58.67","-28.04","-101.67","72.13","36.93","-8.36","-9.02","-8.22","..","-64.93","..","..","36.16","..","..","..","-5.27","..","..","..","..","..","..",".."
"Sudan","","..","..","..","..","..","..","-1.59","-1.64","-1.58","-1.18","-1.22","0.42","-1.56","-1.08","-1.31","6.78","12.48","12.15","-0.12","16.23","102.43","50.1","38.23","116.29","75.26","43.57","0.03","7.22","-3.75","4.21","2.67","-0.93","..","-0.46","..","0.56","-9.67","..","..","..","..","..","..","..","..","0.06","..","6","1.28","3.02","0.5","..","0.73",".."
"Suriname","","..","..","..","..","..","..","..","..","..","0.4","0.4","1.9","0.51","0.5","0.4","3.34","..","0.08","..","..","0.05","..","..","..","..","0.18","0.66","1.71","1.45","0.07","-0.07","0.01","..","..","..","..","..","..","..","..","..","..","..","..","..","-0.62","-6.02","-1.37","-1.44","-1.39","..","..","..",".."
"Swaziland","","..","..","..","..","..","..","..","..","..","..","..","..","..","..","..","2.45","0.59","-1.57","3.59","5","2.04","1.3","4.71","4.07","3.84","1.29","2.94","-1.64","2.19","-0.82","-5.11","1.35","-4.1","-1.83","-2.3","..","14.52","-1.01","-3.96","-4.91","-3.46","-1.77","0.17","-0.08","..","..","..","..","..","..","..","..","..",".."
"Syria","","..","..","..","..","..","..","-1.93","12.69","0.06","-0.83","-0.92","-1.04","-1.31","-0.47","..","..","6.2","-0.8","-0.58","-0.95","-0.84","-0.67","1.16","0.24","-1.09","0.01","..","..","..","0.08","0.48","0.13","-0.05","3.73","0.04","..","1.33","0.51","..","..","356.39","0.09","..","-0.55","..","-13.17","-25.56","-25.36","-24.58","2.29","-24.84","-30.07","-4.45",".."
"Tajikistan","","..","..","..","..","..","..","..","..","..","..","..","..","..","..","..","..","..","..","..","..","..","..","..","..","..","..","..","..","..","..","..","..","0","..","..","..","..","..","..","..","..","..","..","1.06","..","..","..","..","..","..","..","-0.3","-0.14","-0.52"
"Tanzania","","..","..","..","..","..","..","..","..","..","0.16","-0.01","1.54","0.44","0.33","0.83","-1.19","8.22","-0.15","0.45","4.05","11.28","20.28","26.08","5.67","31.3","8.47","4.39","126.08","4.4","31.98","28.16","3.86","-9.44","29.19","8.3","0.16","-30.4","35.28","16.73","-5.1","32.1","7.23","-88.05","-52.65","-81.79","-7.82","-8.04","4.54","38.09","-7.24","-11.14","-48.99","-2.62","10.85"
"Thailand","","..","..","..","..","..","..","8.82","-0.07","1.85","4.47","-1.36","0.48","1.76","-3.65","-2.89","0.06","-4.31","3.56","4.53","10.89","-0.47","66.22","1.63","36.98","32.66","64.95","-18.59","-14.76","7.79","1.94","37.36","123.49","190.79","59.22","35.71","259","215.28","228.58","153.86","-0.28","-119.6","-42.39","-52.94","-96.58","-55.19","-18.59","-28.74","110.23","-14.87","-16.17","-12.33","-17.35","-6.95","-14.98"
"Timor-Leste","","..","..","..","..","..","..","..","..","..","..","..","..","..","..","..","..","..","..","..","..","..","..","..","..","..","..","..","..","..","..","..","..","..","..","..","..","..","..","..","..","..","..","..","..","-0.05","..","..","..","..","..","..","..","0.04","0.01"
"Togo","","..","..","..","..","..","..","..","..","0.29","0.08","0.06","0.16","0.69","-0.11","0.01","..","4.12","-0.69","1.82","19.17","64.21","15.19","34.98","32.24","39.48","0.96","-10.85","-4.39","3.49","-5.06","1.33","-0.4","0.78","-3.07","-0.41","-5.4","-4.83","4.27","4.42","0.36","0.38","0.58","0.8","-0.54","-0.31","-0.6","-9.11","-7.44","-47.77","21.35","-136.01","-49.26","22.45","0.84"
"Tonga","","..","..","..","..","..","..","..","..","..","..","..","..","..","..","..","..","..","..","..","..","..","..","..","..","..","..","..","..","..","..","..","..","..","..","..","..","..","..","..","..","..","..","..","..","..","..","..","..","..","..","..","..","..",".."
"Trinidad & Tobago","","..","..","..","..","..","..","..","..","..","..","..","..","..","..","..","..","-0.02","..","..","..","..","-2.03","..","..","..","..","..","0.03","0.08","38.47","14.94","8.79","24.22","9.74","11.25","-9.33","-16.56","14.36","-24.77","-12.49","-4.44","-1.44","-0.48","3.48","-2.36","..","..","..","..","..","-77.01","..","..",".."
"Tunisia","","..","..","..","..","..","..","-0.45","3.77","0.95","-4.53","0.79","2.5","4.36","28.51","23.45","10.21","0.48","-8.72","-26.72","-60.32","-16.01","72.31","34.22","28.56","31.92","-19.64","-21.86","-24.72","-27.19","-7.31","12.97","28.03","-18.33","58","-51.89","5.05","-0.36","11.53","11.59","-2.09","-2.24","-6.39","12.56","-5.93","73.63","0.15","-32.84","-14.08","-16.44","39.5","-14.15","-27.69","-8.68","-3.73"
"Turkey","","..","..","..","..","..","..","4.25","3.65","0.68","-0.4","0.37","-5.19","-7.27","-8.48","-2.5","12.79","-0.61","17.2","123.33","204.05","257.61","247.86","122.19","60.25","-31.81","-50.96","-33.47","6.63","-33.14","-3.42","-65.26","-70.78","45.19","78.44","4.35","-19.93","-42.38","6.47","-14.87","27.02","14.45","-14.19","-11.34","112.02","-1.52","-9.73","74.68","25.07","508.46","-52.44","-82.69","63.35","108.19","155.14"
"Turkmenistan","","..","..","..","..","..","..","..","..","..","..","..","..","..","..","..","..","..","..","..","..","..","..","..","..","..","..","..","..","..","..","..","..","0","..","..","11.71","15.62","-1.6","-1.53","-0.75","..","-0.63","-1.33","-1.6","-1.76","-0.88","-1.77","-1.94","..","..","..","..","..",".."
"Turks & Caicos Islands","","..","..","..","..","..","..","..","..","..","..","..","..","..","..","..","..","..","..","..","..","..","..","..","..","..","..","..","..","..","..","..","..","..","..","..","..","..","..","..","..","..","..","..","..","..","..","..","..","..","..","..","..","..",".."
"Uganda","","..","..","..","..","..","..","-0.05","-0.04","0.3","-0.2","-0.03","-0.01","0.41","-0.13","..","-0.14","-0.16","-0.13","-0.16","..","..","..","35.07","8.36","9.58","0.91","1.49","4.09","0.95","18.98","9.39","2.87","-0.84","0.47","4.85","-5.74","5.41","-80.65","-0.34","0.83","-46.36","-10.75","-17.09","0.23","-1.16","-0.12","-5.32","3.95","25.92","13.88","22.71","6.07","14.25","-50.99"
"Ukraine","","..","..","..","..","..","..","..","..","..","..","..","..","..","..","..","..","..","..","..","..","..","..","..","..","..","..","..","..","..","..","..","..","..","..","..","..","..","..","..","..","..","..","..","..","..","-15.49","-2.5","-20.08","32.35","-43.62","-60.52","-107.59","-65.88","-78.59"
"Uruguay","","..","..","..","..","..","..","-0.57","-0.44","-0.14","-0.09","0.01","0.02","-0.01","0.04","0.33","-1.06","2.83","..","-0.74","-0.75","-0.73","-0.54","0.11","7.74","12.99","2.46","7.22","-3.07","-1.15","0.13","-0.95","1.11","-2.13","2.4","-2.43","-7.62","-0.57","-0.46","-0.2","-0.02","-0.78","-0.7","-0.82","15.45","16.01","0.85","1.13","3","-6.84","-4.16","-3.12","-14.26","-8.58","-8.1"
"Uzbekistan","","..","..","..","..","..","..","..","..","..","..","..","..","..","..","..","..","..","..","..","..","..","..","..","..","..","..","..","..","..","..","..","..","0","..","10.59","10.57","-1.43","-2.33","-2.3","-3.56","-4.26","21.55","-4.35","-2.61","2.88","-2.19","-1.22","23.31","-4.11","-3.93","-4.33","-4.48","..","-2.11"
"Vanuatu","","..","..","..","..","..","..","..","..","..","..","..","..","..","..","..","..","0.61","-0.1","-0.1","-0.2","..","0.1","-0.05","..","1.13","1.03","-35.81","1.34","1.16","0.74","4.86","2.12","0.33","-0.04","-0.96","-0.46","-0.31","-0.27","-0.27","-0.74","-0.04","..","..","-0.06","..","..","..","..","..","..","..","..","..",".."
"Venezuela","","..","..","..","..","..","..","0.49","0.34","0.47","-0.12","-0.2","9.43","-0.49","11.87","6.38","49.97","-8.71","-8.33","-9.16","-8.87","-4.93","-4","-4.02","1.63","1.97","-0.38","1.72","2.67","41.37","19.95","105.69","37.06","-13.6","-3.81","36.85","-12.04","-34.93","-3.47","-19.13","28.14","-5.92","-19.82","11.65","-22.82","-7.13","..","..","-10.92","-2.94","-1.56","-0.11","..","..","0.01"
"Vietnam","","..","..","..","..","..","..","..","..","..","..","..","..","..","..","..","..","0.3","0.5","..","19.75","-2","-1.33","..","0.47","0.41","1.17","0.51","1.59","0.55","1.11","0.8","0.37","0.22","0.04","19.75","76.19","-1.72","31.67","2.97","2.98","-12.75","3.25","15.19","23.82","17.2","14.18","4.04","27.84","179.19","262.05","43.54","98.47","4.55","37.55"
"Virgin Islands (UK)","","..","..","..","..","..","..","..","..","..","..","..","..","..","..","..","..","..","..","..","..","..","..","..","..","..","..","..","1.2","3.66","3.61","1.6","-0.78","-0.78","-0.8","1.24","..","-0.71","-1.65","-1.68","4.21","..","..","..","..","..","..","..","..","..","..","..","..","..",".."
"Wallis & Futuna","","..","..","..","..","..","..","..","..","..","..","..","..","..","..","..","..","0.11","..","..","..","..","..","..","..","..","0.79","..","..","-0.01","..","2.99","6.01","4.29","..","..","-0.44","-0.07","-0.35","-0.61","0.14","1.16","-0.82","-0.4","-2.06","-2.97","-3.02","-1.79","-1.74","-0.37","-1.54","-1.44","-1.26","-0.98","-0.86"
"West Bank & Gaza Strip","","..","..","..","..","..","..","..","..","..","..","..","..","..","..","..","..","..","..","..","..","..","..","..","..","..","..","..","..","..","..","..","..","..","..","..","..","..","..","..","..","..","..","..","..","..","..","..","..","..","..","..","..","..",".."
"Yemen","","..","..","..","..","..","..","0.02","0.03","0.09","..","..","0.6","-0.06","-0.09","0.01","..","..","..","-0.03","0.01","0.02","0.83","-0.01","0.66","0.37","0.09","-0.55","0.25","..","0.61","2.79","-0.9","-0.91","0.77","-0.07","-0.98","-21.97","1.5","..","-0.16","-0.04","..","..","-1.39","..","..","-0.02","-0.03","-0.05","-0.06","-0.07","-0.08","-0.09","-0.11"
"Zambia","","..","..","..","..","..","..","..","..","11.92","-0.16","-0.31","1.45","15.6","13.98","-0.63","-3.41","24.48","-7.84","35.35","13.17","-37.14","28.17","25.71","23.47","143.99","63.03","125.61","1.42","13.06","14.73","2.91","-18.18","6.01","-7.33","-11.91","7.05","-1.02","-16.91","32.27","-24.36","-107.62","9.17","-2.72","-86.56","19.6","-44.57","-376.81","25.64","9.29","-18.34","-22.11","5.3","-9.59","-9.72"
"Zimbabwe","","..","..","..","..","..","..","..","..","..","..","..","..","..","..","..","..","..","..","..","..","1.75","-0.1","-0.86","4.87","-3.25","-0.19","-5.97","-3.47","2.34","9.65","20.58","42.81","34.51","17.55","6.37","-3.55","9.46","31.29","35.25","-12.02","-6.44","-20.3","-12.18","-10.52","-11.33","-5.27","-10.65","-4.08","..","..","-1.88","..","16.45","-8.43"
"North of Sahara, regional","","..","..","..","..","..","..","..","..","..","..","..","..","..","..","..","..","..","..","..","..","..","..","..","..","-0.78","..","..","..","..","..","..","..","..","..","..","..","..","..","..","..","..","..","..","..","..","..","..","..","..","..","..","..","0.3",".."
"South of Sahara, regional","","..","..","..","..","..","..","..","..","..","..","..","..","..","..","-0.88","0.11","-0.19","..","-0.01","0.04","0.02","0.26","..","8.82","6.52","1.22","..","-0.14","0.02","..","-0.97","5.16","25.81","48.2","-9.01","32.39","9","-76.48","..","..","..","..","..","..","..","..","-2.7","..","10.94","28.26","..","8.44","2.04","0.01"
"Africa, regional","","..","..","..","..","..","..","..","..","..","..","0.12","0.38","0.72","1.59","..","..","-0.14","-0.15","-0.08","-0.48","2.41","-0.31","-0.31","9.02","5.12","11.66","5.54","15.25","-3.65","0.41","6.79","-1.78","..","-2.79","9.34","-1.54","-1.11","-0.72","79.39","126.97","8.13","38.76","26.62","89.35","28.47","85.62","1.98","2.22","126.78","134.85","131.05","71.11","192.3","134.45"
"N. & C. America, regional","","..","..","..","..","..","..","..","..","..","1.28","..","-0.19","-0.2","-0.25","-0.25","0.09","-0.33","-0.38","-0.31","-0.13","..","..","..","..","..","..","..","..","..","..","..","-0.35","-0.11","..","..","..","..","..","1.58","0.41","0.82","1.95","..","..","..","..","..","..","53.22","-2.91","-10.22","-29.35","-8.25","-18.15"
"South America, regional","","..","..","..","..","..","..","..","..","..","..","..","..","..","..","0.07","..","..","..","..","..","..","..","..","..","0.07","..","..","7.02","0.09","-0.13","5.77","..","..","..","..","..","..","0.72","..","..","..","..","..","..","..","..","..","..","..","7.73","..","4.64","0.88","-1.78"
"America, regional","","..","..","..","..","..","..","..","..","..","..","0.24","1.17","0.25","0.83","..","..","..","..","..","..","..","..","..","-1.5","0.52","0.51","9.69","-1.77","1.02","-0.09","..","15.24","19.82","15.3","-0.99","-8.76","-9.7","-9.81","-9.59","12.06","-1.34","11.15","8.79","50.13","6.19","..","..","-2.88","125.54","131.98","115.61","242.33","144.65","165.39"
"Middle East, regional","","..","..","..","..","..","..","..","..","..","..","..","..","..","0.05","..","..","..","..","..","..","..","..","..","..","..","..","..","..","..","..","..","..","..","-0.05","..","..","..","..","..","..","..","..","..","..","..","..","..","..","..","..","..","..","..",".."
"South Asia, regional","","..","..","..","..","..","..","..","..","..","..","..","..","..","..","..","..","..","..","..","..","..","..","..","..","..","..","..","..","..","..","..","..","..","..","..","..","..","..","..","..","..","..","..","..","..","..","..","..","..","..","..","..","..",".."
"South & C.Asia, regional","","..","..","..","..","..","..","..","..","6.26","..","..","..","..","0.08","..","..","..","..","..","..","..","..","..","..","0.01","..","..","..","..","..","..","..","..","..","..","..","..","..","..","..","..","-0.1","..","..","..","..","0.23","..","..","..","..","0.76","..",".."
"Far East Asia, regional","","..","..","..","..","..","..","..","..","0.51","..","..","..","..","..","..","..","..","..","..","..","..","8.83","13.8","10.23","6.9","0.65","0.06","..","..","..","..","..","..","..","..","..","..","-0.5","..","..","..","..","..","..","..","..","..","..","..","..","..","..","..",".."
"Asia, regional","","..","..","..","..","..","..","..","..","..","..","..","0.69","0.06","0.23","..","..","..","1.08","-0.08","-0.17","-0.17","-0.07","-0.18","9.59","1.76","-1.25","1.92","-1.12","6.96","..","..","..","-2.16","..","..","..","..","..","..","9.44","8.9","1.53","-0.9","-2.24","-4.46","..","..","-7.55","132.96","272.41","191.68","222.8","262.74","206.31"
"Europe, regional","","..","..","..","..","..","..","11.3","1.01","26.63","16.63","17.83","60.08","31.57","57.17","10.22","38.24","-51.48","-19.95","45.38","-9.26","8.66","6.14","97.67","-7.5","-12.56","-11","-21.3","-20.73","-69.92","8.09","14.83","-10.64","9.24","-5.1","..","15.41","..","..","..","2.15","..","..","..","..","1.24","0.11","..","..","221.26","2.79","113.77","110.52","35.23","38.77"
"Oceania, regional","","..","..","..","..","..","..","..","..","..","..","..","..","..","..","..","..","..","..","..","..","..","..","..","..","0.18","0.13","..","..","..","..","..","..","..","..","3.61","3.5","-0.35","-1.94","-2.2","-0.27","-5.01","-4.5","-0.27","-1.6","-0.26","..","..","..","..","..","..","..","..",".."
"West Indies, regional","","..","..","..","..","..","..","..","..","..","..","..","..","..","..","..","-0.45","-0.19","-0.14","-0.17","-0.2","-0.22","-0.22","-0.11","..","-0.07","..","..","..","-0.02","..","..","..","..","..","..","..","..","..","..","..","..","..","..","..","..","..","..","..","..","..","..","..","..",".."
"Developing Countries, Unspecified","","..","..","..","..","..","..","8.38","-2.36","19.99","6.57","21.18","30.74","49.09","104.96","198.9","220.21","268.53","187.91","249.91","428.54","609.4","799.89","697.74","461.53","358.33","291.53","284.62","238.48","183.46","98.73","351.18","161.2","189.26","53.96","192.69","280.24","553.49","252.58","303.18","213.58","243.53","217.24","169.24","217.55","120.21","199.84","65.46","135.84","48.23","119.06","51.64","1167.82","213.31","503.37"
"MADCT Unallocated","","..","..","..","..","..","..","..","..","..","..","..","..","..","..","..","..","..","..","..","..","..","..","..","..","..","..","..","..","..","..","..","..","..","..","..","..","..","..","..","..","..","..","..","..","..","..","..","..","..","..","..","..","..",".."
"AfDB (African Dev.Bank)","","..","..","..","..","..","..","..","..","..","..","..","..","..","..","..","..","..","10","..","1","1.4","..","..","2","..","..","..","..","..","..","..","1","..","24.73","..","..","..","..","..","..","..","..","..","..","..","..","..","..","..","34.11","..","27.54","-25.38","-1.17"
"AsDB (Asian Dev.Bank)","","..","..","..","..","..","..","..","..","..","..","..","..","..","..","..","14.52","9","-3","5.55","..","0.5","..","..","..","-16.4","-15","..","..","..","..","..","..","..","3.81","..","..","..","..","..","..","..","..","..","..","..","..","..","..","..","4.82","..","-16.88","..",".."
"CABEI","","..","..","..","..","..","..","..","..","..","..","..","..","..","..","..","..","..","..","..","..","..","..","..","..","..","..","..","..","..","..","..","..","..","..","..","..","..","..","..","..","..","..","..","..","..","..","..","..","..","..","..","..","..",".."
"IBRD","","..","..","..","..","..","..","..","..","-11.36","-54.3","55.12","18.06","39.66","41.45","1.66","24.7","24.85","-4.2","-4.35","-3.9","12.45","6.2","-27.46","10.72","51.12","37.46","-38.48","-17.88","24.89","31.93","47.19","12.75","-13.96","-13.48","-227.29","-233.71","-377.42","-155.47","-161.63","-136.19","..","..","..","..","..","..","..","..","..","77.67","..","..","..",".."
"IDB","","..","..","..","..","..","..","..","..","..","..","..","..","..","..","..","37","7.5","16.5","18.57","2.17","-5.5","5.97","5.45","10.65","1.43","-36.85","-0.61","6.96","0.72","..","-1.78","-3.19","-2.15","..","..","..","..","..","..","..","..","..","..","..","..","..","..","-2.67","-24.7","101.01","..","..","..","45.39"
"Other UN","","..","..","..","..","..","..","..","..","..","..","..","..","..","..","..","..","..","..","..","..","..","..","..","..","..","..","..","..","..","..","..","..","..","..","..","..","..","..","..","..","..","..","..","..","..","..","..","..","..","..","..","..","..",".."
"Other World Bank (AMCs)","","..","..","..","..","..","..","..","..","..","..","..","..","..","..","..","..","..","..","..","..","..","..","..","..","..","..","..","..","..","..","..","..","..","..","..","..","..","..","..","..","..","..","..","..","..","..","..","..","..","..","..","..","..",".."
"Other Regional Banks","","..","..","..","..","..","..","..","..","..","..","..","..","..","..","..","..","..","..","..","..","..","..","..","..","..","..","..","..","..","..","..","..","..","..","..","..","..","..","..","..","..","..","..","..","..","..","..","..","..","..","..","..","..",".."
"Other Multilateral","","..","..","..","..","..","..","..","..","..","..","1.9","2.4","12.2","-9.4","-1.55","-1.65","-0.46","-4.68","-4.68","0.72","5.31","-2.03","-0.7","1.6","95.26","35.48","9.96","-18.2","19.2","..","..","..","..","-3","..","..","192.86","85.94","..","-190.83","..","..","..","..","..","..","..","28","18.02","325.73","..","23.82","-101.61","186.78"
