"Sector(s):","Total Bilateral Aid To All Sectors","","Flow(s):","OOF","","Donor(s):","EU Institutions","","Flow Type(s):","Disbursement","","Amount:","Current Prices (USD millions)","",

"","Time Period","1960","1961","1962","1963","1964","1965","1966","1967","1968","1969","1970","1971","1972","1973","1974","1975","1976","1977","1978","1979","1980","1981","1982","1983","1984","1985","1986","1987","1988","1989","1990","1991","1992","1993","1994","1995","1996","1997","1998","1999","2000","2001","2002","2003","2004","2005","2006","2007","2008","2009","2010","2011","2012","2013",
"Recipient(s)",
"All Recipients","","..","..","..","..","..","..","..","..","..","45.03","36.87","30.64","28.24","45.29","45.8","49.9","58.18","48.7","78.4","162.34","257.23","240.64","319.59","201.71","84.46","151.59","190.03","140.12","56.17","121.03","264.04","153.72","582.37","343.27","92.27","150.67","302.95","836.08","845.92","637.04","426.57","331.38","883.45","1146.17","1855.89","1594.97","1855.4","4715.91","4447.55","4693.27","5582.93","-793.97","-999.41","-612.18"
"All Developing Countries","","..","..","..","..","..","..","..","..","..","45.03","36.87","30.64","28.24","45.29","45.8","49.9","58.18","48.7","78.4","162.34","257.23","240.64","319.59","201.71","84.46","151.59","190.03","140.12","56.17","121.03","264.04","153.72","582.37","343.27","92.27","150.67","302.95","836.08","845.92","637.04","426.57","331.38","883.45","1146.17","1855.89","1594.97","1855.4","4715.91","4447.55","4693.27","5582.93","-793.97","-999.41","-612.18"
"All Multilateral Recipients","","..","..","..","..","..","..","..","..","..","..","..","..","..","..","..","..","..","..","..","..","..","..","..","..","..","..","..","..","..","..","..","..","..","..","..","..","..","..","..","..","..","..","..","..","..","..","..","..","..","..","..","..","..",".."
"Afghanistan","","..","..","..","..","..","..","..","..","..","..","..","..","..","..","..","..","..","..","..","..","..","..","..","..","..","..","..","..","..","..","..","..","..","..","..","..","..","..","..","..","..","..","..","..","..","..","..","..","..","..","..","..","..",".."
"Albania","","..","..","..","..","..","..","..","..","..","..","..","..","..","..","..","..","..","..","..","..","..","..","..","..","..","..","..","..","..","..","..","..","181.2","41","..","..","..","..","1.01","..","-0.08","-0.31","7.8","10.64","8.37","4.32","16.07","36.9","39.51","31.09","26.4","-10.57","-9.12","-10.1"
"Angola","","..","..","..","..","..","..","..","..","..","..","..","..","..","..","..","..","..","..","..","..","..","..","..","..","..","..","..","..","..","..","..","..","..","..","..","..","..","..","..","..","..","..","..","..","..","..","..","..","10.46","..","-1.43","8.84","-4.27","-4.41"
"Anguilla","","..","..","..","..","..","..","..","..","..","..","..","..","..","..","..","..","..","..","..","..","..","..","..","..","..","..","..","..","..","..","..","..","..","..","..","..","..","..","..","..","..","..","..","..","..","..","..","..","..","..","..","..","..",".."
"Antigua & Barbuda","","..","..","..","..","..","..","..","..","..","..","..","..","..","..","..","..","..","..","..","..","..","..","..","..","..","..","..","..","..","..","..","..","..","..","..","..","..","..","..","..","..","..","..","..","..","..","..","..","-0.52","-0.5","-0.48","..","..",".."
"Argentina","","..","..","..","..","..","..","..","..","..","..","..","..","..","..","..","..","..","..","..","..","..","..","..","..","..","..","..","..","..","..","..","..","..","..","53.69","..","1.82","42.37","41.58","25.31","14","16.5","-86.55","-16.39","-38.29","-41.47","-35.5","-10.72","-11.12","230.36","-17.66","-17.86","-14.05","-34.91"
"Armenia","","..","..","..","..","..","..","..","..","..","..","..","..","..","..","..","..","..","..","..","..","..","..","..","..","..","..","..","..","..","..","..","..","..","60.85","6.77","..","..","..","..","..","..","..","..","..","..","..","..","..","..","..","..","..","3.84","5.28"
"Aruba","","..","..","..","..","..","..","..","..","..","..","..","..","..","..","..","..","..","..","..","..","..","..","..","..","..","..","..","..","..","..","..","..","..","..","1.45","-0.1","-0.1","-0.11","-0.12","..","..","..","..","..","..","..","..","..","..","..","..","..","..",".."
"Azerbaijan","","..","..","..","..","..","..","..","..","..","..","..","..","..","..","..","..","..","..","..","..","..","..","..","..","..","..","..","..","..","..","..","..","..","..","17.71","..","..","..","..","..","..","..","..","..","..","..","..","..","..","..","..","..","..",".."
"Bahamas","","..","..","..","..","..","..","..","..","..","..","..","..","..","..","..","..","..","..","..","..","..","..","..","..","..","..","..","..","1.41","10.55","-0.09","1.49","5.48","..","..","..","..","..","..","..","..","..","..","..","..","..","..","..","..","..","..","..","..",".."
"Bahrain","","..","..","..","..","..","..","..","..","..","..","..","..","..","..","..","..","..","..","..","..","..","..","..","..","..","..","..","..","..","..","..","..","..","..","..","..","..","..","..","..","..","..","..","..","..","..","..","..","..","..","..","..","..",".."
"Bangladesh","","..","..","..","..","..","..","..","..","..","..","..","..","..","..","..","..","..","..","..","..","..","..","..","..","..","..","..","..","..","..","..","..","..","..","..","..","..","..","..","..","..","..","..","..","13.66","19.99","..","-2.26","..","..","-5.8","-3.1","-5.36","-10.61"
"Barbados","","..","..","..","..","..","..","..","..","..","..","..","..","..","..","..","..","..","..","..","..","0.53","1.74","0.53","1.24","2.58","0.34","0.76","1.2","-0.65","-1.28","-1.47","-1.14","3.82","-1","-0.74","-0.43","..","..","..","-0.33","-0.34","..","..","..","..","..","..","-7.25","-7.7","-7.67","-8.45","..","..",".."
"Belarus","","..","..","..","..","..","..","..","..","..","..","..","..","..","..","..","..","..","..","..","..","..","..","..","..","..","..","..","..","..","..","..","..","..","..","..","..","..","..","..","..","..","..","..","..","..","..","..","..","..","..","..","..","..",".."
"Belize","","..","..","..","..","..","..","..","..","..","..","..","..","..","..","..","..","..","..","..","..","..","..","..","..","0.35","0.91","0.27","0.12","0.17","-0.16","0.7","0.2","..","-0.21","-0.24","-0.26","-0.28","..","..","..","..","..","..","..","..","..","..","1.71","1.04","-0.63","-1.16","..","..","-0.03"
"Benin","","..","..","..","..","..","..","..","..","..","..","..","..","..","..","..","..","..","..","..","..","..","..","..","..","..","..","..","..","..","..","..","..","..","..","..","..","..","..","..","..","..","..","4.03","-1.22","-1.36","..","..","-0.43","-0.55","-0.5","-5.13","..","..",".."
"Bermuda","","..","..","..","..","..","..","..","..","..","..","..","..","..","..","..","..","..","..","..","..","..","..","..","..","..","..","..","..","..","..","..","..","..","..","..","..","..","..","..","..","..","..","..","..","..","..","..","..","..","..","..","..","..",".."
"Bhutan","","..","..","..","..","..","..","..","..","..","..","..","..","..","..","..","..","..","..","..","..","..","..","..","..","..","..","..","..","..","..","..","..","..","..","..","..","..","..","..","..","..","..","..","..","..","..","..","..","..","..","..","..","..",".."
"Bolivia","","..","..","..","..","..","..","..","..","..","..","..","..","..","..","..","..","..","..","..","..","..","..","..","..","..","..","..","..","..","..","..","..","..","..","..","..","..","..","..","..","..","..","..","..","..","..","..","..","..","..","..","..","..",".."
"Bosnia-Herzegovina","","..","..","..","..","..","..","..","..","..","..","..","..","..","..","..","..","..","..","..","..","..","..","..","..","..","..","..","..","..","..","..","..","..","..","..","..","..","..","..","..","-0.44","-0.47","23.88","22.6","17.22","24.35","67.11","121.52","81.92","115.27","140.58","-34.37","-27.93","-28.24"
"Botswana","","..","..","..","..","..","..","..","..","..","..","..","..","..","..","..","..","..","..","..","..","..","..","2.45","3.06","4.41","4.26","0.02","5.86","-0.17","6.68","5.72","4.01","-0.2","-3.49","-3.86","-4.43","-2.96","-2.82","-0.95","2.39","-0.69","..","-0.26","-0.26","-0.28","-0.27","9.46","2.33","3","-7.54","-6.71","..","..",".."
"Brazil","","..","..","..","..","..","..","..","..","..","..","..","..","..","..","..","..","..","..","..","..","..","..","..","..","..","..","..","..","..","..","..","..","..","..","..","..","..","25.11","111.93","150.59","131.02","135.57","82.93","-46.07","44.67","39.28","-50.9","-74.19","160.99","149.79","101.06","-54.71","-14.14","58.98"
"Brunei","","..","..","..","..","..","..","..","..","..","..","..","..","..","..","..","..","..","..","..","..","..","..","..","..","..","..","..","..","..","..","..","..","..","..","..","..","..","..","..","..","..","..","..","..","..","..","..","..","..","..","..","..","..",".."
"Burkina Faso","","..","..","..","..","..","..","..","..","..","..","..","0.45","-0.01","-0.02","..","..","..","-0.06","-0.07","-0.07","-0.08","-0.07","-0.07","2.76","2.31","1.01","-0.6","-0.72","-0.83","-0.85","-0.94","-1.04","..","-1","-1","..","..","..","..","..","..","-0.24","..","5.4","..","..","..","-2.25","6.1","-3.81","0.38","..","-1.94",".."
"Burundi","","..","..","..","..","..","..","..","..","..","..","..","..","..","..","..","..","..","..","..","..","..","..","..","..","..","..","..","..","..","..","..","..","..","-0.12","-0.13","..","..","..","..","..","..","..","..","..","..","..","..","..","..","..","-0.53","..","..",".."
"Cambodia","","..","..","..","..","..","..","..","..","..","..","..","..","..","..","..","..","..","..","..","..","..","..","..","..","..","..","..","..","..","..","..","..","..","..","..","..","..","..","..","..","..","..","..","..","..","..","..","..","..","..","..","..","..",".."
"Cameroon","","..","..","..","..","..","..","..","..","..","1.51","2.43","1.44","0.43","1.16","3.56","0.4","0.23","0.76","0.66","2.42","6.59","8.52","8.18","-1.37","0.54","9.51","19.48","5.5","6.41","1.37","-6.7","-6.31","1.93","-5.96","-6.59","-7.78","-8.14","-7.28","-6.98","-4.17","-2.6","-2.22","22.75","6.89","-8.24","..","-24.17","27.99","-8.54","33.7","8.15","0.51","23.94","-2.65"
"Cape Verde","","..","..","..","..","..","..","..","..","..","..","..","..","..","..","..","..","..","..","..","..","..","..","..","..","..","..","..","..","..","..","..","..","..","..","..","..","..","..","..","..","..","..","..","..","..","..","..","-1.75","-3.24","7.64","6.24","38.52","0.12","-1.64"
"Cayman Islands","","..","..","..","..","..","..","..","..","..","..","..","..","..","..","..","..","..","..","..","..","..","..","1.27","0.97","0.38","..","-0.15","-0.17","-0.19","-0.2","-0.22","2.67","1.77","0.72","-0.52","-0.56","-0.8","..","..","..","..","..","..","..","..","..","..","..","..","..","..","..","..",".."
"Central African Rep.","","..","..","..","..","..","..","..","..","..","..","..","..","..","..","..","..","..","..","..","..","..","..","..","..","..","..","..","..","..","..","..","..","..","..","..","..","..","..","..","..","..","..","..","..","..","..","..","..","..","..","-0.33","..","..",".."
"Chad","","..","..","..","..","..","..","..","..","..","..","..","..","..","..","..","..","..","..","..","..","..","..","..","..","..","..","..","..","..","..","..","..","..","..","..","..","..","..","..","..","..","..","4.03","0.45","1.37","..","-4.17","..","-2.48","-2.41","-2.3","..","..",".."
"Chile","","..","..","..","..","..","..","..","..","..","..","..","..","..","..","..","..","..","..","..","..","..","..","..","..","..","..","..","..","..","..","..","..","..","..","..","92.69","..","-14.49","-14.51","-14.48","-14.92","-15","-14.6","..","..","..","..","..","..","..","..","..","..",".."
"China","","..","..","..","..","..","..","..","..","..","..","..","..","..","..","..","..","..","..","..","..","..","..","..","..","..","..","..","..","..","..","..","..","..","..","..","..","..","22.3","7.42","20.02","21.82","8.25","-3.29","-4.62","18.59","57.69","183.94","93.58","53.15","127.52","129.81","-8.8","-37.14","-37.42"
"Colombia","","..","..","..","..","..","..","..","..","..","..","..","..","..","..","..","..","..","..","..","..","..","..","..","..","..","..","..","..","..","..","..","..","..","..","..","..","..","..","..","..","..","..","..","..","..","..","..","107.7","18.44","52.81","67.1","-13.5","-13.59","-13.8"
"Comoros","","..","..","..","..","..","..","..","..","..","..","..","..","..","..","..","..","..","..","..","..","..","..","..","..","..","..","..","..","..","..","..","..","..","..","..","..","..","..","..","..","..","..","..","..","..","..","..","..","..","..","..","..","..",".."
"Democratic Republic of the Congo","","..","..","..","..","..","..","..","..","..","..","..","2.46","11.38","3.5","1.15","..","-0.8","-1.12","0.98","-2.65","1.9","-0.52","-1.02","-1.09","-1.14","..","-1.61","-1.99","-1.08","-2.38","8.15","4.59","..","-0.47","-0.29","..","..","..","-0.75","-1.59","-1.57","-0.79","..","..","..","..","..","..","..","..","6.23","..","-6.11","-6.32"
"Congo","","..","..","..","..","..","..","..","..","..","3.56","..","-0.38","-0.53","-0.63","..","..","..","-0.79","-3.08","-6.47","-2","..","..","..","0.36","0.89","3.33","3.95","3","-0.27","-1.05","-1.27","..","-2.66","-0.6","-0.68","-0.7","-0.7","..","-0.76","-0.36","..","..","..","..","..","..","12.78","-18.75","..","-0.7","..","..",".."
"Cook Islands","","..","..","..","..","..","..","..","..","..","..","..","..","..","..","..","..","..","..","..","..","..","..","..","..","..","..","..","..","..","..","..","..","..","..","..","..","..","..","..","..","..","..","..","..","..","..","..","..","..","..","..","..","..",".."
"Costa Rica","","..","..","..","..","..","..","..","..","..","..","..","..","..","..","..","..","..","..","..","..","..","..","..","..","..","..","..","..","..","..","..","..","..","..","..","..","2.74","2.74","26.65","14.46","-2.37","-2.38","-2.53","-2.66","-2.87","-3.01","-3.19","-3.33","-3.73","-3.82","-3.97","-4.17","-4.51","-4.85"
"Cote d'Ivoire","","..","..","..","..","..","..","..","..","..","0.41","0.93","2.98","3.59","4.06","10.33","12.3","3.99","8.9","6.13","0.3","3.97","-1.61","-0.3","-0.98","3.43","-5.32","-5.15","14.03","2.63","-5.72","-7.26","18.07","30.69","-4.05","-7.16","25.16","1.94","-5.72","-8.96","-7.96","-8.66","-12.09","..","..","..","..","..","-1.72","-1.22","-1.22","-1.89","..","..",".."
"Croatia","","..","..","..","..","..","..","..","..","..","..","..","..","..","..","..","..","..","..","..","..","..","..","..","..","..","..","..","..","..","..","..","..","..","..","..","..","..","..","..","-10.3","-10.46","-11.1","24.1","67.74","53.26","83.42","284.14","189.8","288.94","283.91","512.21","..","..",".."
"Cuba","","..","..","..","..","..","..","..","..","..","..","..","..","..","..","..","..","..","..","..","..","..","..","..","..","..","..","..","..","..","..","..","..","..","..","..","..","..","..","..","..","..","..","..","..","..","..","..","..","..","..","..","..","..",".."
"Cyprus","","..","..","..","..","..","..","..","..","..","..","..","..","..","..","..","..","..","..","..","..","..","5.88","3.88","3.13","3.74","1.01","3.74","12.11","6.95","3.84","-3.19","-3.53","8.32","2.4","-1.07","1.11","20.88","..","..","..","..","..","..","..","..","..","..","..","..","..","..","..","..",".."
"Djibouti","","..","..","..","..","..","..","..","..","..","..","..","..","..","..","..","..","..","..","..","..","..","..","..","..","..","..","..","..","..","..","..","..","..","..","..","..","..","..","..","..","..","..","..","..","..","..","..","..","..","..","2.11","..","..",".."
"Dominica","","..","..","..","..","..","..","..","..","..","..","..","..","..","..","..","..","..","..","..","..","..","..","..","..","..","..","..","..","..","..","..","..","..","..","..","..","..","..","..","..","..","..","..","..","..","..","..","..","-0.35","..","-0.69","..","2.33","3.34"
"Dominican Republic","","..","..","..","..","..","..","..","..","..","..","..","..","..","..","..","..","..","..","..","..","..","..","..","..","..","..","..","..","..","..","..","..","..","..","..","..","..","..","2.21","..","2.34","0.41","11.31","-0.42","-0.43","-0.44","-0.46","4.13","25.24","-3.38","32.12","13.53","5.55","0.57"
"East African Community","","..","..","..","..","..","..","..","..","..","..","..","..","..","..","..","..","..","..","..","..","..","..","..","..","..","..","..","..","..","..","..","..","..","..","..","..","..","..","..","..","..","..","..","..","..","..","..","..","..","..","..","..","..",".."
"Ecuador","","..","..","..","..","..","..","..","..","..","..","..","..","..","..","..","..","..","..","..","..","..","..","..","..","..","..","..","..","..","..","..","..","..","..","..","..","..","..","..","..","..","..","..","..","..","..","..","52.54","..","..","-2.97","-5.59","-5.61","-5.73"
"Egypt","","..","..","..","..","..","..","..","..","..","..","..","..","..","..","..","..","..","..","..","..","10.79","10.81","7.93","25.29","22.67","5.68","34.38","39.56","10.82","-1.72","25.49","1.9","50.91","22.92","-9.97","-16","-21.41","189.77","146.23","66.24","-2.2","-4.33","5.92","82.45","402.74","1010.93","179.98","329.5","180.47","175.96","-153.15","-193.22","-187.75","-151.19"
"El Salvador","","..","..","..","..","..","..","..","..","..","..","..","..","..","..","..","..","..","..","..","..","..","..","..","..","..","..","..","..","..","..","..","..","..","..","..","..","..","..","..","..","..","..","..","..","..","..","..","..","..","..","..","..","..",".."
"Equatorial Guinea","","..","..","..","..","..","..","..","..","..","..","..","..","..","..","..","..","..","..","..","..","..","..","..","..","..","..","..","..","..","..","..","..","..","..","..","..","..","..","..","..","..","..","..","..","..","..","..","..","..","..","-0.48","..","..",".."
"Eritrea","","..","..","..","..","..","..","..","..","..","..","..","..","..","..","..","..","..","..","..","..","..","..","..","..","..","..","..","..","..","..","..","..","..","..","..","..","..","..","..","..","..","..","..","..","..","..","..","..","-0.49","-0.47","-0.71","..","..",".."
"Ethiopia","","..","..","..","..","..","..","..","..","..","..","..","..","..","..","..","..","..","..","..","..","..","..","..","..","..","..","..","..","..","..","..","..","..","..","..","..","..","..","..","..","..","..","..","..","..","..","..","..","13.67","16.3","-8.51","40.39","-5.97","-4.63"
"Falkland Islands","","..","..","..","..","..","..","..","..","..","..","..","..","..","..","..","..","..","..","..","..","..","..","..","..","..","..","..","..","..","..","..","..","..","..","..","..","..","..","..","..","..","..","..","..","..","..","..","..","..","..","..","..","..",".."
"Fiji","","..","..","..","..","..","..","..","..","..","..","..","..","..","..","..","..","..","..","..","1.15","6.84","..","9.16","3.98","2.96","0.64","3.44","7.24","-2.74","-2.15","-3.62","-1.23","9.89","-3.62","-9.63","-0.65","-0.69","-0.35","..","..","..","..","..","..","..","..","..","-0.02","..","..","-0.62","..","..",".."
"Former Yugoslav Republic of Macedonia (FYROM)","","..","..","..","..","..","..","..","..","..","..","..","..","..","..","..","..","..","..","..","..","..","..","..","..","..","..","..","..","..","..","..","..","..","..","..","..","..","..","..","-2.6","-2.55","-2.77","-1.96","-0.76","17.14","10.31","11.07","15.83","13.72","14.66","53","26.16","28.31","-14.79"
"French Polynesia","","..","..","..","..","..","..","..","..","..","..","..","..","..","..","..","..","..","..","..","..","..","..","..","..","-0.46","..","..","2.2","2.41","-0.28","-0.35","5.22","2.88","-0.4","-0.43","-0.51","-0.52","-0.51","-0.54","-0.55","..","..","..","..","..","..","..","..","..","..","..","..","..",".."
"Gabon","","..","..","..","..","..","..","..","..","..","0.85","-0.02","-0.09","2.14","-0.07","0.95","0.5","..","..","-0.58","-0.44","-0.46","4.1","7.07","3.36","2.78","0.82","2.78","2.56","-1.87","-2.16","-3.04","-3.22","..","-3.69","-4.07","-4.78","-3.12","-1.33","-1.41","-1.46","4.28","1.24","-0.44","2.5","1.36","-0.56","-3.26","-2.71","-7.55","-7.46","-7.62","..","..",".."
"Gambia","","..","..","..","..","..","..","..","..","..","..","..","..","..","..","..","..","..","..","..","..","..","..","..","..","..","..","..","..","..","..","..","..","..","..","..","..","..","..","..","..","..","..","..","..","..","..","..","..","..","..","-0.43","..","..",".."
"Georgia","","..","..","..","..","..","..","..","..","..","..","..","..","..","..","..","..","..","..","..","..","..","..","..","..","..","..","..","..","..","..","..","..","15.01","79.06","40.77","..","..","..","..","..","..","..","..","..","..","..","..","..","..","..","35.97","..","35.09","15.88"
"Ghana","","..","..","..","..","..","..","..","..","..","..","..","..","..","..","..","..","..","..","1.08","0.58","3.2","6.61","2.55","1.03","-1.29","..","-1.6","-1.82","-0.19","2.78","6.89","1.25","3.89","-1.07","-0.6","..","..","..","..","-0.36","-0.37","-0.4","2.59","4.36","-2.24","-0.47","-0.51","19.26","36.35","48.29","-18.34","-4.06","-7.84","-5.1"
"Gibraltar","","..","..","..","..","..","..","..","..","..","..","..","..","..","..","..","..","..","..","..","..","..","..","..","..","..","..","..","..","..","..","..","..","..","..","..","..","..","..","..","..","..","..","..","..","..","..","..","..","..","..","..","..","..",".."
"Grenada","","..","..","..","..","..","..","..","..","..","..","..","..","..","..","..","..","..","..","..","..","..","..","..","..","..","..","..","..","..","..","..","..","..","..","..","..","..","..","..","..","..","..","..","..","..","..","..","-0.35","-0.45","-0.69","-0.73","..","..",".."
"Guatemala","","..","..","..","..","..","..","..","..","..","..","..","..","..","..","..","..","..","..","..","..","..","..","..","..","..","..","..","..","..","..","..","..","..","..","..","..","..","..","..","..","..","..","..","..","..","..","..","..","..","..","..","..","..",".."
"Guinea","","..","..","..","..","..","..","..","..","..","..","..","..","..","..","..","..","..","..","..","..","..","1.22","2.23","0.67","-0.39","2.18","2.08","0.22","-1.57","-1.58","-1.51","-0.88","3.87","-0.96","-1.06","-1.24","-1.28","..","..","..","..","..","..","..","..","..","..","..","-1.6","-1.57","-6.27","..","..",".."
"Guinea-Bissau","","..","..","..","..","..","..","..","..","..","..","..","..","..","..","..","..","..","..","..","..","..","..","..","..","..","..","..","..","..","..","..","..","..","..","..","..","..","..","..","..","..","..","..","..","..","..","..","..","..","..","..","..","..",".."
"Guyana","","..","..","..","..","..","..","..","..","..","..","..","..","..","..","..","..","..","..","..","..","..","..","..","..","..","..","..","..","..","..","..","..","..","..","..","..","..","..","..","..","..","..","..","..","..","..","..","..","-0.75","-0.91","-0.93","..","..",".."
"Haiti","","..","..","..","..","..","..","..","..","..","..","..","..","..","..","..","..","..","..","..","..","..","..","..","..","..","..","..","..","..","..","..","..","..","..","..","..","..","..","..","..","..","..","..","..","..","..","..","..","-0.34","-0.33","..","..","6.11","1.56"
"Honduras","","..","..","..","..","..","..","..","..","..","..","..","..","..","..","..","..","..","..","..","..","..","..","..","..","..","..","..","..","..","..","..","..","..","..","..","..","..","..","..","..","..","..","..","..","..","..","..","..","..","..","..","..","..",".."
"Hong Kong, China","","..","..","..","..","..","..","..","..","..","..","..","..","..","..","..","..","..","..","..","..","..","..","..","..","..","..","..","..","..","..","..","..","..","..","..","..","..","..","..","..","..","..","..","..","..","..","..","..","..","..","..","..","..",".."
"India","","..","..","..","..","..","..","..","..","..","..","..","..","..","..","..","..","..","..","..","..","..","..","..","..","..","..","..","..","..","..","..","..","..","..","..","..","..","..","2.94","..","..","..","-0.44","-1.99","-2.31","-2.45","-2.6","-2.99","-3.33","101.23","144.29","-3.81","-3.75","-4.09"
"Indonesia","","..","..","..","..","..","..","..","..","..","..","..","..","..","..","..","..","..","..","..","..","..","..","..","..","..","..","..","..","..","..","..","..","..","..","..","..","..","7.91","..","13.45","11.36","4.98","-0.32","110.03","2.01","-16.53","4.1","-10.93","22.03","-9.82","-22.97","-17.35","-13.54","-13.9"
"Iran","","..","..","..","..","..","..","..","..","..","..","..","..","..","..","..","..","..","..","..","..","..","..","..","..","..","..","..","..","..","..","..","..","..","..","..","..","..","..","..","..","..","..","..","..","..","..","..","..","..","..","..","..","..",".."
"Jamaica","","..","..","..","..","..","..","..","..","..","..","..","..","..","..","..","..","..","..","..","..","..","..","..","..","..","1.31","0.34","0.48","6.7","6.76","6.64","0.99","2.67","0.76","-0.09","-0.37","-0.38","-0.37","-0.39","-0.4","..","..","..","1.68","1.6","..","..","-1.83","-8.75","-12.44","30.61","36.01","17.29","-0.16"
"Jordan","","..","..","..","..","..","..","..","..","..","..","..","..","..","..","..","..","..","..","..","0.81","1.52","4.79","6.47","5.44","2.92","3.98","2.31","1.71","3.25","15.99","6.31","1.12","15.82","2.2","-5.56","-6.36","-0.83","0.78","61.89","-5.71","34.35","-2.7","17.29","3.36","-5.54","99.99","11.05","-26.18","-10.5","57.43","-7.77","-4.38","67.73","20.3"
"Kazakstan","","..","..","..","..","..","..","..","..","..","..","..","..","..","..","..","..","..","..","..","..","..","..","..","..","..","..","..","..","..","..","..","..","..","26.65","18.19","..","..","..","..","..","..","..","..","..","..","..","..","..","..","..","..","..","..",".."
"Kenya","","..","..","..","..","..","..","..","..","..","..","..","..","..","..","..","..","..","2.06","19.02","14.01","7.21","11.54","3.17","-0.66","1.76","-3.57","-2.02","-5.6","-3.37","23.52","21.5","8.32","17.82","-4.06","-3.34","-3.02","-1.47","-1.42","..","..","..","..","-0.43","-0.46","1.23","6.61","3.93","-34.76","-14.93","19.91","37.06","-4.78","45.91","4.17"
"Kiribati","","..","..","..","..","..","..","..","..","..","..","..","..","..","..","..","..","..","..","..","..","..","7.94","..","..","..","..","..","..","..","..","..","..","..","..","..","..","..","..","..","..","..","..","..","..","..","..","..","..","-0.22","-0.21","-0.33","..","..",".."
"Korea","","..","..","..","..","..","..","..","..","..","..","..","..","..","..","..","..","..","..","..","..","..","..","..","..","..","..","..","..","..","..","..","..","..","..","..","..","..","..","..","..","..","..","..","..","..","..","..","..","..","..","..","..","..",".."
"Korea, Dem. Rep.","","..","..","..","..","..","..","..","..","..","..","..","..","..","..","..","..","..","..","..","..","..","..","..","..","..","..","..","..","..","..","..","..","..","..","..","..","..","..","..","..","..","..","..","..","..","..","..","..","..","..","..","..","..",".."
"Kosovo","","..","..","..","..","..","..","..","..","..","..","..","..","..","..","..","..","..","..","..","..","..","..","..","..","..","..","..","..","..","..","..","..","..","..","..","..","..","..","..","..","..","..","..","..","..","..","..","..","..","..","..","..","..",".."
"Kyrgyz Republic","","..","..","..","..","..","..","..","..","..","..","..","..","..","..","..","..","..","..","..","..","..","..","..","..","..","..","..","..","..","..","..","..","..","24.95","1.66","..","..","..","..","..","..","..","..","..","..","..","..","..","..","..","..","..","..",".."
"Laos","","..","..","..","..","..","..","..","..","..","..","..","..","..","..","..","..","..","..","..","..","..","..","..","..","..","..","..","..","..","..","..","..","..","..","..","..","..","..","..","..","..","..","..","..","..","21.42","23.87","..","..","..","-52.37","-0.28","-0.63",".."
"Lebanon","","..","..","..","..","..","..","..","..","..","..","..","..","..","..","..","..","..","..","..","9.59","18.14","5.62","4.39","1.94","-2.58","..","-5.02","-6.46","-6.66","-5.32","-2.91","-2.49","..","8.27","22.03","32.48","2.61","77.42","13.97","35.87","42.87","-1.43","-11.33","27.5","-13.32","-29.79","39.73","-24.79","141.39","28.86","44.33","-51.15","-13.92","-34.57"
"Lesotho","","..","..","..","..","..","..","..","..","..","..","..","..","..","..","..","..","..","..","..","..","..","..","..","..","..","..","..","..","..","..","..","..","..","..","..","..","..","..","..","..","14.37","9.85","..","25.43","1.06","-3.13","-3.09","-3.63","-3.83","-2.03","-11.06","29.88","16.1","17.46"
"Liberia","","..","..","..","..","..","..","..","..","..","..","..","..","..","..","..","..","..","..","..","5.45","2.95","1.38","-0.48","-0.77","-0.8","0.87","-1.18","-1.15","-1.02","-0.86","-1.01","-1.06","..","-0.73","-0.31","-0.35","-0.18","..","..","..","..","..","..","..","..","..","..","..","0.91","0.37","0.23","..","-2.4","-1.99"
"Macao","","..","..","..","..","..","..","..","..","..","..","..","..","..","..","..","..","..","..","..","..","..","..","..","..","..","..","..","..","..","..","..","..","..","..","..","..","..","..","..","..","..","..","..","..","..","..","..","..","..","..","..","..","..",".."
"Madagascar","","..","..","..","..","..","..","..","..","..","..","..","..","..","..","..","..","..","..","..","..","..","..","..","..","..","..","..","..","..","..","..","..","..","..","..","..","..","..","..","..","..","..","..","-0.74","-0.08","..","..","-1.39","140.11","68.92","27.27","..","..","-17.41"
"Malawi","","..","..","..","..","..","..","..","..","..","..","..","..","..","..","..","..","..","..","3.89","4.87","4.33","1.34","-0.48","-0.69","-1.18","-0.39","-1.75","-0.07","-1.39","0.08","0.13","5.63","0.61","-0.34","-0.63","-0.37","-0.42","-0.41","-0.11","-0.11","5.88","-0.11","-0.12","-0.14","-0.43","-0.59","-0.53","-0.53","-9.7","6.09","0.68","-1.07","-1.5","-2.3"
"Malaysia","","..","..","..","..","..","..","..","..","..","..","..","..","..","..","..","..","..","..","..","..","..","..","..","..","..","..","..","..","..","..","..","..","..","..","..","..","..","..","..","..","..","..","..","..","..","..","..","..","..","..","..","..","..",".."
"Maldives","","..","..","..","..","..","..","..","..","..","..","..","..","..","..","..","..","..","..","..","..","..","..","..","..","..","..","..","..","..","..","..","..","..","..","..","..","..","..","..","..","..","..","..","..","..","..","19.02","25.6","21.72","-2.22","-4.33","-6.25","-7.26","-7.29"
"Mali","","..","..","..","..","..","..","..","..","..","..","..","..","..","..","..","..","..","..","..","..","..","..","..","..","..","..","..","..","..","..","..","..","..","..","..","..","..","..","..","..","..","..","5.37","..","..","..","..","..","-0.3","-0.29","-0.72","..","..",".."
"Malta","","..","..","..","..","..","..","..","..","..","..","..","..","..","..","..","..","..","..","..","..","..","..","-0.22","-0.44","-0.4","..","-0.56","4.61","-0.11","7.82","9.06","21.92","1.1","-3.03","-3.86","-26.92","-12.43","-0.86","-0.91","-1.01","-1.05","-1.03","-1.13","..","..","..","..","..","..","..","..","..","..",".."
"Marshall Islands","","..","..","..","..","..","..","..","..","..","..","..","..","..","..","..","..","..","..","..","..","..","..","..","..","..","..","..","..","..","..","..","..","..","..","..","..","..","..","..","..","..","..","..","..","..","..","..","..","..","..","..","..","..",".."
"Mauritania","","..","..","..","..","..","..","..","..","..","4.52","6.6","..","-1.43","-1.64","..","..","..","..","..","..","..","4.72","8.72","6.36","1.31","0.71","-1.99","-2.45","-2.7","-2.71","-3.26","-3.45","2.99","-4.01","-4.49","..","..","..","..","..","..","..","10.09","7.32","4.67","..","..","21.35","-11.52","-10.82","1","..","38.42","30.62"
"Mauritius","","..","..","..","..","..","..","..","..","..","..","..","..","..","..","..","..","1.1","2.59","0.75","0.04","0.87","1.56","0.78","4.33","-0.04","0.22","-0.07","0.55","7.67","3.35","5.69","-0.59","4.33","-1.15","-1.32","-0.82","-0.88","-0.82","-0.88","-0.45","..","..","..","..","11.68","..","4.63","10.15","10.4","16.85","19.34","-24.54","-13.36","-9.46"
"Mayotte","","..","..","..","..","..","..","..","..","..","..","..","..","..","..","..","..","..","..","..","..","..","..","..","..","..","..","..","..","..","..","..","..","..","..","..","..","..","..","..","..","..","..","..","..","..","..","..","..","-0.23","-0.23","-0.44","..","..",".."
"Mexico","","..","..","..","..","..","..","..","..","..","..","..","..","..","..","..","..","..","..","..","..","..","..","..","..","..","..","..","..","..","..","..","..","..","..","..","..","..","56.17","..","-3.71","12.85","-32.39","..","-0.73","-0.73","4.62","83.22","-2.24","-31.74","-31.4","95.32","-4.62","-4.67","-4.6"
"Micronesia","","..","..","..","..","..","..","..","..","..","..","..","..","..","..","..","..","..","..","..","..","..","..","..","..","..","..","..","..","..","..","..","..","..","..","..","..","..","..","..","..","..","..","..","..","..","..","..","..","..","..","..","..","..",".."
"Moldova","","..","..","..","..","..","..","..","..","..","..","..","..","..","..","..","..","..","..","..","..","..","..","..","..","..","..","..","..","..","..","..","..","..","..","..","..","..","..","..","..","..","..","..","..","..","..","..","..","1.19","10.58","5.55","6.95","..",".."
"Mongolia","","..","..","..","..","..","..","..","..","..","..","..","..","..","..","..","..","..","..","..","..","..","..","..","..","..","..","..","..","..","..","..","..","..","..","..","..","..","..","..","..","..","..","..","..","..","..","..","..","..","..","..","..","..",".."
"Montenegro","","..","..","..","..","..","..","..","..","..","..","..","..","..","..","..","..","..","..","..","..","..","..","..","..","..","..","..","..","..","..","..","..","..","..","..","..","..","..","..","..","..","..","..","..","..","..","..","..","5.77","54.72","72.65","-1.86","-2.15","-0.59"
"Montserrat","","..","..","..","..","..","..","..","..","..","..","..","..","..","..","..","..","..","..","..","..","..","..","..","..","..","..","0.41","0.33","0.13","-0.05","-0.06","-0.06","..","-0.06","-0.07","-0.08","-0.08","-0.08","-0.09","-0.09","-0.05","..","..","..","..","..","..","..","..","..","..","..","..",".."
"Morocco","","..","..","..","..","..","..","..","..","..","..","..","..","..","..","..","..","..","..","..","..","3.44","7.68","14.02","23.36","10.34","23.29","18.01","12.98","5.38","22.04","2.47","40.38","8.82","-4.71","17.11","32.16","90.59","122.35","73.05","3.95","-16.64","-19","128.49","80.5","57.2","159.1","121.51","90.32","95.29","255.5","156.76","-134.61","-52.24","-125.65"
"Mozambique","","..","..","..","..","..","..","..","..","..","..","..","..","..","..","..","..","..","..","..","..","..","..","..","..","..","..","..","..","..","..","..","..","..","..","..","..","..","..","..","14.01","22.03","..","2.85","-2.06","95.68","-2.36","-2.57","1.64","-15.43","1.75","19.97","-8.71","-8.22","-11.05"
"Myanmar (Burma)","","..","..","..","..","..","..","..","..","..","..","..","..","..","..","..","..","..","..","..","..","..","..","..","..","..","..","..","..","..","..","..","..","..","..","..","..","..","..","..","..","..","..","..","..","..","..","..","..","..","..","..","..","..",".."
"Namibia","","..","..","..","..","..","..","..","..","..","..","..","..","..","..","..","..","..","..","..","..","..","..","..","..","..","..","..","..","..","..","..","..","..","..","..","..","..","..","..","..","..","..","..","..","..","..","..","-10.97","-12.11","46.53","95.11","..","-2.74","-33.06"
"Nauru","","..","..","..","..","..","..","..","..","..","..","..","..","..","..","..","..","..","..","..","..","..","..","..","..","..","..","..","..","..","..","..","..","..","..","..","..","..","..","..","..","..","..","..","..","..","..","..","..","..","..","..","..","..",".."
"Nepal","","..","..","..","..","..","..","..","..","..","..","..","..","..","..","..","..","..","..","..","..","..","..","..","..","..","..","..","..","..","..","..","..","..","..","..","..","..","..","..","..","..","..","..","..","..","..","..","..","..","..","..","..","..",".."
"Netherlands Antilles","","..","..","..","..","..","..","..","..","..","..","..","..","..","..","..","..","..","..","..","..","..","..","..","..","..","..","..","0.24","6.61","1.02","2.97","-0.71","2.37","-1.71","-1.26","-1.4","-1.38","-1.36","-1.35","-0.89","..","..","..","..","..","..","..","..","..","..","..","..","..",".."
"New Caledonia","","..","..","..","..","..","..","..","..","..","..","..","..","-0.05","-0.29","..","..","5.14","-0.31","-0.37","-0.7","0.5","1.17","2.36","0.05","..","..","-1.08","-1.11","-0.86","-0.51","-0.63","-0.67","..","-0.78","-0.88","-1.08","-1.1","-1.04","-0.54","..","..","..","..","..","..","..","..","..","..","..","..","..","..",".."
"Nicaragua","","..","..","..","..","..","..","..","..","..","..","..","..","..","..","..","..","..","..","..","..","..","..","..","..","..","..","..","..","..","..","..","..","..","..","..","..","..","..","..","..","..","..","..","..","..","..","..","..","..","..","..","3.85","10.69","12.62"
"Niger","","..","..","..","..","..","..","..","..","..","..","..","..","..","..","..","..","..","..","..","1.04","2.26","2.65","0.92","5.94","0.44","..","-1.07","-1.32","-1.43","-1.11","-1.38","-1.44","..","-1.66","-1.86","-1.19","-1.27","..","..","..","..","..","..","..","4.01","..","..","2.81","1.42","0.16","-2.45","-0.78","1.42","-1.48"
"Nigeria","","..","..","..","..","..","..","..","..","..","..","..","..","..","..","..","..","..","..","..","2.81","3.86","0.99","10.07","3.73","4.39","4.96","9.45","19.89","-6.86","-5.73","2.18","16.2","64.91","-5.22","-12.18","-13.79","-18.76","-13.85","-7.89","-5.2","-5.26","-5.48","-5.74","-4.62","..","..","75.12","105.96","-115.86","-23.2","-36.69","-19.6","-2.88","78.43"
"Northern Marianas","","..","..","..","..","..","..","..","..","..","..","..","..","..","..","..","..","..","..","..","..","..","..","..","..","..","..","..","..","..","..","..","..","..","..","..","..","..","..","..","..","..","..","..","..","..","..","..","..","..","..","..","..","..",".."
"Oman","","..","..","..","..","..","..","..","..","..","..","..","..","..","..","..","..","..","..","..","..","..","..","..","..","..","..","..","..","..","..","..","..","..","..","..","..","..","..","..","..","..","..","..","..","..","..","..","..","..","..","..","..","..",".."
"Pakistan","","..","..","..","..","..","..","..","..","..","..","..","..","..","..","..","..","..","..","..","..","..","..","..","..","..","..","..","..","..","..","..","..","..","..","..","..","..","..","..","..","..","..","5.49","0.34","53.32","-0.89","47.67","-1.78","-9.74","-12.67","-16.1","-16","-16.04","-7.32"
"Palau","","..","..","..","..","..","..","..","..","..","..","..","..","..","..","..","..","..","..","..","..","..","..","..","..","..","..","..","..","..","..","..","..","..","..","..","..","..","..","..","..","..","..","..","..","..","..","..","..","..","..","..","..","..",".."
"Panama","","..","..","..","..","..","..","..","..","..","..","..","..","..","..","..","..","..","..","..","..","..","..","..","..","..","..","..","..","..","..","..","..","..","..","..","..","..","..","57.99","..","-2.26","27.49","8.5","-7.24","40.46","-9.46","-63.5","..","..","149.92","144.71","-4.67","-3.46","392.3"
"Papua New Guinea","","..","..","..","..","..","..","..","..","..","..","..","..","..","..","..","..","..","..","..","2.47","3.62","1.65","0.73","1.57","-0.61","..","20.23","1.63","1.45","-0.11","5","4.7","8.62","-2.72","-1.52","-2.71","-3.1","-1.77","-1.58","-1.6","-1.21","-1.32","-1.42","-1.65","-4.95","..","..","-3.7","-0.48","-0.5","-1.54","..","..",".."
"Paraguay","","..","..","..","..","..","..","..","..","..","..","..","..","..","..","..","..","..","..","..","..","..","..","..","..","..","..","..","..","..","..","..","..","..","..","..","..","..","..","..","..","..","..","..","..","..","..","..","..","46.2","..","49.13","-5.18","-10.13","-19.96"
"Peru","","..","..","..","..","..","..","..","..","..","..","..","..","..","..","..","..","..","..","..","..","..","..","..","..","..","..","..","..","..","..","..","..","..","..","..","32.55","2.02","..","..","..","-1.19","-1.36","-6.21","-6.43","-6.37","-6.26","29.83","62.98","15.04","-7.11","-12.31","-32.61","-20.16","-20.36"
"Philippines","","..","..","..","..","..","..","..","..","..","..","..","..","..","..","..","..","..","..","..","..","..","..","..","..","..","..","..","..","..","..","..","..","..","..","..","11.25","17.38","-0.3","8.08","55.36","0.25","74.97","-2.45","-0.37","-6.66","-10.77","-71.03","2.68","-3.26","48.14","-19.22","-14.96","-3.15","-4.06"
"Rwanda","","..","..","..","..","..","..","..","..","..","..","..","..","..","..","..","..","..","..","..","..","..","..","..","..","..","..","..","..","..","..","..","..","..","..","..","..","..","..","..","..","..","..","1.08","4.81","0.9","..","..","0.65","0.89","3.7","-0.99","2.63","-0.52","-2.83"
"Samoa","","..","..","..","..","..","..","..","..","..","..","..","..","..","..","..","..","..","..","..","..","..","..","..","..","..","..","..","..","..","..","..","..","..","..","..","..","..","..","..","..","..","..","0.47","2.82","1.24","..","..","-0.53","-0.85","-0.78","-1.29","..","..",".."
"Sao Tome & Principe","","..","..","..","..","..","..","..","..","..","..","..","..","..","..","..","..","..","..","..","..","..","..","..","..","..","..","..","..","..","..","..","..","..","..","..","..","..","..","..","..","..","..","..","..","..","..","..","..","-0.31","-0.3","-0.29","..","..",".."
"Senegal","","..","..","..","..","..","..","..","..","..","0.52","-0.05","-0.24","0.37","0.43","0.18","..","..","-0.51","-0.6","-0.19","-0.19","-0.17","4.77","20.17","1.74","0.58","-2.09","-3.22","-3.62","-3.68","-4.32","-3.93","3.12","6.42","-4.7","-5.28","-3.02","-2.02","-1.22","..","..","..","3.59","10.46","4.71","..","..","-13.92","-16.78","-7.24","-6.61","..","..",".."
"Serbia","","..","..","..","..","..","..","..","..","..","..","..","..","..","..","..","..","..","..","..","..","..","..","..","..","..","..","..","..","..","..","..","..","..","..","..","..","..","..","..","..","..","..","..","74.17","92.79","130.24","166.08","185.83","252.05","228.98","365.94","-72.76","-61.62","-53.66"
"Seychelles","","..","..","..","..","..","..","..","..","..","..","..","..","..","..","..","..","..","..","..","..","..","..","..","..","..","..","..","..","..","..","0.82","0.15","0.77","..","..","..","..","..","..","..","..","..","..","..","..","..","..","..","-0.44","-0.42","..","..","..",".."
"Sierra Leone","","..","..","..","..","..","..","..","..","..","..","..","..","..","..","..","..","..","..","..","..","..","..","..","..","..","..","..","..","..","..","..","..","..","..","..","..","..","..","..","..","..","..","..","..","..","..","..","..","..","..","..","..","..",".."
"Singapore","","..","..","..","..","..","..","..","..","..","..","..","..","..","..","..","..","..","..","..","..","..","..","..","..","..","..","..","..","..","..","..","..","..","..","..","..","..","..","..","..","..","..","..","..","..","..","..","..","..","..","..","..","..",".."
"Slovenia","","..","..","..","..","..","..","..","..","..","..","..","..","..","..","..","..","..","..","..","..","..","..","..","..","..","..","..","..","..","..","..","..","..","..","1.19","..","33.41","3.66","50.03","15.84","46.06","15.32","91.57","..","..","..","..","..","..","..","..","..","..",".."
"Solomon Islands","","..","..","..","..","..","..","..","..","..","..","..","..","..","..","..","..","..","..","..","..","..","..","..","..","..","..","..","..","..","..","..","..","..","-0.02","..","..","..","..","..","..","..","..","..","..","..","..","..","1.96","1.44","..","..","-3.43","..",".."
"Somalia","","..","..","..","..","..","..","..","..","..","..","..","..","..","..","..","..","..","..","..","..","..","..","..","..","..","..","..","..","..","..","..","..","..","..","..","..","..","..","..","..","..","..","..","..","..","..","..","..","..","..","..","..","..",".."
"South Africa","","..","..","..","..","..","..","..","..","..","..","..","..","..","..","..","..","..","..","..","..","..","..","..","..","..","..","..","..","..","..","..","..","..","..","..","..","41.3","77.12","84.82","188.15","91.02","80.48","133.92","82.42","56.23","88.47","29.17","19.54","30.12","53.09","91.6","275.67","-57.3","-37.74"
"South Sudan","","..","..","..","..","..","..","..","..","..","..","..","..","..","..","..","..","..","..","..","..","..","..","..","..","..","..","..","..","..","..","..","..","..","..","..","..","..","..","..","..","..","..","..","..","..","..","..","..","..","..","..","..","..",".."
"Sri Lanka","","..","..","..","..","..","..","..","..","..","..","..","..","..","..","..","..","..","..","..","..","..","..","..","..","..","..","..","..","..","..","..","..","..","..","..","..","..","..","..","..","..","..","..","5.6","24.93","18.37","32.63","40.55","25.62","17.4","6.62","-6.72","20.96","-14.12"
"St. Helena","","..","..","..","..","..","..","..","..","..","..","..","..","..","..","..","..","..","..","..","..","..","..","..","..","..","..","..","..","..","..","..","..","..","..","..","..","..","..","..","..","..","..","..","..","..","..","..","..","..","..","..","..","..",".."
"St. Kitts-Nevis","","..","..","..","..","..","..","..","..","..","..","..","..","..","..","..","..","..","..","..","..","..","..","..","..","..","..","..","..","..","..","..","..","..","-0.09","-0.11","..","..","..","..","..","..","..","0.14","0.28","0.33","..","..","-0.55","-0.57","-0.07","-0.75","..","..",".."
"St. Lucia","","..","..","..","..","..","..","..","..","..","..","..","..","..","..","..","..","..","..","..","..","..","0.71","..","..","..","..","..","..","..","..","3.83","1.53","1.91","-0.09","-0.11","..","..","..","..","..","..","..","..","..","..","..","..","4.2","-1.08","-1.74","-1.6","..","..",".."
"St.Vincent & Grenadines","","..","..","..","..","..","..","..","..","..","..","..","..","..","..","..","..","..","..","..","..","..","..","..","..","..","..","..","..","..","..","..","3.43","0.08","..","..","..","..","..","..","..","2.88","..","..","..","..","4.24","2.85","1.33","-0.32","-0.35","-1.47","-0.61","-0.76","-0.77"
"Sts Ex-Yugo. Unspec.","","..","..","..","..","..","..","..","..","..","..","..","..","..","..","..","..","..","..","..","24.67","14.98","11.31","3.96","-3.58","18.36","..","54.25","33.21","4.18","51.62","149.2","33.27","53.44","10.36","-20.57","-24.14","-29.74","-29.35","-31.83","-7.91","-8.19","-59.39","..","..","..","..","..","..","..","..","..","..","..",".."
"Sudan","","..","..","..","..","..","..","..","..","..","..","..","..","..","..","..","..","..","..","..","..","..","..","..","..","..","..","..","..","..","..","..","..","..","..","..","..","..","..","..","..","..","..","..","..","..","..","..","..","..","..","..","..","..",".."
"Suriname","","..","..","..","..","..","..","..","..","..","..","..","..","..","..","..","..","..","..","..","..","..","..","..","..","..","..","..","..","..","..","..","..","..","..","..","..","..","..","..","2","1.95","..","-0.37","-0.37","-0.4","-2.85","..","..","..","..","..","..","..",".."
"Swaziland","","..","..","..","..","..","..","..","..","..","..","..","..","..","..","..","..","..","..","..","5.77","8.6","..","2.74","1.81","-0.47","-1.36","-2.29","-2.85","-3.09","-3.03","4.39","-0.29","..","-1.45","-1.59","-1.88","-1.92","-0.75","-0.76","-0.82","..","..","2.19","0.54","9.48","-1.58","-1.52","10.68","-4.54","-1.63","-5.38","..","..",".."
"Syria","","..","..","..","..","..","..","..","..","..","..","..","..","..","..","..","..","..","..","..","..","..","..","1.61","7.95","3.56","13.35","3.41","9.01","27.4","0.45","-6.25","-6.62","1.3","-7.16","-8.01","-9.25","-9.63","-9.41","-10.05","-8.08","..","..","..","..","74.49","48.89","96.92","163.45","109.6","286.84","45.6","-71.48","-70.25",".."
"Tajikistan","","..","..","..","..","..","..","..","..","..","..","..","..","..","..","..","..","..","..","..","..","..","..","..","..","..","..","..","..","..","..","..","..","8.67","55.99","..","..","..","..","..","..","..","..","..","..","..","..","..","..","..","..","..","..","..",".."
"Tanzania","","..","..","..","..","..","..","..","..","..","..","..","..","..","..","..","..","..","..","..","..","..","0.38","0.61","-0.11","-0.1","..","-0.16","-0.2","-0.21","-0.21","..","..","..","..","..","..","..","..","..","..","..","..","..","..","..","..","..","..","1.09","-9.87","-8.98","..","..","34.44"
"Thailand","","..","..","..","..","..","..","..","..","..","..","..","..","..","..","..","..","..","..","..","..","..","..","..","..","..","..","..","..","..","..","..","..","..","..","..","8.13","35.49","26.03","-0.86","-1.73","25.68","28.8","-59.59","-2.57","-2.36","-3.46","-5.37","-4.75","-4.91","-5.64","-5.25","-4.73","-7.42","-11.13"
"Timor-Leste","","..","..","..","..","..","..","..","..","..","..","..","..","..","..","..","..","..","..","..","..","..","..","..","..","..","..","..","..","..","..","..","..","..","..","..","..","..","..","..","..","..","..","..","..","..","..","..","..","..","..","..","..","..",".."
"Togo","","..","..","..","..","..","..","..","..","..","..","..","..","..","..","..","..","..","..","8.64","9.35","12.41","-0.9","0.01","-0.76","-1.6","-2.02","-2.2","-3.42","-3.64","-3.72","-4.47","-2.55","..","-0.28","-0.31","-0.37","-0.37","-0.36","-0.39","-0.41","-0.41","-0.42","..","..","..","..","..","..","..","..","..","..","-1.3","-1.34"
"Tonga","","..","..","..","..","..","..","..","..","..","..","..","..","..","..","..","..","..","..","..","..","..","..","..","..","..","..","..","..","..","..","..","0.55","0.58","..","..","..","..","..","..","..","..","..","..","..","..","..","..","-0.39","-0.19","..","-0.07","..","..",".."
"Trinidad & Tobago","","..","..","..","..","..","..","..","..","..","..","..","..","..","..","..","..","..","..","..","5.62","0.74","3.57","0.04","0.18","2.34","..","8.09","5.2","-1.32","0.5","6.67","-4.31","9.2","-2.95","-3.34","-2.68","-1.82","-1.81","..","-1.35","-1.31","..","..","..","..","..","..","-2.43","-8.04","-0.19","-1.37","..","..",".."
"Tunisia","","..","..","..","..","..","..","..","..","..","..","..","..","..","..","..","..","..","..","..","..","15.36","38.56","6.52","2.05","1.52","4.46","10.61","13.88","16.48","16.73","33.96","26.01","16.25","28.26","13.79","16.02","29.18","17.47","15.26","-4.62","-9.11","-9.23","216.35","61.97","142.44","44.47","146.08","408.4","111.31","239.06","309.1","-123.34","-120.22","-132.22"
"Turkey","","..","..","..","..","..","..","..","..","..","34.51","26.17","25.55","14.29","38.04","29.63","23.3","..","1.8","7.2","-1.56","16.46","26.26","20.46","3.04","-0.83","47.84","-8.63","-7.88","-8.64","-8.94","-11.26","-12.24","0","-15.16","-14.95","-6.42","8.69","104.34","50.41","31.48","-3.82","124.11","233.24","384.93","666.58","221.39","947.85","2641.41","2626.44","1819.42","2339.12","-309.38","-484.16","-498.4"
"Turkmenistan","","..","..","..","..","..","..","..","..","..","..","..","..","..","..","..","..","..","..","..","..","..","..","..","..","..","..","..","..","..","..","..","..","..","51.92","0.59","..","..","..","..","..","..","..","..","..","..","..","..","..","..","..","..","..","..",".."
"Turks & Caicos Islands","","..","..","..","..","..","..","..","..","..","..","..","..","..","..","..","..","..","..","..","..","..","..","..","..","..","..","..","..","..","..","..","..","..","..","..","..","..","..","..","..","..","..","0.32","..","..","..","..","..","..","..","..","..","..",".."
"Uganda","","..","..","..","..","..","..","..","..","..","..","..","..","..","..","..","..","..","..","..","..","..","..","..","..","..","..","..","..","..","..","..","..","..","-0.89","-0.98","..","..","..","..","..","5.99","..","-0.8","-4.62","0.53","-4.02","..","0.63","28.9","41.32","16.48","-0.59","37.11","10.19"
"Ukraine","","..","..","..","..","..","..","..","..","..","..","..","..","..","..","..","..","..","..","..","..","..","..","..","..","..","..","..","..","..","..","..","..","..","..","..","..","..","..","..","..","..","..","..","..","..","..","..","..","..","94.69","105.96","..","..","134.05"
"Uruguay","","..","..","..","..","..","..","..","..","..","..","..","..","..","..","..","..","..","..","..","..","..","..","..","..","..","..","..","..","..","..","..","..","..","..","..","..","..","..","11.21","..","..","..","..","-2.08","-2.14","-2.26","-2.11","11.31","15.78","7.3","-3.49","-3.52","-4.08","-4.72"
"Uzbekistan","","..","..","..","..","..","..","..","..","..","..","..","..","..","..","..","..","..","..","..","..","..","..","..","..","..","..","..","..","..","..","..","..","..","..","..","..","..","..","..","..","..","..","..","..","..","..","..","..","..","..","..","..","..",".."
"Vanuatu","","..","..","..","..","..","..","..","..","..","..","..","..","..","..","..","..","..","..","..","..","..","..","..","..","..","..","..","..","..","..","..","..","..","..","..","..","..","..","..","..","..","..","..","..","..","..","..","..","-0.59","5.4","-0.74","..","..",".."
"Venezuela","","..","..","..","..","..","..","..","..","..","..","..","..","..","..","..","..","..","..","..","..","..","..","..","..","..","..","..","..","..","..","..","..","..","..","..","..","..","..","..","..","..","..","..","..","..","..","..","..","..","..","..","..","..",".."
"Vietnam","","..","..","..","..","..","..","..","..","..","..","..","..","..","..","..","..","..","..","..","..","..","..","..","..","..","..","..","..","..","..","..","..","..","..","..","..","..","..","..","..","..","..","..","67.21","-4.58","-5.06","30.33","8.56","37.44","13.08","70.64","-18.67","-18.74","-19.16"
"Virgin Islands (UK)","","..","..","..","..","..","..","..","..","..","..","..","..","..","..","..","..","..","..","..","..","..","..","..","..","..","..","..","..","..","..","..","0.45","2.03","..","..","..","..","..","..","..","..","..","..","..","..","..","..","..","..","..","..","..","..",".."
"Wallis & Futuna","","..","..","..","..","..","..","..","..","..","..","..","..","..","..","..","..","..","..","..","..","..","..","..","..","..","..","..","..","..","..","..","..","..","..","..","..","..","..","..","..","..","..","..","..","..","..","..","..","..","..","..","..","..",".."
"West Bank & Gaza Strip","","..","..","..","..","..","..","..","..","..","..","..","..","..","..","..","..","..","..","..","..","..","..","..","..","..","..","..","..","..","..","..","..","..","..","..","..","..","..","..","11.72","39.24","0.93","-30.33","-13.17","-0.5","-0.53","..","-0.45","-1.8","-4.33","-13.5","-0.78","-0.84","-0.45"
"Yemen","","..","..","..","..","..","..","..","..","..","..","..","..","..","..","..","..","..","..","..","..","..","..","..","..","..","..","..","..","..","..","..","..","..","..","..","..","..","..","..","..","..","..","..","..","..","..","..","..","..","..","..","..","..",".."
"Zambia","","..","..","..","..","..","..","..","..","..","..","..","..","..","..","..","..","..","..","..","..","2.95","4.92","5.47","2.37","-1.07","17.08","-3.31","-4.51","-4.92","-4.92","-5.35","-3.69","..","-2.47","-2.71","-3.07","-3.38","..","..","..","..","..","..","13.18","39.34","..","..","74.49","4.87","-97.55","-110.57","-22.5","-0.38","-0.79"
"Zimbabwe","","..","..","..","..","..","..","..","..","..","..","..","..","..","..","..","..","..","..","..","..","..","..","..","..","..","8.87","8.14","0.87","11.31","9.82","12.04","9.35","10.97","1.4","4.13","-3.15","-3.27","-3.01","-1.73","-3.75","-0.7","..","..","-0.45","..","..","..","-8.92","-7.04","-5.35","-2.23","..","..",".."
"North of Sahara, regional","","..","..","..","..","..","..","..","..","..","..","..","..","..","..","..","..","..","..","..","..","..","..","..","..","..","..","..","..","..","..","..","..","..","..","..","..","..","..","..","..","..","..","..","..","..","..","..","..","12.12","..","1.61","..","..",".."
"South of Sahara, regional","","..","..","..","..","..","..","..","..","..","..","..","..","..","..","..","..","..","..","..","..","..","..","..","..","1.36","..","2.53","-1.4","-0.46","-0.46","5.71","4.89","2.25","..","..","..","..","..","..","..","..","..","..","..","..","6.21","13.53","69.58","40.85","21.83","25.57","61.74","-17.75",".."
"Africa, regional","","..","..","..","..","..","..","..","..","..","..","..","..","..","..","..","..","..","..","..","..","..","..","..","..","..","0.21","..","..","..","..","..","..","..","0.57","2.43","10.48","..","..","..","..","..","..","..","..","..","..","..","..","..","..","24.23","..","32.08","16.44"
"N. & C. America, regional","","..","..","..","..","..","..","..","..","..","..","..","..","..","..","..","..","..","..","..","..","..","..","0.94","0.79","-0.77","..","..","..","..","..","-0.25","..","..","..","..","..","..","..","..","..","16.66","10.48","2.87","-3.53","2.99","5.77","-2.92","-7.54","-1.8","-3.12","11.02","-3.06","-1.11","-1.1"
"South America, regional","","..","..","..","..","..","..","..","..","..","..","..","..","..","..","..","..","..","..","..","..","..","..","..","..","..","..","..","..","..","..","..","..","..","..","..","..","..","..","..","12.62","..","..","..","..","..","..","..","..","..","..","..","..","..","-1.3"
"America, regional","","..","..","..","..","..","..","..","..","..","..","..","..","..","..","..","..","..","..","..","..","..","..","..","..","..","..","..","..","..","..","..","..","..","..","..","..","..","..","..","..","..","..","-0.99","-2.22","-3.6","-3.88","-3.69","12.59","50.51","6.68","13.86","-2.56","-9.63","-8.93"
"Middle East, regional","","..","..","..","..","..","..","..","..","..","..","..","..","..","..","..","..","..","..","..","..","..","..","..","..","..","..","..","..","..","..","..","..","..","..","..","..","..","..","..","..","..","..","..","..","..","..","..","..","..","..","..","..","..",".."
"South Asia, regional","","..","..","..","..","..","..","..","..","..","..","..","..","..","..","..","..","..","..","..","..","..","..","..","..","..","..","..","..","..","..","..","..","..","..","..","..","..","..","..","..","..","..","..","..","..","..","..","..","..","..","..","..","..",".."
"South & C.Asia, regional","","..","..","..","..","..","..","..","..","..","..","..","..","..","..","..","..","..","..","..","..","..","..","..","..","..","..","..","..","..","..","..","..","..","..","..","..","..","..","..","..","..","..","..","..","..","..","..","..","..","..","..","..","..",".."
"Far East Asia, regional","","..","..","..","..","..","..","..","..","..","..","..","..","..","..","..","..","..","..","..","..","..","..","..","..","..","..","..","..","..","..","..","..","..","..","..","..","..","..","..","..","..","..","..","..","..","..","..","..","..","..","..","..","..",".."
"Asia, regional","","..","..","..","..","..","..","..","..","..","..","..","..","..","..","..","..","..","..","..","..","..","..","..","..","..","..","..","..","..","..","..","..","..","..","..","..","..","..","..","..","..","..","..","..","..","..","..","..","..","..","..","..","..",".."
"Europe, regional","","..","..","..","..","..","..","..","..","..","-0.85","0.81","-1.53","-1.94","0.75","..","13.4","48.52","35.38","34.75","83.47","105.94","33.19","183.79","71.72","-9.87","..","..","-25.91","-2.26","-51.97","-34.42","..","..","..","..","..","..","..","..","..","..","..","53.72","..","..","..","..","..","..","..","..","..","..",".."
"Oceania, regional","","..","..","..","..","..","..","..","..","..","..","..","..","..","..","..","..","..","..","..","..","..","..","..","..","..","..","..","..","..","..","..","..","..","..","..","..","..","..","..","..","..","..","..","..","..","..","..","1.69","36.02","6.54","1.5","-4.36","-3.61","-4.45"
"West Indies, regional","","..","..","..","..","..","..","..","..","..","..","..","..","..","..","..","..","..","..","..","..","..","..","..","..","..","..","-0.25","-0.28","-0.3","-0.32","..","..","..","..","..","..","..","..","..","..","..","..","..","..","..","..","..","..","..","..","..","..","..",".."
"Developing Countries, Unspecified","","..","..","..","..","..","..","..","..","..","..","..","..","..","..","..","..","..","..","..","..","..","..","..","..","..","..","..","..","..","..","..","..","..","0","..","..","..","..","..","..","..","..","..","..","..","..","..","0.54","9.91","30.45","37.42","17","-5.19",".."
"MADCT Unallocated","","..","..","..","..","..","..","..","..","..","..","..","..","..","..","..","..","..","..","..","..","..","..","..","..","..","..","..","..","..","..","..","..","..","..","..","..","..","..","..","..","..","..","..","..","..","..","..","..","..","..","..","..","..",".."
"AfDB (African Dev.Bank)","","..","..","..","..","..","..","..","..","..","..","..","..","..","..","..","..","..","..","..","..","..","..","..","..","..","..","..","..","..","..","..","..","..","..","..","..","..","..","..","..","..","..","..","..","..","..","..","..","..","..","..","..","..",".."
"AsDB (Asian Dev.Bank)","","..","..","..","..","..","..","..","..","..","..","..","..","..","..","..","..","..","..","..","..","..","..","..","..","..","..","..","..","..","..","..","..","..","..","..","..","..","..","..","..","..","..","..","..","..","..","..","..","..","..","..","..","..",".."
"CABEI","","..","..","..","..","..","..","..","..","..","..","..","..","..","..","..","..","..","..","..","..","..","..","..","..","..","..","..","..","..","..","..","..","..","..","..","..","..","..","..","..","..","..","..","..","..","..","..","..","..","..","..","..","..",".."
"IBRD","","..","..","..","..","..","..","..","..","..","..","..","..","..","..","..","..","..","..","..","..","..","..","..","..","..","..","..","..","..","..","..","..","..","..","..","..","..","..","..","..","..","..","..","..","..","..","..","..","..","..","..","..","..",".."
"IDB","","..","..","..","..","..","..","..","..","..","..","..","..","..","..","..","..","..","..","..","..","..","..","..","..","..","..","..","..","..","..","..","..","..","..","..","..","..","..","..","..","..","..","..","..","..","..","..","..","..","..","..","..","..",".."
"Other UN","","..","..","..","..","..","..","..","..","..","..","..","..","..","..","..","..","..","..","..","..","..","..","..","..","..","..","..","..","..","..","..","..","..","..","..","..","..","..","..","..","..","..","..","..","..","..","..","..","..","..","..","..","..",".."
"Other World Bank (AMCs)","","..","..","..","..","..","..","..","..","..","..","..","..","..","..","..","..","..","..","..","..","..","..","..","..","..","..","..","..","..","..","..","..","..","..","..","..","..","..","..","..","..","..","..","..","..","..","..","..","..","..","..","..","..",".."
"Other Regional Banks","","..","..","..","..","..","..","..","..","..","..","..","..","..","..","..","..","..","..","..","..","..","..","..","..","..","..","..","..","..","..","..","..","..","..","..","..","..","..","..","..","..","..","..","..","..","..","..","..","..","..","..","..","..",".."
"Other Multilateral","","..","..","..","..","..","..","..","..","..","..","..","..","..","..","..","..","..","..","..","..","..","..","..","..","..","..","..","..","..","..","..","..","..","..","..","..","..","..","..","..","..","..","..","..","..","..","..","..","..","..","..","..","..",".."
