"Sector(s):","Total Bilateral Aid To All Sectors","","Flow(s):","OOF","","Donor(s):","IFC","","Flow Type(s):","Disbursement","","Amount:","Current Prices (USD millions)","",

"","Time Period","1960","1961","1962","1963","1964","1965","1966","1967","1968","1969","1970","1971","1972","1973","1974","1975","1976","1977","1978","1979","1980","1981","1982","1983","1984","1985","1986","1987","1988","1989","1990","1991","1992","1993","1994","1995","1996","1997","1998","1999","2000","2001","2002","2003","2004","2005","2006","2007","2008","2009","2010","2011","2012","2013",
"Recipient(s)",
"All Recipients","","12.15","8.53","15.22","8.2","10.53","10.66","24.9","17.58","..","53","67.6","55.8","40.8","97.5","137.5","166.7","193","97.6","58.5","108","295.2","509.7","290.6","166","126.6","93.8","156.2","208.1","355.8","387.93","1384.75","492.78","463.57","501.59","559.49","657.18","901.71","245.6","678.45","663.33","228.9","21.72","31.7","1253.13","534.16","363.8","1544","1990","3210","2245","1692.74","1425.53","2181.41","2013.44"
"All Developing Countries","","12.15","8.53","15.22","8.2","10.53","10.66","24.9","17.58","..","53","67.6","55.8","40.8","97.5","137.5","166.7","193","97.6","58.5","108","295.2","509.7","290.6","166","126.6","93.8","156.2","208.1","355.8","387.93","1384.75","492.78","463.57","501.59","559.49","657.18","901.71","245.6","678.45","663.33","228.9","21.72","31.7","1253.13","534.16","363.8","1544","1990","3210","2245","1692.74","1425.53","2181.41","2013.44"
"All Multilateral Recipients","","..","..","..","..","..","..","..","..","..","..","..","..","..","..","..","..","..","..","..","..","..","..","..","..","..","..","..","..","..","..","..","..","..","..","..","..","..","..","..","..","..","..","..","..","..","..","..","..","..","..","..","..","..",".."
"Afghanistan","","..","..","..","..","..","..","..","..","..","..","..","..","..","0.3","..","..","..","..","..","..","..","..","..","..","..","..","..","..","..","..","..","..","..","..","..","..","..","..","..","..","..","..","..","..","..","7","..","..","..","3","-1.5","44.19","-13.46","49.46"
"Albania","","..","..","..","..","..","..","..","..","..","..","..","..","..","..","..","..","..","..","..","..","..","..","..","..","..","..","..","..","..","..","..","..","..","..","..","0.87","..","..","1.2","..","-0.1","-0.2","-0.2","..","29.17","23.8","-16","-9","14","5","..","49.37","12.14","-8.36"
"Angola","","..","..","..","..","..","..","..","..","..","..","..","..","..","..","..","..","..","..","..","..","..","..","..","..","..","..","..","..","..","..","..","..","..","..","..","..","..","..","..","0.31","0.31","..","..","..","..","..","..","..","..","..","..","..","..",".."
"Anguilla","","..","..","..","..","..","..","..","..","..","..","..","..","..","..","..","..","..","..","..","..","..","..","..","..","..","..","..","..","..","..","..","..","..","..","..","..","..","..","..","..","..","..","..","..","..","..","..","..","..","..","..","..","..",".."
"Antigua & Barbuda","","..","..","..","..","..","..","..","..","..","..","..","..","..","..","..","..","..","..","..","..","..","..","..","..","..","..","..","..","..","..","..","..","..","..","..","..","..","..","..","..","..","..","..","..","..","..","..","..","..","10","..","6.5","-16.5",".."
"Argentina","","..","..","4.2","1","1.3","0.9","-0.6","-0.8","..","9","-1.2","-1.6","2.8","3","2.4","-1.2","12.2","4.2","0.7","10","0.1","49.2","10.9","8.1","12.3","-0.5","3.8","66.2","107.2","79.47","83.68","-34.51","36.25","95.89","147.5","151.46","143.28","4.56","31.2","226.29","-6.34","-46.42","-81.72","54.87","-107.38","104.99","9","38","129","92","-46.81","-75.31","-105.6","-143.98"
"Armenia","","..","..","..","..","..","..","..","..","..","..","..","..","..","..","..","..","..","..","..","..","..","..","..","..","..","..","..","..","..","..","..","..","..","..","..","..","..","..","..","..","..","..","..","..","3","1","3","17","1","-4","17.71","20.82","34.31","-2.86"
"Aruba","","..","..","..","..","..","..","..","..","..","..","..","..","..","..","..","..","..","..","..","..","..","..","..","..","..","..","..","..","..","..","..","..","..","..","..","..","..","..","..","..","..","..","..","..","..","..","..","..","..","..","..","..","..",".."
"Azerbaijan","","..","..","..","..","..","..","..","..","..","..","..","..","..","..","..","..","..","..","..","..","..","..","..","..","..","..","..","..","..","..","..","..","..","..","..","..","..","3.5","65.7","39.83","7.13","-14.8","-28.44","-12.78","-34.05","-0.9","-10","22","7","22","-1.03","16.25","7.51","-23.38"
"Bahamas","","..","..","..","..","..","..","..","..","..","..","..","..","..","..","..","..","..","..","..","..","..","..","..","..","..","..","..","..","..","..","..","..","..","..","..","..","..","..","..","..","..","..","..","..","..","..","..","..","..","..","..","..","..",".."
"Bahrain","","..","..","..","..","..","..","..","..","..","..","..","..","..","..","..","..","..","..","..","..","..","..","..","..","..","..","..","..","..","..","..","..","..","..","..","..","..","..","..","..","..","..","..","..","..","..","..","..","..","..","..","..","..",".."
"Bangladesh","","..","..","..","..","..","..","..","..","..","..","..","..","..","..","..","..","..","..","..","..","0.9","..","1.1","..","..","0.7","4","0.3","1.3","-0.99","..","-1.58","1.16","-0.73","-0.38","-0.61","-0.26","-0.11","-0.3","36.67","6.6","8.68","-3.97","8.75","4.68","29.27","-12","-14","-21","-5","-2.29","82.35","23.78","94.03"
"Barbados","","..","..","..","..","..","..","..","..","..","..","..","..","..","..","..","..","..","..","..","..","..","..","..","..","0.3","..","..","0.8","0.5","-0.04","-0.2","-0.09","..","..","-0.46","6.43","..","-0.71","-5.3","..","..","..","..","..","..","..","..","..","..","4","2.77","..","..",".."
"Belarus","","..","..","..","..","..","..","..","..","..","..","..","..","..","..","..","..","..","..","..","..","..","..","..","..","..","..","..","..","..","..","..","..","..","..","..","..","..","..","..","..","..","..","..","..","..","22.67","..","-17","3","18","19.13","1.11","14.65","-1.77"
"Belize","","..","..","..","..","..","..","..","..","..","..","..","..","..","..","..","..","..","..","..","..","..","..","..","..","..","..","..","..","..","..","1","..","..","..","12.5","1.62","-1","-6","3.1","-0.42","-0.18","-5.37","-0.37","-0.37","-0.09","..","..","..","..","..","..","-1.86","..",".."
"Benin","","..","..","..","..","..","..","..","..","..","..","..","..","..","..","..","..","..","..","..","..","..","..","..","..","..","..","..","..","..","..","..","..","0.25","0.36","-0.05","-0.07","-0.07","0.33","-0.3","-0.14","..","-0.01","..","..","-0.01","..","..","..","..","..","..","..","..",".."
"Bermuda","","..","..","..","..","..","..","..","..","..","..","..","..","..","..","..","..","..","..","..","..","..","..","..","..","..","..","..","..","..","..","..","..","..","..","..","..","..","..","..","..","..","..","..","..","..","..","..","..","..","..","..","..","..",".."
"Bhutan","","..","..","..","..","..","..","..","..","..","..","..","..","..","..","..","..","..","..","..","..","..","..","..","..","..","..","..","..","..","..","..","..","..","..","..","..","..","..","..","..","..","..","..","4","5","0.41","..","-1","-1","..","-1.5","-1.4","-1.4","-1.4"
"Bolivia","","..","..","..","..","..","..","..","..","..","..","..","..","..","0.3","0.1","..","0.2","0.6","2.2","-0.1","-0.2","-0.3","..","-0.3","-0.1","..","-0.4","-0.1","5.5","1.43","4","6.7","39.14","10.75","-9.14","6.54","-4.28","10.05","-10.3","-12.84","21.02","2.83","-9.41","29.66","-0.34","37.94","-30","-23","20","-14","-46.32","-8.9","-12.22","-3.82"
"Bosnia-Herzegovina","","..","..","..","..","..","..","..","..","..","..","..","..","..","..","..","..","..","..","..","..","..","..","..","..","..","..","..","..","..","..","..","..","..","..","..","..","..","3.06","7.6","9.7","1.07","7.86","2.32","19.3","1.54","11.42","22","29","-6","-15","-1.7","-13.21","-11.27","21.16"
"Botswana","","..","..","..","..","..","..","..","..","..","..","..","..","..","..","..","..","..","..","..","..","0.1","0.3","..","..","..","..","0.2","..","..","..","..","..","..","..","..","-0.11","-0.17","-0.05","-0.1","0.82","1.97","-0.1","..","-0.12","-0.81","-1.75","..","..","20","-1","-1.85","11.65","-3.92","-3.38"
"Brazil","","4","..","-0.2","-0.7","-0.8","-1.8","2.1","7.9","..","3","3.8","10","14.6","16.4","48.9","49","29.3","8.9","-9.3","-15.3","70.7","97","116.5","77.4","11.5","-10.5","-81.7","-6.3","33.4","68.09","154.29","-6.78","-24.17","92.47","-5.68","139.24","135.17","110.49","139.4","-65.47","6.83","-8.12","94.4","139.44","-84.72","-83.91","207","403","372","-20","-137.21","-54.79","-66.23","50.82"
"Brunei","","..","..","..","..","..","..","..","..","..","..","..","..","..","..","..","..","..","..","..","..","..","..","..","..","..","..","..","..","..","..","..","..","..","..","..","..","..","..","..","..","..","..","..","..","..","..","..","..","..","..","..","..","..",".."
"Burkina Faso","","..","..","..","..","..","..","..","..","..","..","..","..","..","..","..","..","..","..","..","..","0.5","..","..","..","..","..","..","..","-0.1","..","-0.01","..","..","..","..","..","..","..","..","..","..","..","..","..","..","1.21","1","6","12","-6","-2.65","-4.07","-2.6","-2.68"
"Burundi","","..","..","..","..","..","..","..","..","..","..","..","..","..","..","..","..","..","..","..","..","..","0.4","1.4","3.5","..","..","-0.7","-3.7","..","-0.04","..","..","..","..","..","..","..","..","..","..","..","0.46","..","..","..","..","..","..","..","..","..","..","..","3.75"
"Cambodia","","..","..","..","..","..","..","..","..","..","..","..","..","..","..","..","..","..","..","..","..","..","..","..","..","..","..","..","..","..","..","..","..","..","..","..","..","..","..","..","..","..","..","..","1.2","3.84","12.99","1","-5","4","-4","-2.4","3.86","13.14","7.96"
"Cameroon","","..","..","..","..","..","..","..","..","..","..","..","..","..","..","..","..","0.1","0.8","..","0.4","7.9","1.3","0.2","0.5","-1.1","-0.6","1.9","..","4","1.28","..","-1.41","18.84","-0.81","-4.89","-8.34","11.38","15.06","-6.3","-10.9","-6.92","10.61","50.82","31.5","-8.68","-8.11","..","5","-20","20","20.42","17.58","15.91","-3.55"
"Cape Verde","","..","..","..","..","..","..","..","..","..","..","..","..","..","..","..","..","..","..","..","..","..","..","..","..","..","..","..","..","..","..","..","..","..","..","1","0.72","-0.01","-0.36","-0.4","-0.32","-0.52","..","..","..","..","6.63","-1","-1","4","-2","-1.89","-0.63","-3.13",".."
"Cayman Islands","","..","..","..","..","..","..","..","..","..","..","..","..","..","..","..","..","..","..","..","..","..","..","..","..","..","..","..","..","..","..","..","..","..","..","..","..","..","..","..","..","..","..","..","..","..","..","..","..","..","..","..","..","..",".."
"Central African Rep.","","..","..","..","..","..","..","..","..","..","..","..","..","..","..","..","..","..","..","..","..","..","..","..","..","..","..","..","..","..","..","..","..","12.5","..","..","..","..","..","..","..","..","..","..","..","..","..","..","..","..","..","..","3.16","..",".."
"Chad","","..","..","..","..","..","..","..","..","..","..","..","..","..","..","..","..","..","..","..","..","..","..","..","..","..","..","..","..","..","..","..","..","..","..","..","..","..","..","..","..","..","1.7","4","8.2","-1.45","-2.62","-2","-2","-2","-1","19.94","2.05","1.3","-1.5"
"Chile","","0.98","1.1","..","-0.2","1.9","-0.8","-0.9","-1","..","-0.9","6.7","2.2","0.1","..","-2.7","..","..","..","..","..","-7.7","..","0.1","..","8.7","8","4.9","51","4","10.62","166.95","54.79","6.09","-12.1","2.37","-8.12","-1.74","-55.07","-27.4","-42.61","-28.87","6.06","4.24","55.97","41.43","6.67","-56","27","34","149","32.82","-19.03","25.45","171.37"
"China","","..","..","..","..","..","..","..","..","..","..","..","..","..","..","..","..","..","..","..","..","..","..","..","..","..","..","1.4","3","25","10.58","..","-3.96","-5.21","0.42","32.86","11.62","22.67","53.39","56.9","11.93","-33.3","42.08","-16.5","-12.01","57.35","233.54","238","126","106","8","27.25","-21.45","-49.25","-70.39"
"Colombia","","0.5","2.5","3.8","-0.5","0.4","1.5","1.3","-0.2","..","2.2","0.6","0.6","-0.4","-0.2","1.6","5.1","1.4","13.7","1","-2.7","-3.1","12.9","2.3","0.3","4.4","6.9","2.9","9.4","-0.8","-6.2","61.33","8.58","40.13","-9.9","29.99","10.01","13.1","-31.89","-19","-14.4","-19.72","3.36","180.1","3.89","-10.65","-88.08","35","268","-24","158","52.14","-9.31","-116.6","-67.72"
"Comoros","","..","..","..","..","..","..","..","..","..","..","..","..","..","..","..","..","..","..","..","..","..","..","..","..","..","..","..","..","..","..","..","..","..","..","..","..","..","..","..","..","..","..","..","..","..","..","..","..","..","..","..","..","..",".."
"Democratic Republic of the Congo","","..","..","..","..","..","..","..","..","..","..","0.4","0.4","..","..","..","..","..","..","..","3.7","-0.8","-0.8","-0.8","-0.6","-0.1","7.7","16.2","-0.7","-1.5","2.47","4.87","1.5","3","-1.03","-1.2","-1.2","-1.2","-1.2","-0.6","..","..","..","-2.91","9","-4.86","-12.71","-6","-7","73","1","-3.43","-10.55","-11.79","-45.4"
"Congo","","..","..","..","..","..","..","..","..","..","..","..","..","..","..","..","..","..","..","..","..","..","..","0.1","..","0.7","0.6","0.9","2.1","..","0.23","..","-0.17","-0.2","..","..","..","29.77","-0.48","7.4","-0.6","-0.52","-0.51","..","9","..","..","..","..","..","-3","..","..","..",".."
"Cook Islands","","..","..","..","..","..","..","..","..","..","..","..","..","..","..","..","..","..","..","..","..","..","..","..","..","..","..","..","..","..","..","..","..","..","..","..","..","..","..","..","..","..","..","..","..","..","..","..","..","..","..","..","..","..",".."
"Costa Rica","","..","..","0.2","0.1","..","0.2","-0.1","..","..","..","-0.1","-0.1","..","..","..","..","..","..","1.2","2.5","0.4","-0.1","-0.3","0.7","-0.4","-0.6","-0.4","1.3","-0.2","-0.29","..","4.62","0.81","7.9","5.17","5.81","-1.61","-2.06","-2.8","14.2","-11.49","13.8","14.27","19.98","4.93","36.29","-18","-33","-9","-1","0.8","6.52","-0.45","18.04"
"Cote d'Ivoire","","..","..","..","-0.1","..","0.2","..","..","..","..","..","..","..","..","..","..","..","0.9","0.2","..","4.8","3.7","1","-0.3","..","..","-0.3","8.6","..","3.35","3.59","0.11","-0.59","4.17","2.76","43.96","-18.67","-11.34","-4.08","32.96","11.57","-6.39","-6.32","-7.44","-6.44","-4.74","-4","-4","-4","-4","3.94","-7.66","-1.26","34.11"
"Croatia","","..","..","..","..","..","..","..","..","..","..","..","..","..","..","..","..","..","..","..","..","..","..","..","..","..","..","..","..","..","..","..","..","..","..","..","..","..","..","17.88","9.22","29.5","10.19","28.91","-25.96","118.22","13.68","34","18","31","-32","-22.03","..","..",".."
"Cuba","","0.39","..","..","..","..","..","..","..","..","..","..","..","..","..","..","..","..","..","..","..","..","..","..","..","..","..","..","..","..","..","..","..","..","..","..","..","..","..","..","..","..","..","..","..","..","..","..","..","..","..","..","..","..",".."
"Cyprus","","..","..","-0.08","..","..","..","..","..","..","..","..","..","0.7","0.5","1.6","0.1","-0.2","0.3","-0.3","-0.4","0.1","-0.4","-0.5","1.2","0.2","-0.1","-0.3","-0.2","-0.2","-0.98","..","6","2.2","..","..","-0.78","-0.39","..","..","..","..","..","..","..","..","..","..","..","..","..","..","..","..",".."
"Djibouti","","..","..","..","..","..","..","..","..","..","..","..","..","..","..","..","..","..","..","..","..","..","..","..","..","..","..","..","..","..","..","..","..","..","..","..","..","..","..","..","..","..","..","..","..","..","..","..","..","..","..","..","..","..",".."
"Dominica","","..","..","..","..","..","..","..","..","..","..","..","..","..","..","..","..","..","..","..","..","..","..","..","..","..","..","..","..","..","0.53","..","..","..","..","..","..","..","..","..","..","..","..","..","..","..","..","..","..","..","..","..","..","..",".."
"Dominican Republic","","0.02","-0.02","..","..","..","..","..","..","..","..","..","..","..","..","1.5","5.7","0.2","-0.3","..","..","..","0.3","-0.1","-0.3","1.6","0.9","1.5","0.7","-0.7","-0.29","2.35","8.4","-2.01","6.22","30.56","-2.48","-4.25","-6.13","4.5","0.64","8.88","-2.52","0.61","72.1","58.22","28.44","11","-26","-49","-16","6.74","27.48","-49.33","-19.09"
"East African Community","","..","..","..","..","..","..","..","..","..","..","..","..","..","..","..","..","..","..","..","..","..","..","..","..","..","..","..","..","..","..","..","..","..","..","..","..","..","..","..","..","..","..","..","..","..","..","..","..","..","..","..","..","..",".."
"Ecuador","","..","..","..","..","..","..","2","-0.1","..","..","-0.2","-0.3","1.8","-0.1","-0.5","-0.3","-0.2","4.8","-0.2","2.5","8.3","0.2","-2.4","-0.9","-2.8","-4.1","-2.7","-2.4","..","2.5","..","..","9.69","9.37","-1.23","-2.33","-3.62","0.24","-4.4","27.57","0.44","-2.48","-2.8","11.73","-3.16","3.95","1","20","6","-5","-2.1","14.81","-6.51","27.35"
"Egypt","","..","..","0.07","..","..","..","..","..","..","..","..","..","..","..","..","..","2.1","1.6","0.7","22.5","2","28.9","10.5","-1.9","0.1","2.7","12.6","12.1","-20.1","-12.19","0.97","-0.07","-10.14","7.78","14.48","3.55","22.05","-1.65","20.9","23.7","-40.51","28.99","74.05","37.58","0.98","-6.11","-2","40","-67","9","60.5","200.46","42.71","-35.86"
"El Salvador","","..","..","-0.1","..","..","..","..","..","..","..","..","0.3","0.6","-0.1","..","-0.1","..","-0.1","-0.1","-0.1","..","-0.1","-0.1","..","..","..","..","..","..","..","..","..","..","..","1.28","-0.05","2.46","2.46","17.4","12.47","12.38","25.69","-11.2","20.46","53.35","28.7","-18","-16","-23","-16","-3.42","-12.26","3.44","-4.97"
"Equatorial Guinea","","..","..","..","..","..","..","..","..","..","..","..","..","..","..","..","..","..","..","..","..","..","..","..","..","..","..","..","..","..","..","..","..","..","..","..","..","..","..","..","..","..","..","..","..","..","..","..","..","..","..","..","..","..",".."
"Eritrea","","..","..","..","..","..","..","..","..","..","..","..","..","..","..","..","..","..","..","..","..","..","..","..","..","..","..","..","..","..","..","..","..","..","..","..","..","..","..","0.4","..","..","..","..","-0.35","..","..","..","..","..","..","..","..","..",".."
"Ethiopia","","..","..","..","..","..","2.5","1.1","0.9","..","3","0.3","-0.5","-0.9","0.9","-0.9","-0.8","-0.9","-0.7","-0.8","-0.8","-0.8","-0.2","..","..","..","..","..","..","..","0.48","..","..","..","..","..","..","..","..","..","..","..","..","..","..","..","..","..","..","..","..","22","33","-8.8","38.4"
"Falkland Islands","","..","..","..","..","..","..","..","..","..","..","..","..","..","..","..","..","..","..","..","..","..","..","..","..","..","..","..","..","..","..","..","..","..","..","..","..","..","..","..","..","..","..","..","..","..","..","..","..","..","..","..","..","..",".."
"Fiji","","..","..","..","..","..","..","..","..","..","..","..","..","..","..","..","..","..","..","..","..","..","..","..","6","..","-0.4","4","-0.6","2","-0.74","..","-1.62","-1.7","0.12","-2.65","-0.34","-0.34","-0.53","-0.1","3.75","-0.07","-0.03","-0.06","-0.03","-0.47","-0.6","-6","..","23","..","-1.15","..","..",".."
"Former Yugoslav Republic of Macedonia (FYROM)","","..","..","..","..","..","..","..","..","..","..","..","..","..","..","..","..","..","..","..","..","..","..","..","..","..","..","..","..","..","..","..","..","..","..","..","..","..","1.64","28.78","2.12","5.32","-2.17","-7.72","1.87","-7.18","-2.96","-2","-1","45","-1","37.33","-2.82","-4.98","-11.87"
"French Polynesia","","..","..","..","..","..","..","..","..","..","..","..","..","..","..","..","..","..","..","..","..","..","..","..","..","..","..","..","..","..","..","..","..","..","..","..","..","..","..","..","..","..","..","..","..","..","..","..","..","..","..","..","..","..",".."
"Gabon","","..","..","..","..","..","..","..","..","..","..","..","..","..","..","..","..","..","..","..","..","..","..","..","..","..","..","..","..","12","65","10","-6.86","-15.86","-17.66","-17.66","-11.66","-5.66","-5.65","..","..","..","..","10","-1","-3.25","-2.25","4","..","..","-5","..","..","..",".."
"Gambia","","..","..","..","..","..","..","..","..","..","..","..","..","..","..","..","..","..","..","..","..","..","..","..","..","2.8","..","..","..","..","0.23","..","1.5","-0.16","0.72","0.57","-0.03","-0.25","-0.17","-0.2","-0.16","-0.04","0.11","-0.82","..","..","..","..","..","..","9","-0.68","..","-1.08","-0.62"
"Georgia","","..","..","..","..","..","..","..","..","..","..","..","..","..","..","..","..","..","..","..","..","..","..","..","..","..","..","..","..","..","..","..","..","..","..","..","..","..","..","0.4","1.5","22.64","9.93","9.86","-23.88","8.63","-1.59","-6","14","44","115","7.43","27.4","2.84","-23.72"
"Ghana","","..","..","..","..","..","..","..","..","..","..","..","..","..","..","..","..","..","..","..","..","..","..","..","..","..","5","10","16.9","10","2.33","97.07","18.05","10.06","30.02","-13.31","-61.39","-3.04","-6.99","-3.5","-6.55","-3.74","-0.62","-0.19","-1.55","0.02","12.58","-1","28","65","204","67.72","49.87","-78.62","43.04"
"Gibraltar","","..","..","..","..","..","..","..","..","..","..","..","..","..","..","..","..","..","..","..","..","..","..","..","..","..","..","..","..","..","..","..","..","..","..","..","..","..","..","..","..","..","..","..","..","..","..","..","..","..","..","..","..","..",".."
"Grenada","","..","..","..","..","..","..","..","..","..","..","..","..","..","..","..","..","..","..","..","..","..","..","..","..","..","..","4","0.5","..","..","..","-0.56","-0.56","-0.56","-0.56","-1.97","..","..","..","..","..","..","0.5","1.5","..","..","..","..","..","..","..","..","..",".."
"Guatemala","","..","..","..","-0.1","..","..","..","..","..","..","..","..","..","..","..","..","..","15","2.2","-5.2","-1.6","-2.2","-2.3","-2.3","-2.2","-1.3","-0.2","..","..","..","..","..","..","29.63","1.85","11.85","-2.9","4.73","31.2","4.15","-7.01","-19.75","-8.22","16.36","21.89","6.49","-37","-6","30","28","6.75","-65.94","-8.62","-5.04"
"Guinea","","..","..","..","..","..","..","..","..","..","..","..","..","..","..","..","..","..","..","..","..","..","..","..","2.4","12.4","-1","-2.4","-1.7","4.5","-2.56","..","-3.06","-1.56","..","1.5","0.1","3.11","-0.3","1.19","-0.32","-1.52","..","..","..","..","-1.1","1","..","-2","3","5.96","..","129.58","2.17"
"Guinea-Bissau","","..","..","..","..","..","..","..","..","..","..","..","..","..","..","..","..","..","..","..","..","..","..","..","..","..","..","..","..","..","..","..","..","..","..","..","0.3","0.45","..","-0.06","-0.18","-0.13","-0.13","-0.13","-0.13","..","..","..","..","..","..","..","..","..",".."
"Guyana","","..","..","..","..","..","..","-0.1","..","..","..","..","..","..","..","..","..","..","..","..","2","..","..","-0.3","-0.2","..","-0.1","..","..","..","-1.37","..","..","..","..","..","..","..","..","..","1","0.19","0.26","..","0.1","0.13","-0.52","..","..","..","..","0.1","0.07","-0.07","-0.07"
"Haiti","","..","..","..","..","..","..","..","..","..","..","..","..","..","..","..","..","..","..","..","..","..","..","..","0.7","..","..","-0.1","-0.1","..","-0.09","-0.39","-0.22","..","..","..","..","..","..","..","..","..","..","..","..","..","..","30","-30","..","7","12.19","0.8","-1.31","-1.26"
"Honduras","","..","..","..","..","0.2","0.2","..","..","..","-0.1","..","-0.1","..","-0.1","..","..","..","..","7","3","-0.8","-1.5","-0.2","-0.2","..","..","..","-0.9","..","..","0.77","-0.34","-0.34","-0.39","11.75","1.07","-0.77","9.23","14.19","10.02","-22.87","-2.46","-1.13","-2.82","-1.83","-6.29","8","-2","85","30","0.37","-65.95","9.67","49.99"
"Hong Kong, China","","..","..","..","..","..","..","..","..","..","..","..","..","..","..","..","..","..","..","..","..","..","..","..","..","..","..","..","..","..","..","..","..","..","..","..","..","..","..","..","..","..","..","..","..","..","..","..","..","..","..","..","..","..",".."
"India","","..","..","1","1","0.5","1.3","1.6","2.9","..","0.5","5.8","7.5","1.4","-1.5","-0.6","-2.9","2.9","3.1","2.7","-0.4","-1.5","16.1","28.4","13.4","3.1","29.9","-11.4","-41","31","24.02","79.85","118.21","84.32","108.23","94.06","-8.96","28.7","38.08","-83.24","-37.67","-23.6","-32.09","-8.73","293.49","25.93","7.73","219","350","197","379","353.79","181.18","529.92","196.97"
"Indonesia","","..","1.22","..","..","..","..","..","..","..","..","..","3","6.8","14.8","23.6","-0.4","0.1","-0.5","-4.5","-5.2","-3.8","13","29.9","16.4","14.9","-1.7","-8.2","-0.8","10.2","10.72","2.64","62.05","75.18","53.3","9.55","93.43","106.94","40.42","-33.06","-18.88","-24.48","-34.26","-75.97","8.05","38.83","39.74","83","119","162","-54","-59.02","-40.22","28.61","188.13"
"Iran","","..","..","..","-0.1","..","-0.1","..","-0.1","..","1.9","1.9","..","1.5","12","12.6","0.5","-13.1","-2.7","-2.9","-0.2","..","..","..","..","..","..","..","..","..","..","0.01","..","..","..","..","..","..","..","..","..","..","..","..","..","5","2","2","-1","-1","-2","-1.47","-1.27","-1.84",".."
"Jamaica","","..","0.2","..","..","-0.15","..","-0.1","..","..","0.2","0.3","0.7","1","0.6","..","..","-0.3","-0.1","-0.4","-0.2","-0.2","1.8","3.4","1.3","-0.2","-0.7","-0.7","-0.4","1.2","4.77","4.36","-0.17","-7","2.71","-1.28","-1.45","21","-2.21","-2.33","-5.46","-1.6","28.25","10.08","53.13","-1.85","-35.21","47","-1","-4","-11","12.97","53.17","15.36","-14.07"
"Jordan","","..","..","..","..","..","..","..","..","..","..","..","..","..","..","..","2.6","..","..","-0.1","9.8","25.8","45.5","0.6","-1.9","-9.3","-12.3","-13.5","-11.6","-13.7","-4.38","0.25","-1.62","-0.49","4.53","-0.46","8","36.54","4.12","38.69","-23.19","1.57","-9.47","5.44","27.69","-22.94","-22.8","9","11","60","72","51.12","44.57","146.62","33.52"
"Kazakstan","","..","..","..","..","..","..","..","..","..","..","..","..","..","..","..","..","..","..","..","..","..","..","..","..","..","..","..","..","..","..","..","..","..","..","..","..","0.75","5","50.53","24.61","-0.25","4.96","-9.35","99.66","-61.59","-2.02","-45","-5","59","163","-12.5","16.05","-21.98","-65.81"
"Kenya","","..","..","..","..","-0.18","..","..","0.2","..","1.5","0.3","1.4","2.2","8.3","4.2","2.2","6.9","2.7","1","-0.1","3","-2.2","4.9","6.6","-1.1","2.3","-1.3","-8.7","-6","0.06","15","-4.55","-5.97","-3.77","2.71","10.29","3.3","18.76","9.7","20.03","26.22","-15.53","-6.45","5.31","-4.82","3.56","7","-19","5","-1","13.66","139.83","117.51","178.56"
"Kiribati","","..","..","..","..","..","..","..","..","..","..","..","..","..","..","..","..","..","..","..","..","..","..","..","..","..","..","..","..","..","..","..","..","..","..","..","..","..","..","..","..","..","..","..","..","..","..","..","..","..","..","..","..","..",".."
"Korea","","..","..","..","..","-0.14","..","..","..","..","..","0.7","0.3","..","1.6","0.2","28.7","40.5","8.9","12.2","-8.8","-10.4","-5.4","-7.8","-8","-1.7","-1.9","4.4","1.9","-0.1","24.31","..","-0.63","-0.63","-0.63","-0.63","-0.63","-0.63","-0.63","114","44.63","..","..","..","..","..","..","..","..","..","..","..","..","..",".."
"Korea, Dem. Rep.","","..","..","..","..","..","..","..","..","..","..","..","..","..","..","..","..","..","..","..","..","..","..","..","..","..","..","..","..","..","..","..","..","..","..","..","..","..","..","..","..","..","..","-35.4","..","..","..","..","..","..","..","..","..","..",".."
"Kosovo","","..","..","..","..","..","..","..","..","..","..","..","..","..","..","..","..","..","..","..","..","..","..","..","..","..","..","..","..","..","..","..","..","..","..","..","..","..","..","..","..","..","..","..","..","..","..","..","..","..","..","15.7","..","-0.5","4.49"
"Kyrgyz Republic","","..","..","..","..","..","..","..","..","..","..","..","..","..","..","..","..","..","..","..","..","..","..","..","..","..","..","..","..","..","..","..","..","..","..","..","18.36","21.64","..","-2.5","-5","-4.7","-5","-11.16","0.49","2.35","2.76","3","-2","5","2","5.55","0.47","3.3","-8.11"
"Laos","","..","..","..","..","..","..","..","..","..","..","..","..","..","..","..","..","..","..","..","..","..","..","..","..","..","..","..","..","..","..","..","..","..","..","..","..","..","..","1.15","0.77","0.18","1.15","-0.04","-0.06","-0.12","1.85","1","8","-1","-3","-3","-0.54","14.78","6.79"
"Lebanon","","..","..","..","..","..","..","..","..","..","..","..","0.6","1.1","-0.5","1.1","2.8","..","..","..","..","1.1","..","..","..","..","..","..","..","..","..","..","..","..","5.77","17.87","41.61","4.12","9.79","46.6","-4.09","-2.65","-10.12","-37.36","-7.51","-19.92","-9.03","-11","32","9","-11","-10.5","-10.59","-10.7","-9.39"
"Lesotho","","..","..","..","..","..","..","..","..","..","..","..","..","..","..","..","..","..","..","0.3","..","..","-0.3","..","..","..","..","..","..","..","..","..","0.12","..","..","..","..","..","..","..","..","..","..","..","..","..","..","..","..","..","..","..","..","..",".."
"Liberia","","..","..","-0.08","..","..","0.2","..","..","..","..","..","..","..","..","..","..","0.3","..","..","..","..","..","..","..","0.2","0.2","..","..","7.5","-0.61","-0.39","..","..","..","..","..","..","..","..","..","3.5","-0.7","-0.7","-0.7","-0.7","-0.7","..","..","3","..","3","3","-0.56","-0.75"
"Macao","","..","..","..","..","..","..","..","..","..","..","..","..","..","..","..","..","..","..","..","..","..","..","..","..","..","..","..","..","..","..","..","..","..","..","..","..","..","..","..","..","..","..","..","..","..","..","..","..","..","..","..","..","..",".."
"Madagascar","","..","..","..","-0.1","..","..","..","..","..","..","..","..","..","..","..","..","..","7.8","3.5","..","-1.2","0.3","0.8","-1.8","-1.2","-1.4","4.8","2","0.7","-1.31","5.61","-0.83","-0.21","-1.95","-2.83","-0.45","-1.47","-1.48","-0.74","-1.79","-1.52","-0.69","-0.32","-0.3","1.07","-0.16","-2","11","..","4","-3.23","-3.23","-3.23","-6.46"
"Malawi","","..","..","..","..","..","-0.08","..","..","..","..","..","..","..","..","..","..","1.5","2.5","5.5","3.7","1.8","-0.1","2.9","0.5","-1.3","-1.5","-0.3","-1.1","2.3","-2.53","0.12","-3.04","-2.02","-1","-1.04","-0.13","..","0.6","0.15","0.03","0.52","..","..","-0.2","-0.21","..","..","3","20","-2","-5.07","-5.07","-4.57","4.01"
"Malaysia","","..","..","..","0.5","..","..","1.9","2.9","..","0.3","-0.2","0.3","0.1","0.1","-0.4","-0.3","-0.3","-0.2","-0.2","-0.1","..","..","..","..","2.1","9","1","13.6","-0.3","-8.65","4.7","1.82","..","-0.82","..","..","..","..","..","-1.71","..","..","-0.21","-0.09","..","..","..","..","..","..","..","..","..",".."
"Maldives","","..","..","..","..","..","..","..","..","..","..","..","..","..","..","..","..","..","..","..","..","..","..","..","..","..","..","..","..","..","..","..","..","..","..","..","..","..","6","-0.6","-1.2","-1.2","-1.2","-1.2","16.4","2.5","44.03","2","-7","-12","42","-8.49","-15.23","-21.93","-16.58"
"Mali","","..","..","..","..","..","..","..","..","..","..","..","..","..","..","..","..","..","..","0.6","..","..","..","1.2","1","..","..","-0.5","-0.2","-0.1","-0.15","-0.06","..","..","16.72","4.67","24.27","11.75","-3.24","4.87","-9.13","-8.96","-12.67","-3.45","0.89","-0.96","-0.95","-1","..","..","12","12.62","-1.44","-3.54","-2.85"
"Malta","","..","..","..","..","..","..","..","..","..","..","..","..","..","..","..","..","..","..","..","..","..","..","..","..","..","..","..","..","..","..","..","..","..","..","..","..","..","..","..","..","..","..","..","..","..","..","..","..","..","..","..","..","..",".."
"Marshall Islands","","..","..","..","..","..","..","..","..","..","..","..","..","..","..","..","..","..","..","..","..","..","..","..","..","..","..","..","..","..","..","..","..","..","..","..","..","..","..","..","..","..","..","..","..","..","..","..","..","..","..","..","..","..",".."
"Mauritania","","..","..","..","..","..","..","..","-0.06","..","7.8","9.9","..","-2.2","-1.1","-1.2","-12.9","..","..","..","..","..","..","..","..","..","..","..","..","..","..","1.05","3.38","..","-0.81","-1.51","-0.95","-0.1","14.97","4.47","3.75","-3.5","-4.35","-5.13","-5.31","9.88","9.82","-1","-5","-2","-3","-3.9","-2.77","98.6","-2.98"
"Mauritius","","..","..","..","..","..","..","..","..","..","..","..","..","0.4","0.2","-0.1","..","-0.1","..","..","-0.1","..","-0.1","..","..","..","..","..","1","2.5","1.75","5.54","5.9","-2.33","-1.47","-1.2","-3.22","-1.1","-2.72","-0.41","-2.8","-0.39","..","..","..","..","..","..","..","20","..","75","0.18","..","-20"
"Mayotte","","..","..","..","..","..","..","..","..","..","..","..","..","..","..","..","..","..","..","..","..","..","..","..","..","..","..","..","..","..","..","..","..","..","..","..","..","..","..","..","..","..","..","..","..","..","..","..","..","..","..","..","..","..",".."
"Mexico","","0.16","-0.1","2.1","0.8","1.4","-0.8","2.4","..","..","..","1.4","9","2.7","0.7","7.1","-0.2","7.5","1.5","21","54.2","140.2","192.9","13.5","-43.1","7.7","-71.8","-46.5","3.6","57.3","21.63","219.27","160.35","51.55","-11.7","15.26","18.23","32.65","-100.53","-28.88","118.29","66.32","-19.18","-42.75","-17.77","265.4","-102.38","55","-228","42","-24","78.89","-33.76","238.61","178.74"
"Micronesia","","..","..","..","..","..","..","..","..","..","..","..","..","..","..","..","..","..","..","..","..","..","..","..","..","..","..","..","..","..","..","..","..","..","..","..","..","..","..","..","..","..","..","..","..","..","..","..","..","..","..","..","..","..",".."
"Moldova","","..","..","..","..","..","..","..","..","..","..","..","..","..","..","..","..","..","..","..","..","..","..","..","..","..","..","..","..","..","..","..","..","..","..","..","..","..","4.94","..","11.57","2.14","5.1","13.69","0.36","11.74","-12.77","-6","-7","-8","-2","3.64","42.48","26.15","-6.6"
"Mongolia","","..","..","..","..","..","..","..","..","..","..","..","..","..","..","..","..","..","..","..","..","..","..","..","..","..","..","..","..","..","..","..","..","..","..","..","..","..","1.05","..","..","..","..","0.4","..","3.5","-0.04","..","..","50","-7","0.59","12.67","37.67","82.01"
"Montenegro","","..","..","..","..","..","..","..","..","..","..","..","..","..","..","..","..","..","..","..","..","..","..","..","..","..","..","..","..","..","..","..","..","..","..","..","..","..","..","..","..","..","..","..","..","..","..","-1","-8","5","21","9.45","-6.64","7.04","-5.81"
"Montserrat","","..","..","..","..","..","..","..","..","..","..","..","..","..","..","..","..","..","..","..","..","..","..","..","..","..","..","..","..","..","..","..","..","..","..","..","..","..","..","..","..","..","..","..","..","..","..","..","..","..","..","..","..","..",".."
"Morocco","","..","..","-0.39","1.5","..","..","1.1","0.2","..","-0.1","-0.1","-0.2","..","-0.1","-0.1","-0.2","1.1","3.6","4.3","..","3.1","12.5","1","48","0.7","-5.3","43.6","27.7","-4.1","-7.25","92.18","-12.3","40.61","1.52","-13.53","-70.64","-30.7","-17.46","-1.25","-6.97","76.16","-6.07","-5.97","-3.98","..","-3.98","-75","5","111","6","-4.81","-3.82","-0.76","-0.76"
"Mozambique","","..","..","..","..","..","..","..","..","..","..","..","..","..","..","..","..","..","..","..","..","..","..","..","..","..","..","1.5","1.3","..","-0.25","..","-0.5","-0.25","3.5","-0.35","-0.15","0.75","3.33","16.76","51.54","37.47","-0.19","3.09","0.92","-5.48","-6.58","-6","-13","-11","-3","-1.5","-12.5","-16.12","35.69"
"Myanmar (Burma)","","..","..","..","..","..","..","..","..","..","..","..","..","..","..","..","..","..","..","..","..","..","..","..","..","..","..","..","..","..","..","..","..","..","..","..","..","..","..","..","..","..","..","..","..","..","..","..","..","..","..","..","..","..","2"
"Namibia","","..","..","..","..","..","..","..","..","..","..","..","..","..","..","..","..","..","..","..","..","..","..","..","..","..","..","..","..","..","..","..","..","..","..","6.5","..","2.19","1.19","-0.81","-0.16","-1.08","-1.04","-1.55","3.14","-2.32","-1.8","-2","-1","..","-1","4.67","4.42","0.39","8.26"
"Nauru","","..","..","..","..","..","..","..","..","..","..","..","..","..","..","..","..","..","..","..","..","..","..","..","..","..","..","..","..","..","..","..","..","..","..","..","..","..","..","..","..","..","..","..","..","..","..","..","..","..","..","..","..","..",".."
"Nepal","","..","..","..","..","..","-0.06","..","..","..","..","..","..","..","..","..","..","..","2.3","0.7","..","-0.1","-0.1","..","..","2.4","2.5","-0.2","..","..","0.88","4.72","..","..","0.75","-0.15","-0.95","1.05","7","19.78","11.34","13.42","0.01","-3","-3.53","-3.87","-4.25","-5","-5","4","-6","-7.47","-8.57","2.54","8.02"
"Netherlands Antilles","","..","..","..","..","..","..","..","..","..","..","..","..","..","..","..","..","..","..","..","..","..","..","..","..","..","..","..","..","..","..","..","..","..","..","..","..","..","..","..","..","..","..","..","..","..","..","..","..","..","..","..","..","..",".."
"New Caledonia","","..","..","..","..","..","..","..","..","..","..","..","..","..","..","..","..","..","..","..","..","..","..","..","..","..","..","..","..","..","..","..","..","..","..","..","..","..","..","..","..","..","..","..","..","..","..","..","..","..","..","..","..","..",".."
"Nicaragua","","..","..","..","..","..","..","..","..","..","1.8","-0.1","..","-0.1","..","..","..","4.4","0.1","-0.1","-1","..","..","-0.1","..","..","..","..","..","..","..","..","-0.66","..","..","-1","..","..","..","2.5","2.67","1.33","-0.82","-1.37","-0.25","3.76","-1.78","32","3","48","-2","29.72","27.23","2.73","-10.34"
"Niger","","..","..","..","..","..","..","..","..","..","..","..","..","..","..","..","..","..","..","..","..","..","..","..","0.2","1.5","..","..","..","..","0.12","..","..","..","..","..","..","..","..","..","..","..","..","-0.18","..","..","..","..","..","..","..","..","..","..",".."
"Nigeria","","..","-0.37","..","..","2","0.1","..","0.6","..","-0.1","-0.1","-0.1","-0.1","0.4","1.8","-0.1","-0.3","-0.2","0.2","-0.3","4.2","2.2","-0.2","-0.1","7.8","4.9","-0.2","-3.5","2.2","3.02","16.27","8.11","29.41","21.98","-18.39","-20.79","-15.7","-13.79","-15.39","-0.55","11.92","53.01","2.89","45.34","13.79","48.6","141","73","-65","41","-52.49","201.88","2.99","135.92"
"Northern Marianas","","..","..","..","..","..","..","..","..","..","..","..","..","..","..","..","..","..","..","..","..","..","..","..","..","..","..","..","..","..","..","..","..","..","..","..","..","..","..","..","..","..","..","..","..","..","..","..","..","..","..","..","..","..",".."
"Oman","","..","..","..","..","..","..","..","..","..","..","..","..","..","..","..","..","..","..","..","1","1","..","..","..","..","..","..","..","..","..","..","..","..","..","..","13.1","6.59","-1.87","-1.88","-1.88","-1.87","-1.88","-1.88","..","-1.56","53.75","97","..","-6","-5","-10.34","..","..",".."
"Pakistan","","0.53","0.2","1.3","2.1","..","2.3","2","3.1","..","2","1.1","0.1","-0.6","-0.5","-1.3","-1.6","1.1","-0.7","-0.4","6.1","11.8","14.1","5.5","11.8","12.8","23.2","-9.4","-5.6","-18","10.99","1.34","23.24","13.82","7.67","86.08","93.72","168.46","33.87","-13.54","-46.35","-47.78","-57.26","-64.7","-22.37","-39.84","-24.29","20","95","7","68","50.77","85.49","48.53","-17.31"
"Palau","","..","..","..","..","..","..","..","..","..","..","..","..","..","..","..","..","..","..","..","..","..","..","..","..","..","..","..","..","..","..","..","..","..","..","..","..","..","..","..","..","..","..","..","..","..","..","..","..","..","..","..","..","..",".."
"Panama","","..","..","..","..","..","..","..","..","..","..","..","..","..","..","1.3","0.2","..","-0.1","4.2","1.6","0.1","-0.1","-0.1","-0.1","..","16.8","13.8","4.9","..","..","..","-7.75","..","-4.03","..","25.76","-0.97","-3.64","13.56","38.56","64.12","3.66","-5.45","41.86","-2.23","-28.7","-5","-87","23","0","-17.58","-4.73","77.91","10.88"
"Papua New Guinea","","..","..","..","..","..","..","..","..","..","..","..","..","..","..","..","..","..","..","..","..","..","..","..","..","..","..","..","..","..","..","..","..","..","..","..","..","0.3","..","-0.11","-0.04","-0.15","..","..","..","..","..","..","..","40","40","-6.67","-15.06","10.45","-27.8"
"Paraguay","","..","..","..","..","..","..","..","..","..","..","..","..","..","..","1","3.1","1.3","..","..","..","..","0.9","2.3","3.1","..","0.8","-0.4","..","-0.3","-0.75","..","-0.65","-0.65","-0.65","-0.65","-0.65","..","..","..","..","..","-0.14","..","..","..","5","10","-15","60","8","26.95","83.24","13.52","-12.1"
"Peru","","3.76","1.3","1.4","0.3","0.2","1.1","-0.5","-1.1","..","-1.4","-0.9","-0.4","-0.5","-0.3","-0.2","10","-0.5","4.3","-1.5","1","-0.6","-1.9","-1.3","0.1","1.2","2.5","3.4","1.6","-2.9","-2.09","..","-1.91","2.81","10.43","14.5","15.68","-6.11","6.41","14.96","54.99","26.19","18.13","16.31","67.42","-13.16","-62.23","74","90","137","124","25.97","-42.09","57.8","25.26"
"Philippines","","..","..","..","0.1","0.1","..","4.2","2.1","..","3.9","0.8","1.9","2.2","20.1","16","4.8","-2.5","-2.5","-4.9","-4.5","2.1","0.2","2.3","3.6","0.4","-1.1","-3.5","14.4","1.2","-72.68","97.82","18.14","16.96","-5.84","48.86","8.22","-21.71","-7.62","-2","50.16","5.43","12.28","18.6","8.46","-8.59","37.82","-71","199","343","99","0.69","33.45","-165.1","-197.95"
"Rwanda","","..","..","..","..","..","..","..","..","..","..","..","..","..","..","..","..","..","0.3","0.2","..","-0.1","0.1","-0.1","-0.1","-0.1","-0.1","0.2","..","-0.5","-0.04","-0.47","..","..","..","0.14","0.29","0.28","..","0.28","..","..","..","..","..","..","..","..","4","3","4","10.06","4.54","7.58","-5.29"
"Samoa","","..","..","..","..","..","..","..","..","..","..","..","..","..","..","..","..","..","..","..","..","..","..","..","..","..","..","..","..","..","..","..","..","..","..","..","..","..","0.33","..","0.44","0.1","..","..","..","..","-0.12","..","8","2","..","-0.52","..","..",".."
"Sao Tome & Principe","","..","..","..","..","..","..","..","..","..","..","..","..","..","..","..","..","..","..","..","..","..","..","..","..","..","..","..","..","..","..","..","..","..","..","..","..","..","..","..","..","..","..","..","..","..","..","..","..","..","..","..","..","..",".."
"Senegal","","..","..","-0.19","..","..","..","0.8","1.2","..","0.6","-0.2","-0.3","-0.3","-0.3","-0.2","..","0.4","-0.3","-0.1","..","0.5","..","2.7","1.3","1.7","0.1","-0.1","2.7","7.1","-0.02","3.75","-1.51","-1.34","-2.02","-1.5","-1.5","-0.96","0.98","4.61","-1.57","2.23","1.43","9.72","3.47","-3.13","-3.28","10","1","23","0","-10.79","-16","19.87","0.74"
"Serbia","","..","..","..","..","..","..","..","..","..","..","..","..","..","..","..","..","..","..","..","..","..","..","..","..","..","..","..","..","..","..","..","..","..","-25.16","-25.28","-23.27","-10.1","-2.79","..","..","..","4.53","..","10.93","..","..","116","48","5","26","34.03","172.69","79.68","44.11"
"Seychelles","","..","..","..","..","..","..","..","..","..","..","..","..","..","..","..","..","..","..","..","..","..","..","..","..","..","..","..","2.6","..","0.29","..","-2.97","2.41","1.39","..","0.68","1.46","0.37","0.28","7.29","-1.8","-3.24","-2.35","-0.49","-2.67","-0.53","..","..","..","..","..","..","20","-1.82"
"Sierra Leone","","..","..","-0.08","..","..","..","..","..","..","..","..","..","..","..","..","..","..","..","..","..","..","1","1.1","..","..","..","..","..","..","..","..","..","9.01","1.69","-3.34","-3","..","-1.29","-5.4","-0.62","-0.62","-1.24","4","..","-1.14","-1.14","-1","..","8","-1","-1.85","-1.85","-3.7","1.42"
"Singapore","","..","..","..","..","..","..","..","..","..","..","..","..","..","..","..","..","..","..","..","..","..","..","..","..","..","..","..","..","..","..","..","..","..","..","..","..","..","..","..","..","..","..","..","..","..","..","..","..","..","..","..","..","..",".."
"Slovenia","","..","..","..","..","..","..","..","..","..","..","..","..","..","..","..","..","..","..","..","..","..","..","..","..","..","..","..","..","..","..","..","..","..","-6.2","-8.31","-3.59","-6.78","-6.96","-0.64","..","..","..","..","..","..","..","..","..","..","..","..","..","..",".."
"Solomon Islands","","..","..","..","..","..","..","..","..","..","..","..","..","..","..","..","..","..","..","..","..","..","..","..","..","..","..","..","..","..","..","..","..","..","..","..","..","..","..","..","..","..","..","..","..","..","..","..","..","..","..","35","-4","-31",".."
"Somalia","","..","..","-0.08","..","..","..","..","..","..","..","..","..","..","..","..","..","..","..","..","..","..","0.4","-0.1","..","..","-0.1","0.6","0.4","..","-0.04","..","..","..","..","..","..","..","..","..","..","..","..","..","..","..","..","..","..","..","..","..","..","..",".."
"South Africa","","..","..","..","..","..","..","..","..","..","..","..","..","..","..","..","..","..","..","..","..","..","..","..","..","..","..","..","..","..","..","..","..","..","..","..","..","0.44","3.62","3.35","5.86","41.59","1.22","23.28","-8.48","15.12","7.93","4","138","6","67","-29.61","-9.24","164.07","109.73"
"South Sudan","","..","..","..","..","..","..","..","..","..","..","..","..","..","..","..","..","..","..","..","..","..","..","..","..","..","..","..","..","..","..","..","..","..","..","..","..","..","..","..","..","..","..","..","..","..","..","..","..","..","..","..","..","..","2.5"
"Sri Lanka","","..","..","..","..","..","..","..","..","..","..","..","..","..","..","..","..","..","..","0.1","0.9","5.9","-0.2","9.3","6.3","4.9","1.1","-0.1","-0.8","-15.7","2.89","-2.45","-0.55","-0.5","-0.5","-0.12","-0.89","2","3.5","4.9","1.44","4.76","5.16","4.6","2.54","-4.93","6.79","-6","9","96","-59","-10","10","55","21.65"
"St. Helena","","..","..","..","..","..","..","..","..","..","..","..","..","..","..","..","..","..","..","..","..","..","..","..","..","..","..","..","..","..","..","..","..","..","..","..","..","..","..","..","..","..","..","..","..","..","..","..","..","..","..","..","..","..",".."
"St. Kitts-Nevis","","..","..","..","..","..","..","..","..","..","..","..","..","..","..","..","..","..","..","..","..","..","..","..","..","..","..","..","..","..","..","..","..","..","..","..","..","..","..","..","..","..","..","..","..","..","..","..","..","..","..","..","..","..",".."
"St. Lucia","","..","..","..","..","..","..","..","..","..","..","..","..","..","..","..","..","..","..","..","..","..","..","..","..","..","..","..","..","..","..","..","3.7","-0.19","-0.19","-0.3","-0.43","-2.6","..","..","..","..","..","..","..","..","..","..","..","15","..","-15","..","..",".."
"St.Vincent & Grenadines","","..","..","..","..","..","..","..","..","..","..","..","..","..","..","..","..","..","..","..","..","..","..","..","..","..","..","..","..","..","..","..","..","..","..","..","..","..","..","..","..","..","..","..","..","..","..","..","..","..","..","..","..","..",".."
"Sts Ex-Yugo. Unspec.","","..","..","..","..","..","..","..","..","..","1","8","0.4","8.9","12.2","17.3","12.4","47.8","-0.7","7.8","1.7","-30.1","27.1","33.9","33.7","19.8","78.1","46.1","12.6","-27","0.24","23.51","-44.96","-51.78","..","..","..","..","..","..","..","..","..","11.88","-5.14","3.77","-31.09","..","..","..","..","..","..","..",".."
"Sudan","","-0.11","..","..","..","0.7","..","..","..","..","-0.1","-0.1","..","1.5","..","-0.1","-0.2","5","2.2","9.7","7.9","1.5","0.6","0.3","0.2","..","..","..","..","..","..","0.09","..","-0.08","-0.43","..","..","..","..","..","..","..","..","..","..","-0.84","..","-1","..","..","..","..","..","..",".."
"Suriname","","..","..","..","..","..","..","..","..","..","..","..","..","..","..","..","..","..","..","..","..","..","..","..","..","..","..","..","..","..","..","..","..","..","..","..","..","..","..","..","..","..","..","..","..","..","..","..","..","..","..","..","..","..",".."
"Swaziland","","..","..","..","..","..","..","..","..","..","..","..","..","..","..","..","..","..","..","0.7","2.8","5.2","..","-0.5","-1","-1","0.2","1.3","-0.2","1","1.38","..","..","0.32","1.34","-0.23","3.1","1.27","-1.06","-1.06","-2.74","-1.07","-0.37","2.14","..","-0.31","-1.09","..","..","..","-1","-1.4","-1.38","-3.15",".."
"Syria","","..","..","-0.07","..","..","..","..","..","..","..","..","..","..","..","..","..","..","..","..","..","..","..","..","..","..","..","..","..","..","..","..","..","..","..","..","..","..","..","..","..","..","..","13.2","..","..","..","..","..","..","..","..","..","..",".."
"Tajikistan","","..","..","..","..","..","..","..","..","..","..","..","..","..","..","..","..","..","..","..","..","..","..","..","..","..","..","..","..","..","..","..","..","..","..","..","..","..","6.3","2.5","-1","-0.7","-0.5","-0.05","0.6","-0.03","5.01","2","1","6","3","1.93","4.78","4.21","-3.12"
"Tanzania","","..","2.3","0.31","..","1.3","0.1","..","..","..","..","..","..","..","..","..","..","..","..","..","..","2.6","0.4","-0.1","..","-0.1","2.3","0.6","-0.3","..","-1.32","0.08","0.95","1.42","-0.13","0.24","6.02","5.78","6.57","-1.3","0.45","1.96","-4.43","-1.51","0.15","-3.55","2.24","5","2","24","1","15.02","11.26","-3.45","33.97"
"Thailand","","..","..","..","..","0.2","..","..","..","..","12.6","8","-1.8","-4.5","-2.5","-1.5","8.5","-2.2","-0.3","-5.1","7.1","30","2.4","10.1","-3.4","-4.9","3.4","8.1","-18.9","25.4","27.88","7.5","28.35","4.29","17.6","72.02","139.37","131.89","57.53","7.67","-28.03","-40.71","-50.05","-74.33","-6.78","18.47","-31.07","-69","-46","-5","-13","-20.27","-17.74","164.94","242.73"
"Timor-Leste","","..","..","..","..","..","..","..","..","..","..","..","..","..","..","..","..","..","..","..","..","..","..","..","..","..","..","..","..","..","..","..","..","..","..","..","..","..","..","..","..","..","..","..","..","..","..","..","..","..","..","..","..","..",".."
"Togo","","..","..","-0.08","..","..","..","..","..","..","..","..","..","..","..","..","..","..","..","..","..","..","..","..","..","..","..","..","0.8","0.7","-0.04","0.34","-1.03","-0.05","-0.26","-0.38","..","..","2.01","..","..","4.5","-0.23","-0.9","-0.9","-0.9","-0.9","-1","..","..","1","8.79","-0.87","21.8","10.39"
"Tonga","","..","..","..","..","..","..","..","..","..","..","..","..","..","..","..","..","..","..","..","..","..","..","..","..","..","..","..","..","..","..","..","..","..","..","..","..","..","..","..","..","..","..","..","..","..","..","..","..","7","..","-0.34","..","..",".."
"Trinidad & Tobago","","..","..","..","..","..","..","..","..","..","..","..","..","..","..","..","..","..","..","1","1.4","-0.1","-0.4","-0.4","-0.4","-0.4","-0.4","96.7","41.1","19.6","-2.53","-3.19","-3.19","-3.19","-3.19","-3.19","-1.59","21.92","..","-8.67","-3.43","17.57","16.38","-24.23","68","-2.01","3.92","47","-11","-10","-11","-11.33","..","..",".."
"Tunisia","","..","..","-0.13","1.3","2.2","..","0.3","-0.3","..","0.6","0.3","-0.2","-0.3","1.4","1.9","0.9","2.6","4.9","0.3","0.1","-1.1","-1","-1.4","-1.4","-1.2","-0.7","2.8","0.9","6.5","-2","2.24","2.81","3.42","9.43","1.44","-1.6","-15.6","-0.94","-0.63","-0.63","-0.31","..","..","..","50.45","..","..","..","92","44","-11.37","-12.99","-6.15","-13.39"
"Turkey","","..","..","..","0.9","..","..","0.9","0.7","..","2.1","1.8","9.8","9","12.1","4.5","47.2","38.2","-0.6","-11.2","-0.5","2.8","-17.1","-5.3","-10","-4.1","-4.3","18","4.5","58.2","50.01","113.97","39.93","60.39","8.4","21.68","-4.83","47","44.74","83.09","58.85","-42.48","30.03","20.23","41.48","113.82","-7.53","58","171","76","123","386.13","266.07","89.92","281.09"
"Turkmenistan","","..","..","..","..","..","..","..","..","..","..","..","..","..","..","..","..","..","..","..","..","..","..","..","..","..","..","..","..","..","..","..","..","..","..","..","..","..","..","..","..","..","..","..","..","..","..","..","..","..","..","..","..","..",".."
"Turks & Caicos Islands","","..","..","..","..","..","..","..","..","..","..","..","..","..","..","..","..","..","..","..","..","..","..","..","..","..","..","..","..","..","..","..","..","..","..","..","..","..","..","..","..","..","..","..","..","..","..","..","..","..","..","..","..","..",".."
"Uganda","","..","..","..","-0.2","..","2.1","1","0.1","..","-0.3","-0.2","..","..","..","..","..","..","..","..","..","..","..","..","..","..","4","1.3","3.3","2.8","..","..","..","-0.39","0.3","1.1","2.16","2.89","..","9.52","5.19","-2.42","-5.32","-12.03","-4.59","-3.21","4.5","3","8","59","38","32.53","25.68","29.07","-15.18"
"Ukraine","","..","..","..","..","..","..","..","..","..","..","..","..","..","..","..","..","..","..","..","..","..","..","..","..","..","..","..","..","..","..","..","..","..","..","..","..","..","..","..","..","..","..","..","..","..","118.79","130","45","181","-2","14.04","-23.17","13.28","13.59"
"Uruguay","","..","..","..","..","..","..","..","..","..","..","..","..","..","..","..","..","..","..","0.9","3.5","3.9","4.6","1.5","4.9","-0.1","-1.3","1","0.1","12.9","-0.31","3.26","0.43","4.06","1.92","1.4","3.75","4.48","0.09","-2.35","-4.07","-1.85","8.96","3.1","23.28","0.93","-5.45","-1","69","-4","11","-75.71","12.43","-8.4","18.83"
"Uzbekistan","","..","..","..","..","..","..","..","..","..","..","..","..","..","..","..","..","..","..","..","..","..","..","..","..","..","..","..","..","..","..","..","..","..","..","..","..","..","..","3.35","1.47","1.12","5.34","4.12","2.7","-3.39","1.02","-7","-3","-2","2","0.26","-1.71","-1.98","-1.6"
"Vanuatu","","..","..","..","..","..","..","..","..","..","..","..","..","..","..","..","..","..","..","..","..","..","..","..","..","..","..","..","..","..","..","..","..","..","..","..","..","5.48","..","-0.32","-0.66","-0.65","-1.13","-0.83","-0.59","..","..","..","..","9","..","-0.45","..","..",".."
"Venezuela","","3.03","0.2","-0.2","..","-0.9","0.6","..","..","..","2.8","2.5","4.1","-9.9","..","0.2","..","..","0.4","..","..","..","..","..","..","..","..","..","..","21.5","62.05","19.56","32.88","2.41","34.24","16.16","-15.63","24.09","-9.25","48.2","23.49","51.63","-7.45","-16.63","54.25","-99.86","-136.24","-11","-11","24","19","-2.78","-2.97","-3.19","-3.41"
"Vietnam","","..","..","..","..","..","..","..","-0.17","..","..","..","..","..","..","..","..","..","..","..","..","..","..","..","..","..","..","..","..","..","..","..","..","..","..","4.76","15.84","20.2","56.63","4.13","-6.39","6.47","-15.26","-0.99","-10.32","-18.3","-7.52","10","39","-4","60","124.94","42.11","56.62","-51.8"
"Virgin Islands (UK)","","..","..","..","..","..","..","..","..","..","..","..","..","..","..","..","..","..","..","..","..","..","..","..","..","..","..","..","..","..","..","..","..","..","..","..","..","..","..","..","..","..","..","..","..","..","..","..","..","..","..","..","..","..",".."
"Wallis & Futuna","","..","..","..","..","..","..","..","..","..","..","..","..","..","..","..","..","..","..","..","..","..","..","..","..","..","..","..","..","..","..","..","..","..","..","..","..","..","..","..","..","..","..","..","..","..","..","..","..","..","..","..","..","..",".."
"West Bank & Gaza Strip","","..","..","..","..","..","..","..","..","..","..","..","..","..","..","..","..","..","..","..","..","..","..","..","..","..","..","..","..","..","..","..","..","..","..","..","..","..","0.95","2.25","7.5","6.18","-1.6","-0.47","..","-0.65","-0.23","..","..","..","15","13.82","-2.92","4.48","-0.75"
"Yemen","","..","..","..","..","..","..","..","..","..","..","..","..","..","..","..","..","..","..","..","2.4","..","..","..","-0.9","-0.5","11.1","5.8","0.4","-3.6","-3.3","..","-1.38","-1.48","..","..","..","..","..","3.8","..","7.68","-3.2","-0.63","0.88","-0.1","-1.18","-2","19","33","19","14.07","-4.81","-4.11","-5.84"
"Zambia","","..","..","..","..","..","-0.3","..","..","..","..","..","..","0.7","0.4","1","-0.3","0.3","0.4","-0.5","4.9","8","12.5","7.8","-5.6","22","-4","0.6","4.2","5","-1.94","-0.84","-6.62","29.62","-5.92","-5.66","-2.58","-0.06","3.06","1.75","1.85","6.44","19.46","-19.57","-2.43","-3.46","-3.19","6","2","5","-1","-1.19","19.62","27.48","-6.85"
"Zimbabwe","","..","..","..","..","..","..","..","..","..","..","..","..","..","..","..","..","..","..","..","..","..","8.4","6.8","3.8","1.3","-3.1","-1.1","-3.5","-1.8","6.19","71.43","30.21","-7.51","9.89","-8.72","-22.8","-33.48","-27.69","-8.81","9.9","2.85","-5.31","-8.31","-6.65","-7.57","-5.48","-3","..","..","-1","-0.43","..","-0.55","-0.32"
"North of Sahara, regional","","..","..","..","..","..","..","..","..","..","..","..","..","..","..","..","..","..","..","..","..","..","..","..","..","..","..","..","..","..","..","..","..","..","..","..","..","..","..","..","3.75","..","..","..","..","..","25","..","..","..","..","..","..","..",".."
"South of Sahara, regional","","..","..","..","..","..","..","..","0.01","..","..","..","..","..","..","..","..","..","..","..","..","..","..","..","..","..","..","..","..","..","..","..","..","..","..","..","..","..","..","..","..","..","..","..","..","..","..","..","..","9","-1","..","..","..",".."
"Africa, regional","","..","..","..","..","..","..","..","..","..","..","..","0.5","..","..","..","0.1","..","..","..","..","..","..","..","..","..","2.3","..","..","..","..","..","..","..","..","..","..","..","..","..","3.75","..","..","..","..","-3.75","..","..","20","102","129","31.6","-142.38","-7.3","24.98"
"N. & C. America, regional","","..","..","..","..","..","..","..","..","..","..","..","..","..","..","..","..","..","..","..","..","..","..","..","..","..","-0.1","..","..","..","..","..","..","..","..","..","..","..","..","..","..","..","..","30","-19.89","3.8","-13.91","..","20","42","1","..","4.05","-9.93","-0.93"
"South America, regional","","..","..","..","..","..","..","0.5","..","..","..","..","..","..","..","..","..","..","..","..","..","..","..","..","..","..","..","..","..","..","..","..","..","..","..","..","..","..","..","15","..","..","32","20","22.65","-8.86","..","11","10","-4","-6","29.55","-6.03","2.82","4.22"
"America, regional","","..","..","..","..","..","..","..","..","..","..","5.9","4.1","..","..","-0.4","-0.9","-0.9","-0.9","-0.9","-0.9","..","-0.5","-1","-1.1","..","..","..","..","..","..","..","..","..","..","..","..","..","..","..","..","..","..","..","..","..","-7.95","..","..","..","..","25.12","-31.98","15.22","7.16"
"Middle East, regional","","..","..","..","..","..","..","..","..","..","..","..","..","..","..","..","..","..","..","..","..","..","..","..","..","..","..","..","..","..","..","..","..","..","..","..","..","..","..","..","..","..","..","..","-7.96","..","..","225","-20","-3","62","95.38","-5.43","-75.16","88.36"
"South Asia, regional","","..","..","..","..","..","..","..","..","..","..","..","..","..","..","..","..","..","..","..","..","..","..","..","..","..","..","..","..","..","..","..","..","..","..","..","..","..","..","..","..","..","..","..","..","..","..","23","-11","75","-88","..","..","..","47.05"
"South & C.Asia, regional","","..","..","..","..","..","..","..","..","..","..","..","..","..","..","..","..","..","..","..","..","..","..","..","..","..","..","..","..","..","..","..","..","..","..","..","..","..","..","..","..","..","..","..","..","..","..","..","..","..","..","..","..","..","-9.38"
"Far East Asia, regional","","..","..","..","..","..","..","..","..","..","..","..","..","..","..","..","..","..","..","..","..","..","..","..","..","..","..","..","..","..","..","..","..","..","..","..","..","4","-17","..","..","..","..","10.69","-17.14","-8.82","7.48","-10","..","..","..","8.51","38.05","29.83","-4.46"
"Asia, regional","","..","..","..","..","..","..","..","..","..","..","..","..","..","..","..","..","..","..","..","..","..","..","..","..","0.7","..","..","..","..","..","..","..","..","..","..","13","..","..","..","..","..","17.46","..","..","..","..","..","..","..","..","..","..","..",".."
"Europe, regional","","-1.11","..","3","0.6","0.3","1.3","4","-1.4","..","-0.8","4.7","1.8","-0.8","-0.9","-0.9","3","1.4","13.9","11.2","-0.1","10.7","-5.5","2.7","-1.9","1.3","-1.5","11","-6.9","-12.7","0.19","5.42","..","..","-2.15","-2.39","-2.69","-2.01","-1.16","-0.93","2.56","3","4.99","-1.25","..","..","-0.27","26","35","26","-35","31.69","9.73","-71.99","58.98"
"Oceania, regional","","..","..","..","..","..","..","..","..","..","..","..","..","..","..","..","..","..","..","..","..","..","..","..","..","..","..","..","..","..","..","..","..","..","..","..","..","..","..","..","..","..","..","..","..","..","..","..","..","..","..","..","..","..",".."
"West Indies, regional","","..","..","..","..","..","..","..","..","..","..","..","..","..","..","..","..","..","..","..","..","..","..","..","..","..","..","..","..","..","..","..","..","..","..","..","..","..","..","..","..","..","..","..","..","..","..","..","..","..","..","..","..","..",".."
"Developing Countries, Unspecified","","..","..","..","..","..","..","..","..","..","..","..","..","..","..","..","..","..","..","..","..","..","..","..","-2.2","..","..","8.7","10.2","..","23.92","..","..","..","..","..","..","..","..","..","..","..","1","..","..","143.01","46.5","25","12","120","163","262.55","-105.95","515.86","317.94"
"MADCT Unallocated","","..","..","..","..","..","..","..","..","..","..","..","..","..","..","..","..","..","..","..","..","..","..","..","..","..","..","..","..","..","..","..","..","..","..","..","..","..","..","..","..","..","..","..","..","..","..","..","..","..","..","..","..","..",".."
"AfDB (African Dev.Bank)","","..","..","..","..","..","..","..","..","..","..","..","..","..","..","..","..","..","..","..","..","..","..","..","..","..","..","..","..","..","..","..","..","..","..","..","..","..","..","..","..","..","..","..","..","..","..","..","..","..","..","..","..","..",".."
"AsDB (Asian Dev.Bank)","","..","..","..","..","..","..","..","..","..","..","..","..","..","..","..","..","..","..","..","..","..","..","..","..","..","..","..","..","..","..","..","..","..","..","..","..","..","..","..","..","..","..","..","..","..","..","..","..","..","..","..","..","..",".."
"CABEI","","..","..","..","..","..","..","..","..","..","..","..","..","..","..","..","..","..","..","..","..","..","..","..","..","..","..","..","..","..","..","..","..","..","..","..","..","..","..","..","..","..","..","..","..","..","..","..","..","..","..","..","..","..",".."
"IBRD","","..","..","..","..","..","..","..","..","..","..","..","..","..","..","..","..","..","..","..","..","..","..","..","..","..","..","..","..","..","..","..","..","..","..","..","..","..","..","..","..","..","..","..","..","..","..","..","..","..","..","..","..","..",".."
"IDB","","..","..","..","..","..","..","..","..","..","..","..","..","..","..","..","..","..","..","..","..","..","..","..","..","..","..","..","..","..","..","..","..","..","..","..","..","..","..","..","..","..","..","..","..","..","..","..","..","..","..","..","..","..",".."
"Other UN","","..","..","..","..","..","..","..","..","..","..","..","..","..","..","..","..","..","..","..","..","..","..","..","..","..","..","..","..","..","..","..","..","..","..","..","..","..","..","..","..","..","..","..","..","..","..","..","..","..","..","..","..","..",".."
"Other World Bank (AMCs)","","..","..","..","..","..","..","..","..","..","..","..","..","..","..","..","..","..","..","..","..","..","..","..","..","..","..","..","..","..","..","..","..","..","..","..","..","..","..","..","..","..","..","..","..","..","..","..","..","..","..","..","..","..",".."
"Other Regional Banks","","..","..","..","..","..","..","..","..","..","..","..","..","..","..","..","..","..","..","..","..","..","..","..","..","..","..","..","..","..","..","..","..","..","..","..","..","..","..","..","..","..","..","..","..","..","..","..","..","..","..","..","..","..",".."
"Other Multilateral","","..","..","..","..","..","..","..","..","..","..","..","..","..","..","..","..","..","..","..","..","..","..","..","..","..","..","..","..","..","..","..","..","..","..","..","..","..","..","..","..","..","..","..","..","..","..","..","..","..","..","..","..","..",".."
